,time,open,high,low,close,volume
0,2016-12-29,16.21,16.21,16.21,16.21,2000
1,2016-12-30,18.62,18.62,18.62,18.62,500
2,2017-01-03,18.62,18.62,18.62,18.62,0
3,2017-01-04,21.33,21.33,21.33,21.33,100
4,2017-01-05,24.51,24.51,24.51,24.51,200
5,2017-01-06,28.18,28.18,28.18,28.18,600
6,2017-01-09,32.33,32.33,32.33,32.33,300
7,2017-01-10,37.15,37.15,32.33,37.15,6700
8,2017-01-11,34.26,34.26,31.17,32.33,800
9,2017-01-12,27.41,27.41,27.41,27.41,1400
10,2017-01-13,23.35,23.35,23.35,23.35,1800
11,2017-01-16,19.88,19.88,19.88,19.88,1200
12,2017-01-17,17.08,19.88,16.98,19.88,3900
13,2017-01-18,19.88,19.88,19.88,19.88,0
14,2017-01-19,19.59,19.59,14.67,19.59,1000
15,2017-01-20,19.11,19.11,19.11,19.11,100
16,2017-01-23,19.11,19.11,19.11,19.11,1700
17,2017-01-24,21.91,21.91,21.91,21.91,100
18,2017-01-25,25.19,25.19,25.09,25.09,600
19,2017-02-02,25.09,25.09,21.71,21.71,600
20,2017-02-03,21.71,21.81,21.71,21.81,500
21,2017-02-06,24.9,24.9,24.9,24.9,100
22,2017-02-07,24.32,24.32,24.32,24.32,300
23,2017-02-08,22.68,23.16,22.2,22.2,300
24,2017-02-09,24.13,24.13,23.84,23.93,1200
25,2017-02-10,22.2,22.2,21.23,21.23,200
26,2017-02-13,21.23,21.23,21.23,21.23,0
27,2017-02-14,24.9,24.9,22.68,23.16,800
28,2017-02-15,22.68,22.68,21.81,21.81,400
29,2017-02-16,21.23,22.2,21.23,22.2,300
30,2017-02-17,22.2,22.2,22.2,22.2,0
31,2017-02-20,21.52,21.71,21.23,21.23,1455
32,2017-02-21,19.3,21.52,19.3,21.23,5668
33,2017-02-22,22.68,22.68,20.75,22.2,6700
34,2017-02-23,23.16,23.16,22.2,22.2,716
35,2017-02-24,22.2,22.2,22.1,22.1,310
36,2017-02-27,22.1,22.2,22.1,22.2,2000
37,2017-02-28,22.2,23.16,22.0,22.2,2602
38,2017-03-01,22.68,23.16,22.2,22.48,3600
39,2017-03-02,22.68,23.16,22.68,23.16,2279
40,2017-03-03,22.87,22.87,22.77,22.87,407
41,2017-03-06,22.97,22.97,22.97,22.97,100
42,2017-03-07,22.97,23.06,22.97,23.06,500
43,2017-03-08,23.16,23.16,23.16,23.16,100
44,2017-03-09,23.16,23.16,22.87,22.87,800
45,2017-03-10,23.16,23.16,23.16,23.16,100
46,2017-03-13,23.16,23.16,23.16,23.16,0
47,2017-03-14,23.16,23.16,23.16,23.16,0
48,2017-03-15,23.16,23.16,23.16,23.16,0
49,2017-03-16,23.16,23.16,23.16,23.16,0
50,2017-03-17,23.16,23.16,23.16,23.16,0
51,2017-03-20,23.16,23.16,23.06,23.06,200
52,2017-03-21,23.16,23.16,23.16,23.16,200
53,2017-03-22,23.16,23.16,23.16,23.16,0
54,2017-03-23,23.26,23.26,23.26,23.26,100
55,2017-03-24,23.16,23.16,23.16,23.16,100
56,2017-03-27,23.16,23.16,22.87,22.87,910
57,2017-03-28,23.16,23.16,22.97,22.97,300
58,2017-03-29,23.06,23.06,22.48,22.48,900
59,2017-03-30,22.87,22.87,22.77,22.77,200
60,2017-03-31,22.87,22.87,22.87,22.87,0
61,2017-04-03,22.97,22.97,22.87,22.87,200
62,2017-04-04,22.97,22.97,22.77,22.77,300
63,2017-04-05,22.77,22.77,22.77,22.77,100
64,2017-04-07,22.77,22.77,22.77,22.77,100
65,2017-04-10,22.77,22.77,22.77,22.77,0
66,2017-04-11,22.68,22.68,22.68,22.68,100
67,2017-04-12,22.68,23.16,22.68,23.16,500
68,2017-04-13,22.87,22.87,22.87,22.87,100
69,2017-04-14,22.87,22.87,22.87,22.87,0
70,2017-04-17,22.87,22.87,22.87,22.87,0
71,2017-04-18,22.97,22.97,22.97,22.97,100
72,2017-04-19,22.97,22.97,22.97,22.97,100
73,2017-04-20,22.97,22.97,22.97,22.97,100
74,2017-04-21,22.97,22.97,22.97,22.97,100
75,2017-04-24,22.97,22.97,22.97,22.97,100
76,2017-04-25,22.97,22.97,22.97,22.97,100
77,2017-04-26,22.97,22.97,22.97,22.97,100
78,2017-04-27,22.97,22.97,22.97,22.97,0
79,2017-04-28,22.97,22.97,22.97,22.97,100
80,2017-05-03,22.97,22.97,22.97,22.97,0
81,2017-05-04,22.97,22.97,22.97,22.97,100
82,2017-05-05,22.97,22.97,22.97,22.97,100
83,2017-05-08,22.97,22.97,22.97,22.97,100
84,2017-05-09,22.97,22.97,22.97,22.97,100
85,2017-05-10,22.97,22.97,22.97,22.97,0
86,2017-05-11,22.97,22.97,22.97,22.97,100
87,2017-05-12,22.97,22.97,22.97,22.97,100
88,2017-05-15,22.97,22.97,22.97,22.97,0
89,2017-05-16,22.97,22.97,22.97,22.97,100
90,2017-05-17,22.97,22.97,22.97,22.97,100
91,2017-05-18,22.97,22.97,22.97,22.97,0
92,2017-05-19,22.97,22.97,22.97,22.97,2
93,2017-05-22,22.97,22.97,22.97,22.97,0
94,2017-05-23,22.97,22.97,22.97,22.97,0
95,2017-05-24,22.97,22.97,22.97,22.97,0
96,2017-05-25,22.97,22.97,22.97,22.97,0
97,2017-05-26,22.97,22.97,22.97,22.97,0
98,2017-05-29,22.97,22.97,22.97,22.97,0
99,2017-05-30,22.97,22.97,22.97,22.97,0
100,2017-05-31,22.97,22.97,22.2,22.97,100
101,2017-06-01,22.97,22.97,22.97,22.97,0
102,2017-06-02,22.97,22.97,22.97,22.97,0
103,2017-06-05,22.97,22.97,22.97,22.97,0
104,2017-06-06,22.97,22.97,22.97,22.97,0
105,2017-06-07,22.97,22.97,22.97,22.97,0
106,2017-06-08,22.97,22.97,22.97,22.97,0
107,2017-06-09,22.97,22.97,22.97,22.97,0
108,2017-06-12,22.97,22.97,22.97,22.97,0
109,2017-06-13,22.97,22.97,22.97,22.97,0
110,2017-06-14,22.97,22.97,22.97,22.97,0
111,2017-06-15,22.97,22.97,22.97,22.97,0
112,2017-06-16,22.97,22.97,22.97,22.97,100
113,2017-06-19,22.97,22.97,22.97,22.97,0
114,2017-06-20,22.97,22.97,22.97,22.97,0
115,2017-06-21,22.97,22.97,22.97,22.97,0
116,2017-06-22,22.97,22.97,22.97,22.97,0
117,2017-06-23,23.16,23.16,23.16,23.16,100
118,2017-06-26,23.16,23.16,23.16,23.16,0
119,2017-06-27,23.16,23.16,23.16,23.16,0
120,2017-06-28,23.16,23.16,23.16,23.16,0
121,2017-06-29,22.38,23.16,22.38,23.16,500
122,2017-06-30,23.16,23.16,23.16,23.16,100
123,2017-07-03,23.16,23.16,23.16,23.16,0
124,2017-07-04,22.38,22.38,22.38,22.38,800
125,2017-07-05,22.38,22.38,22.38,22.38,0
126,2017-07-06,23.16,23.16,23.16,23.16,100
127,2017-07-07,23.16,23.16,23.16,23.16,0
128,2017-07-10,23.16,23.16,23.16,23.16,0
129,2017-07-11,23.16,23.16,23.16,23.16,0
130,2017-07-12,23.16,23.16,23.16,23.16,0
131,2017-07-13,23.16,23.16,23.16,23.16,0
132,2017-07-14,23.16,23.16,23.16,23.16,0
133,2017-07-17,23.16,23.16,23.16,23.16,0
134,2017-07-18,23.16,23.16,23.16,23.16,0
135,2017-07-19,23.16,23.16,23.16,23.16,0
136,2017-07-20,23.16,23.16,23.16,23.16,0
137,2017-07-21,23.16,23.16,23.16,23.16,0
138,2017-07-24,23.16,23.16,23.16,23.16,0
139,2017-07-25,23.16,23.16,23.16,23.16,0
140,2017-07-26,23.16,23.16,23.16,23.16,0
141,2017-07-27,23.16,23.16,23.16,23.16,0
142,2017-07-28,23.16,23.16,23.16,23.16,0
143,2017-07-31,23.16,23.16,23.16,23.16,0
144,2017-08-01,23.16,23.16,23.16,23.16,0
145,2017-08-02,23.16,23.16,23.16,23.16,0
146,2017-08-03,23.16,23.16,23.16,23.16,0
147,2017-08-04,23.16,23.16,23.16,23.16,0
148,2017-08-07,23.16,23.16,23.16,23.16,0
149,2017-08-08,23.16,23.16,23.16,23.16,0
150,2017-08-09,23.16,23.16,23.16,23.16,0
151,2017-08-10,23.16,23.16,23.16,23.16,0
152,2017-08-11,23.16,23.16,23.16,23.16,0
153,2017-08-14,23.16,23.16,23.16,23.16,0
154,2017-08-15,23.16,23.16,23.16,23.16,0
155,2017-08-16,23.16,23.16,23.16,23.16,0
156,2017-08-17,23.26,23.26,23.16,23.16,200
157,2017-08-18,23.26,23.26,23.26,23.26,0
158,2017-08-21,23.26,23.26,23.26,23.26,0
159,2017-08-22,23.26,23.26,23.26,23.26,0
160,2017-08-23,23.26,23.26,23.26,23.26,0
161,2017-08-24,23.26,23.26,23.26,23.26,0
162,2017-08-25,23.26,23.26,23.26,23.26,0
163,2017-08-28,23.26,23.26,23.26,23.26,0
164,2017-08-29,23.26,23.26,23.26,23.26,0
165,2017-08-30,23.26,23.26,23.26,23.26,0
166,2017-08-31,23.26,23.26,23.26,23.26,0
167,2017-09-01,24.33,24.33,24.33,24.33,18400
168,2017-09-05,24.33,24.33,24.33,24.33,0
169,2017-09-06,24.33,24.33,24.33,24.33,0
170,2017-09-07,24.33,24.33,24.33,24.33,0
171,2017-09-08,24.33,24.33,24.33,24.33,0
172,2017-09-11,24.33,24.33,24.33,24.33,0
173,2017-09-12,24.33,24.33,24.33,24.33,0
174,2017-09-13,24.33,24.33,24.33,24.33,0
175,2017-09-14,24.33,24.33,24.33,24.33,0
176,2017-09-15,24.33,24.33,24.33,24.33,0
177,2017-09-18,24.33,24.33,24.33,24.33,0
178,2017-09-19,24.33,24.33,24.33,24.33,0
179,2017-09-20,24.33,24.33,24.33,24.33,0
180,2017-09-21,24.33,24.33,24.33,24.33,0
181,2017-09-22,24.33,24.33,24.33,24.33,0
182,2017-09-25,24.33,24.33,24.33,24.33,0
183,2017-09-26,24.33,24.33,24.33,24.33,0
184,2017-09-27,24.33,24.33,24.33,24.33,0
185,2017-09-28,24.33,24.33,24.33,24.33,0
186,2017-09-29,24.33,24.33,24.33,24.33,0
187,2017-10-02,24.33,24.33,24.33,24.33,0
188,2017-10-03,24.33,24.33,24.33,24.33,550
189,2017-10-04,24.33,24.33,24.33,24.33,0
190,2017-10-05,24.33,24.33,24.33,24.33,0
191,2017-10-06,24.33,24.33,24.33,24.33,0
192,2017-10-09,24.33,24.33,24.33,24.33,0
193,2017-10-10,24.33,24.33,24.33,24.33,0
194,2017-10-11,24.33,24.33,24.33,24.33,0
195,2017-10-12,24.33,24.33,24.33,24.33,0
196,2017-10-13,24.33,24.33,24.33,24.33,0
197,2017-10-16,24.33,24.33,24.33,24.33,0
198,2017-10-17,24.33,24.33,24.33,24.33,0
199,2017-10-18,24.33,24.33,24.33,24.33,0
200,2017-10-19,24.33,24.33,24.33,24.33,0
201,2017-10-20,24.33,24.33,24.33,24.33,0
202,2017-10-23,24.33,24.33,24.33,24.33,0
203,2017-10-24,24.33,24.33,24.33,24.33,0
204,2017-10-25,24.33,24.33,24.33,24.33,0
205,2017-10-26,24.33,24.33,24.33,24.33,0
206,2017-10-27,24.33,24.33,24.33,24.33,0
207,2017-10-30,24.33,24.33,24.33,24.33,0
208,2017-10-31,24.33,24.33,24.33,24.33,0
209,2017-11-01,24.33,24.33,24.33,24.33,0
210,2017-11-02,24.33,24.33,24.33,24.33,0
211,2017-11-03,24.33,24.33,24.33,24.33,0
212,2017-11-06,24.33,24.33,24.33,24.33,0
213,2017-11-07,24.33,24.33,24.33,24.33,0
214,2017-11-08,24.33,24.33,24.33,24.33,0
215,2017-11-09,24.33,24.33,24.33,24.33,0
216,2017-11-10,24.33,24.33,24.33,24.33,0
217,2017-11-13,24.33,24.33,24.33,24.33,0
218,2017-11-14,24.33,24.33,24.33,24.33,0
219,2017-11-15,24.33,24.33,24.33,24.33,0
220,2017-11-16,24.33,24.33,24.33,24.33,0
221,2017-11-17,24.33,24.33,24.33,24.33,0
222,2017-11-20,24.33,24.33,24.33,24.33,0
223,2017-11-21,24.33,24.33,24.33,24.33,0
224,2017-11-22,24.33,24.33,24.33,24.33,0
225,2017-11-23,24.33,24.33,24.33,24.33,0
226,2017-11-24,24.33,24.33,24.33,24.33,0
227,2017-11-27,24.33,24.33,24.33,24.33,0
228,2017-11-28,24.33,24.33,24.33,24.33,0
229,2017-11-29,24.33,24.33,24.33,24.33,0
230,2017-11-30,24.33,24.33,24.33,24.33,0
231,2017-12-01,24.33,24.33,24.33,24.33,0
232,2017-12-04,24.33,24.33,24.33,24.33,0
233,2017-12-05,24.33,24.33,24.33,24.33,0
234,2017-12-06,24.33,24.33,24.33,24.33,0
235,2017-12-07,24.33,24.33,24.33,24.33,0
236,2017-12-08,24.33,24.33,24.33,24.33,0
237,2017-12-11,24.33,24.33,24.33,24.33,0
238,2017-12-12,24.33,24.33,24.33,24.33,0
239,2017-12-13,24.33,24.33,24.33,24.33,0
240,2017-12-14,24.33,24.33,24.33,24.33,0
241,2017-12-15,24.33,24.33,24.33,24.33,0
242,2017-12-18,24.33,24.33,24.33,24.33,0
243,2017-12-19,24.33,24.33,24.33,24.33,0
244,2017-12-20,24.33,24.33,24.33,24.33,0
245,2017-12-21,24.33,24.33,24.33,24.33,0
246,2017-12-22,24.33,24.33,24.33,24.33,0
247,2017-12-25,24.33,24.33,24.33,24.33,0
248,2017-12-26,24.33,24.33,24.33,24.33,0
249,2017-12-27,24.33,24.33,24.33,24.33,0
250,2017-12-28,24.33,24.33,24.33,24.33,0
251,2017-12-29,20.44,20.44,20.44,20.44,14000
252,2018-01-02,20.44,20.44,20.44,20.44,0
253,2018-01-03,20.44,20.44,20.44,20.44,0
254,2018-01-04,20.44,20.44,20.44,20.44,0
255,2018-01-05,20.44,20.44,20.44,20.44,0
256,2018-01-08,20.44,20.44,20.44,20.44,0
257,2018-01-09,19.46,19.46,19.46,19.46,800
258,2018-01-10,19.46,19.46,19.46,19.46,4
259,2018-01-11,19.46,19.46,19.46,19.46,0
260,2018-01-12,19.46,19.46,19.46,19.46,0
261,2018-01-15,19.46,19.46,19.46,19.46,0
262,2018-01-16,19.46,19.46,19.46,19.46,0
263,2018-01-17,19.46,19.46,19.46,19.46,0
264,2018-01-18,19.46,19.46,19.46,19.46,0
265,2018-01-19,19.46,19.46,19.46,19.46,0
266,2018-01-22,19.46,19.46,19.46,19.46,0
267,2018-01-23,19.46,19.46,19.46,19.46,0
268,2018-01-24,19.46,19.46,19.46,19.46,0
269,2018-01-25,19.46,19.46,19.46,19.46,0
270,2018-01-26,19.46,19.46,19.46,19.46,0
271,2018-01-29,19.46,19.46,19.46,19.46,0
272,2018-01-30,19.46,19.46,19.46,19.46,0
273,2018-01-31,19.46,19.46,19.46,19.46,0
274,2018-02-01,19.46,19.46,19.46,19.46,0
275,2018-02-02,19.46,19.46,19.46,19.46,2
276,2018-02-05,19.46,19.46,19.46,19.46,0
277,2018-02-06,19.46,19.46,19.46,19.46,0
278,2018-02-07,19.46,19.46,19.46,19.46,0
279,2018-02-08,19.46,19.46,19.46,19.46,0
280,2018-02-09,19.46,19.46,19.46,19.46,0
281,2018-02-12,19.46,19.46,19.46,19.46,0
282,2018-02-13,19.46,19.46,19.46,19.46,0
283,2018-02-21,19.46,19.46,19.46,19.46,0
284,2018-02-22,19.46,19.46,19.46,19.46,0
285,2018-02-23,19.46,19.46,19.46,19.46,0
286,2018-02-26,19.46,19.46,19.46,19.46,0
287,2018-02-27,19.46,19.46,19.46,19.46,0
288,2018-02-28,20.44,20.44,20.44,20.44,1000
289,2018-03-01,20.44,20.44,20.44,20.44,1
290,2018-03-02,20.44,20.44,20.44,20.44,0
291,2018-03-05,20.44,20.44,20.44,20.44,0
292,2018-03-06,20.44,20.44,20.44,20.44,0
293,2018-03-07,22.38,22.38,22.38,22.38,800
294,2018-03-08,22.38,22.38,22.38,22.38,0
295,2018-03-09,22.38,22.38,22.38,22.38,0
296,2018-03-12,22.38,22.38,22.38,22.38,0
297,2018-03-13,22.38,22.38,22.38,22.38,0
298,2018-03-14,25.69,25.69,25.69,25.69,100
299,2018-03-15,25.69,25.69,25.69,25.69,0
300,2018-03-16,21.9,21.9,21.9,21.9,600
301,2018-03-19,21.9,21.9,21.9,21.9,0
302,2018-03-20,24.33,24.33,24.33,24.33,2900
303,2018-03-21,24.33,24.33,24.33,24.33,0
304,2018-03-22,24.33,24.33,24.33,24.33,0
305,2018-03-23,24.33,24.33,24.33,24.33,0
306,2018-03-26,24.33,24.33,24.33,24.33,0
307,2018-03-27,24.33,24.33,24.33,24.33,0
308,2018-03-28,24.33,24.33,24.33,24.33,0
309,2018-03-29,24.33,24.33,24.33,24.33,0
310,2018-03-30,24.33,24.33,24.33,24.33,0
311,2018-04-02,24.33,24.33,24.33,24.33,0
312,2018-04-03,24.33,24.33,24.33,24.33,0
313,2018-04-04,24.33,24.33,24.33,24.33,0
314,2018-04-05,24.33,24.33,24.33,24.33,0
315,2018-04-06,24.33,24.33,24.33,24.33,200
316,2018-04-09,24.33,24.33,24.33,24.33,0
317,2018-04-10,20.73,20.73,20.73,20.73,200
318,2018-04-11,17.71,17.71,17.71,17.71,200
319,2018-04-12,17.71,17.71,17.71,17.71,0
320,2018-04-13,17.71,17.71,17.71,17.71,0
321,2018-04-16,17.71,17.71,17.71,17.71,0
322,2018-04-17,17.71,17.71,17.71,17.71,0
323,2018-04-18,17.71,17.71,17.71,17.71,0
324,2018-04-19,15.08,15.08,15.08,15.08,1700
325,2018-04-20,17.32,17.32,17.32,17.32,100
326,2018-04-23,19.46,19.46,19.46,19.46,100
327,2018-04-24,21.41,21.41,21.41,21.41,100
328,2018-04-26,23.36,23.36,23.36,23.36,100
329,2018-04-27,23.36,23.36,23.36,23.36,0
330,2018-05-02,23.36,23.36,23.36,23.36,0
331,2018-05-03,23.36,23.36,23.36,23.36,0
332,2018-05-04,24.33,24.33,24.33,24.33,100
333,2018-05-07,24.33,24.33,24.33,24.33,0
334,2018-05-08,24.33,24.33,24.33,24.33,0
335,2018-05-09,24.33,24.33,24.33,24.33,0
336,2018-05-10,24.33,24.33,24.33,24.33,0
337,2018-05-11,24.33,24.33,24.33,24.33,0
338,2018-05-14,24.33,24.33,24.33,24.33,0
339,2018-05-15,24.33,24.33,24.33,24.33,0
340,2018-05-16,24.33,24.33,24.33,24.33,0
341,2018-05-17,24.33,24.33,24.33,24.33,0
342,2018-05-18,24.33,24.33,24.33,24.33,0
343,2018-05-21,24.33,24.33,24.33,24.33,0
344,2018-05-22,24.33,24.33,24.33,24.33,0
345,2018-05-23,24.33,24.33,24.33,24.33,0
346,2018-05-24,24.33,24.33,24.33,24.33,0
347,2018-05-25,24.33,24.33,24.33,24.33,0
348,2018-05-28,24.33,24.33,24.33,24.33,0
349,2018-05-29,24.33,24.33,24.33,24.33,0
350,2018-05-30,24.33,24.33,24.33,24.33,0
351,2018-05-31,24.33,24.33,24.33,24.33,0
352,2018-06-01,24.33,24.33,24.33,24.33,0
353,2018-06-04,24.33,24.33,24.33,24.33,0
354,2018-06-05,24.33,24.33,24.33,24.33,0
355,2018-06-06,24.33,24.33,24.33,24.33,0
356,2018-06-07,24.33,24.33,24.33,24.33,0
357,2018-06-08,24.33,24.33,24.33,24.33,0
358,2018-06-11,24.33,24.33,24.33,24.33,0
359,2018-06-12,24.33,24.33,24.33,24.33,0
360,2018-06-13,24.33,24.33,24.33,24.33,0
361,2018-06-14,24.33,24.33,24.33,24.33,0
362,2018-06-15,24.33,24.33,24.33,24.33,0
363,2018-06-18,24.33,24.33,24.33,24.33,0
364,2018-06-19,24.33,24.33,24.33,24.33,0
365,2018-06-20,24.33,24.33,24.33,24.33,0
366,2018-06-21,24.33,24.33,24.33,24.33,0
367,2018-06-22,24.33,24.33,24.33,24.33,0
368,2018-06-25,24.33,24.33,24.33,24.33,0
369,2018-06-26,24.33,24.33,24.33,24.33,0
370,2018-06-27,24.33,24.33,24.33,24.33,0
371,2018-06-28,24.33,24.33,24.33,24.33,0
372,2018-06-29,24.33,24.33,24.33,24.33,0
373,2018-07-02,24.33,24.33,24.33,24.33,0
374,2018-07-03,24.33,24.33,24.33,24.33,0
375,2018-07-04,24.33,24.33,24.33,24.33,0
376,2018-07-05,24.33,24.33,24.33,24.33,0
377,2018-07-06,24.33,24.33,24.33,24.33,0
378,2018-07-09,24.33,24.33,24.33,24.33,0
379,2018-07-10,24.33,24.33,24.33,24.33,0
380,2018-07-11,24.33,24.33,24.33,24.33,0
381,2018-07-12,24.33,24.33,24.33,24.33,0
382,2018-07-13,24.33,24.33,24.33,24.33,0
383,2018-07-16,24.33,24.33,24.33,24.33,0
384,2018-07-17,24.33,24.33,24.33,24.33,0
385,2018-07-18,24.33,24.33,24.33,24.33,0
386,2018-07-19,24.33,24.33,24.33,24.33,0
387,2018-07-20,24.33,24.33,24.33,24.33,0
388,2018-07-23,24.33,24.33,24.33,24.33,0
389,2018-07-24,24.33,24.33,24.33,24.33,0
390,2018-07-25,24.33,24.33,24.33,24.33,0
391,2018-07-26,24.33,24.33,24.33,24.33,0
392,2018-07-27,24.33,24.33,24.33,24.33,0
393,2018-07-30,24.33,24.33,24.33,24.33,0
394,2018-07-31,14.78,14.78,14.78,14.78,500
395,2018-08-01,14.78,14.78,14.78,14.78,0
396,2018-08-02,16.94,16.94,16.94,16.94,100
397,2018-08-03,19.31,19.31,19.31,19.31,100
398,2018-08-06,22.06,22.06,22.06,22.06,100
399,2018-08-07,22.06,22.06,22.06,22.06,0
400,2018-08-08,24.62,24.62,24.62,24.62,100
401,2018-08-09,24.62,24.62,24.62,24.62,11
402,2018-08-10,24.62,24.62,24.62,24.62,0
403,2018-08-13,24.62,24.62,24.62,24.62,0
404,2018-08-14,24.62,24.62,24.62,24.62,0
405,2018-08-15,24.62,24.62,24.62,24.62,0
406,2018-08-16,24.62,24.62,24.62,24.62,0
407,2018-08-17,24.62,24.62,24.62,24.62,0
408,2018-08-20,24.62,24.62,24.62,24.62,0
409,2018-08-21,24.62,24.62,24.62,24.62,0
410,2018-08-22,24.62,24.62,24.62,24.62,0
411,2018-08-23,24.62,24.62,24.62,24.62,0
412,2018-08-24,24.62,24.62,24.62,24.62,0
413,2018-08-27,24.62,24.62,24.62,24.62,0
414,2018-08-28,24.62,24.62,24.62,24.62,0
415,2018-08-29,24.62,24.62,24.62,24.62,0
416,2018-08-30,24.62,24.62,24.62,24.62,0
417,2018-08-31,24.62,24.62,24.62,24.62,0
418,2018-09-04,24.62,24.62,24.62,24.62,0
419,2018-09-05,24.62,24.62,24.62,24.62,0
420,2018-09-06,24.62,24.62,24.62,24.62,0
421,2018-09-07,24.62,24.62,24.62,24.62,0
422,2018-09-10,24.62,24.62,24.62,24.62,0
423,2018-09-11,24.62,24.62,24.62,24.62,0
424,2018-09-12,24.62,24.62,24.62,24.62,0
425,2018-09-13,24.62,24.62,24.62,24.62,0
426,2018-09-14,24.62,24.62,24.62,24.62,0
427,2018-09-17,24.62,24.62,24.62,24.62,0
428,2018-09-18,24.62,24.62,24.62,24.62,0
429,2018-09-19,24.62,24.62,24.62,24.62,0
430,2018-09-20,24.62,24.62,24.62,24.62,0
431,2018-09-21,24.62,24.62,24.62,24.62,0
432,2018-09-24,24.62,24.62,24.62,24.62,0
433,2018-09-25,24.62,24.62,24.62,24.62,0
434,2018-09-26,24.62,24.62,24.62,24.62,0
435,2018-09-27,24.62,24.62,24.62,24.62,0
436,2018-09-28,24.62,24.62,24.62,24.62,0
437,2018-10-01,24.62,24.62,24.62,24.62,0
438,2018-10-02,24.62,24.62,24.62,24.62,0
439,2018-10-03,24.62,24.62,24.62,24.62,0
440,2018-10-04,24.62,24.62,24.62,24.62,0
441,2018-10-05,24.62,24.62,24.62,24.62,0
442,2018-10-08,24.62,24.62,24.62,24.62,0
443,2018-10-09,24.62,24.62,24.62,24.62,0
444,2018-10-10,24.62,24.62,24.62,24.62,400
445,2018-10-11,24.62,24.62,24.62,24.62,0
446,2018-10-12,24.62,24.62,24.62,24.62,0
447,2018-10-15,24.62,24.62,24.62,24.62,0
448,2018-10-16,24.62,24.62,24.62,24.62,0
449,2018-10-17,24.62,24.62,24.62,24.62,0
450,2018-10-18,24.62,24.62,24.62,24.62,2
451,2018-10-19,24.62,24.62,24.62,24.62,0
452,2018-10-22,24.62,24.62,24.62,24.62,0
453,2018-10-23,24.62,24.62,24.62,24.62,1
454,2018-10-24,24.62,24.62,24.62,24.62,0
455,2018-10-25,24.62,24.62,24.62,24.62,0
456,2018-10-26,24.62,24.62,24.62,24.62,0
457,2018-10-29,24.62,24.62,24.62,24.62,0
458,2018-10-30,24.62,24.62,24.62,24.62,0
459,2018-10-31,24.62,24.62,24.62,24.62,0
460,2018-11-01,24.62,24.62,24.62,24.62,0
461,2018-11-02,24.62,24.62,24.62,24.62,0
462,2018-11-05,24.62,24.62,24.62,24.62,0
463,2018-11-06,24.62,24.62,24.62,24.62,0
464,2018-11-07,24.62,24.62,24.62,24.62,0
465,2018-11-08,24.62,24.62,24.62,24.62,0
466,2018-11-09,24.62,24.62,24.62,24.62,0
467,2018-11-12,24.62,24.62,24.62,24.62,0
468,2018-11-13,24.62,24.62,24.62,24.62,0
469,2018-11-14,24.62,24.62,24.62,24.62,0
470,2018-11-15,24.62,24.62,24.62,24.62,0
471,2018-11-16,24.62,24.62,24.62,24.62,0
472,2018-11-19,24.62,24.62,24.62,24.62,0
473,2018-11-20,24.62,24.62,24.62,24.62,0
474,2018-11-21,19.7,19.7,19.7,19.7,11800
475,2018-11-22,19.7,19.7,19.7,19.7,0
476,2018-11-23,19.7,19.7,19.7,19.7,0
477,2018-11-26,19.7,19.7,19.7,19.7,0
478,2018-11-27,19.7,19.7,19.7,19.7,0
479,2018-11-28,19.7,19.7,19.7,19.7,0
480,2018-11-29,19.7,19.7,19.7,19.7,0
481,2018-11-30,19.7,19.7,19.7,19.7,0
482,2018-12-03,19.7,19.7,19.7,19.7,0
483,2018-12-04,19.7,19.7,19.7,19.7,0
484,2018-12-05,19.7,19.7,19.7,19.7,0
485,2018-12-06,19.7,19.7,19.7,19.7,0
486,2018-12-07,19.7,19.7,19.7,19.7,0
487,2018-12-10,19.7,19.7,19.7,19.7,0
488,2018-12-11,19.7,19.7,19.7,19.7,0
489,2018-12-12,19.7,19.7,19.7,19.7,0
490,2018-12-13,19.7,19.7,19.7,19.7,0
491,2018-12-14,19.7,19.7,19.7,19.7,0
492,2018-12-17,19.7,19.7,19.7,19.7,0
493,2018-12-18,19.7,19.7,19.7,19.7,0
494,2018-12-19,19.7,19.7,19.7,19.7,0
495,2018-12-20,19.7,19.7,19.7,19.7,0
496,2018-12-21,19.7,19.7,19.7,19.7,0
497,2018-12-24,19.7,19.7,19.7,19.7,0
498,2018-12-25,19.7,19.7,19.7,19.7,0
499,2018-12-26,19.7,19.7,19.7,19.7,0
500,2018-12-27,19.7,19.7,19.7,19.7,0
501,2018-12-28,19.7,19.7,19.7,19.7,0
502,2019-01-02,19.7,19.7,19.7,19.7,0
503,2019-01-03,19.7,19.7,19.7,19.7,0
504,2019-01-04,19.7,19.7,19.7,19.7,0
505,2019-01-07,19.7,19.7,19.7,19.7,0
506,2019-01-08,19.7,19.7,19.7,19.7,0
507,2019-01-09,19.7,19.7,19.7,19.7,0
508,2019-01-10,19.7,19.7,19.7,19.7,0
509,2019-01-11,19.7,19.7,19.7,19.7,0
510,2019-01-14,19.7,19.7,19.7,19.7,0
511,2019-01-15,19.7,19.7,19.7,19.7,0
512,2019-01-16,19.7,19.7,19.7,19.7,0
513,2019-01-17,19.7,19.7,19.7,19.7,0
514,2019-01-18,19.7,19.7,19.7,19.7,0
515,2019-01-21,19.7,19.7,19.7,19.7,0
516,2019-01-22,19.7,19.7,19.7,19.7,0
517,2019-01-23,19.7,19.7,19.7,19.7,0
518,2019-01-24,19.7,19.7,19.7,19.7,0
519,2019-01-25,19.7,19.7,19.7,19.7,0
520,2019-01-28,19.7,19.7,19.7,19.7,0
521,2019-01-29,19.7,19.7,19.7,19.7,0
522,2019-01-30,19.7,19.7,19.7,19.7,0
523,2019-01-31,19.7,19.7,19.7,19.7,0
524,2019-02-01,19.7,19.7,19.7,19.7,0
525,2019-02-11,19.7,19.7,19.7,19.7,0
526,2019-02-12,19.7,19.7,19.7,19.7,0
527,2019-02-13,19.7,19.7,19.7,19.7,0
528,2019-02-14,19.7,19.7,19.7,19.7,0
529,2019-02-15,19.7,19.7,19.7,19.7,0
530,2019-02-18,19.7,19.7,19.7,19.7,0
531,2019-02-19,19.7,19.7,19.7,19.7,0
532,2019-02-20,19.7,19.7,19.7,19.7,0
533,2019-02-21,19.7,19.7,19.7,19.7,0
534,2019-02-22,19.7,19.7,19.7,19.7,0
535,2019-02-25,19.7,19.7,19.7,19.7,0
536,2019-02-26,19.7,19.7,19.7,19.7,0
537,2019-02-27,19.7,19.7,19.7,19.7,0
538,2019-02-28,19.7,19.7,19.7,19.7,0
539,2019-03-01,19.7,19.7,19.7,19.7,0
540,2019-03-04,19.7,19.7,19.7,19.7,0
541,2019-03-05,19.7,19.7,19.7,19.7,0
542,2019-03-06,19.7,19.7,19.7,19.7,0
543,2019-03-07,19.7,19.7,19.7,19.7,0
544,2019-03-08,19.7,19.7,19.7,19.7,0
545,2019-03-11,19.7,19.7,19.7,19.7,0
546,2019-03-12,19.7,19.7,19.7,19.7,0
547,2019-03-13,19.7,19.7,19.7,19.7,0
548,2019-03-14,19.7,19.7,19.7,19.7,0
549,2019-03-15,19.7,19.7,19.7,19.7,0
550,2019-03-18,19.7,19.7,19.7,19.7,0
551,2019-03-19,19.7,19.7,19.7,19.7,0
552,2019-03-20,19.7,19.7,19.7,19.7,0
553,2019-03-21,19.7,19.7,19.7,19.7,0
554,2019-03-22,19.7,19.7,19.7,19.7,0
555,2019-03-25,19.7,19.7,19.7,19.7,0
556,2019-03-26,19.7,19.7,19.7,19.7,0
557,2019-03-27,19.7,19.7,19.7,19.7,0
558,2019-03-28,19.7,19.7,19.7,19.7,0
559,2019-03-29,19.7,19.7,19.7,19.7,0
560,2019-04-01,19.7,19.7,19.7,19.7,0
561,2019-04-02,19.7,19.7,19.7,19.7,0
562,2019-04-03,19.7,19.7,19.7,19.7,0
563,2019-04-04,19.7,19.7,19.7,19.7,0
564,2019-04-05,19.7,19.7,19.7,19.7,0
565,2019-04-08,19.7,19.7,19.7,19.7,0
566,2019-04-09,19.7,19.7,19.7,19.7,0
567,2019-04-10,19.7,19.7,19.7,19.7,0
568,2019-04-11,19.7,19.7,19.7,19.7,0
569,2019-04-12,19.7,19.7,19.7,19.7,0
570,2019-04-16,19.7,19.7,19.7,19.7,0
571,2019-04-17,19.7,19.7,19.7,19.7,0
572,2019-04-18,19.7,19.7,19.7,19.7,0
573,2019-04-19,19.7,19.7,19.7,19.7,0
574,2019-04-22,19.7,19.7,19.7,19.7,0
575,2019-04-23,19.7,19.7,19.7,19.7,0
576,2019-04-24,19.7,19.7,19.7,19.7,0
577,2019-04-25,19.7,19.7,19.7,19.7,0
578,2019-04-26,19.7,19.7,19.7,19.7,0
579,2019-05-02,19.7,19.7,19.7,19.7,0
580,2019-05-03,19.7,19.7,19.7,19.7,0
581,2019-05-06,19.7,19.7,19.7,19.7,0
582,2019-05-07,19.7,19.7,19.7,19.7,0
583,2019-05-08,19.7,19.7,19.7,19.7,0
584,2019-05-09,19.7,19.7,19.7,19.7,0
585,2019-05-10,19.7,19.7,19.7,19.7,0
586,2019-05-13,19.7,19.7,19.7,19.7,0
587,2019-05-14,19.7,19.7,19.7,19.7,0
588,2019-05-15,19.7,19.7,19.7,19.7,0
589,2019-05-16,19.7,19.7,19.7,19.7,0
590,2019-05-17,19.7,19.7,19.7,19.7,0
591,2019-05-20,19.7,19.7,19.7,19.7,0
592,2019-05-21,19.7,19.7,19.7,19.7,0
593,2019-05-22,19.7,19.7,19.7,19.7,0
594,2019-05-23,19.7,19.7,19.7,19.7,0
595,2019-05-24,19.7,19.7,19.7,19.7,0
596,2019-05-27,19.7,19.7,19.7,19.7,0
597,2019-05-28,19.7,19.7,19.7,19.7,0
598,2019-05-29,19.7,19.7,19.7,19.7,0
599,2019-05-30,19.7,19.7,19.7,19.7,0
600,2019-05-31,19.7,19.7,19.7,19.7,0
601,2019-06-03,19.7,19.7,19.7,19.7,0
602,2019-06-04,19.7,19.7,19.7,19.7,0
603,2019-06-05,19.7,19.7,19.7,19.7,0
604,2019-06-06,19.7,19.7,19.7,19.7,0
605,2019-06-07,19.7,19.7,19.7,19.7,0
606,2019-06-10,19.7,19.7,19.7,19.7,0
607,2019-06-11,19.7,19.7,19.7,19.7,0
608,2019-06-12,19.7,19.7,19.7,19.7,0
609,2019-06-13,19.7,19.7,19.7,19.7,0
610,2019-06-14,19.7,19.7,19.7,19.7,0
611,2019-06-17,19.7,19.7,19.7,19.7,0
612,2019-06-18,19.7,19.7,19.7,19.7,0
613,2019-06-19,19.7,19.7,19.7,19.7,0
614,2019-06-20,19.7,19.7,19.7,19.7,0
615,2019-06-21,19.7,19.7,19.7,19.7,0
616,2019-06-24,19.7,19.7,19.7,19.7,0
617,2019-06-25,19.7,19.7,19.7,19.7,0
618,2019-06-26,19.7,19.7,19.7,19.7,0
619,2019-06-27,19.7,19.7,19.7,19.7,0
620,2019-06-28,19.7,19.7,19.7,19.7,0
621,2019-07-01,19.7,19.7,19.7,19.7,0
622,2019-07-02,19.7,19.7,19.7,19.7,0
623,2019-07-03,19.7,19.7,19.7,19.7,0
624,2019-07-04,19.7,19.7,19.7,19.7,0
625,2019-07-05,19.7,19.7,19.7,19.7,0
626,2019-07-08,19.7,19.7,19.7,19.7,0
627,2019-07-09,19.7,19.7,19.7,19.7,0
628,2019-07-10,19.7,19.7,19.7,19.7,0
629,2019-07-11,19.7,19.7,19.7,19.7,0
630,2019-07-12,19.7,19.7,19.7,19.7,0
631,2019-07-15,19.7,19.7,19.7,19.7,0
632,2019-07-16,19.7,19.7,19.7,19.7,0
633,2019-07-17,19.7,19.7,19.7,19.7,0
634,2019-07-18,19.7,20.0,20.0,20.0,0
635,2019-07-19,19.7,20.0,20.0,20.0,0
636,2019-07-22,19.7,20.0,20.0,20.0,0
637,2019-07-23,19.7,20.0,20.0,20.0,0
638,2019-07-24,19.7,20.0,20.0,20.0,0
639,2019-07-25,19.7,20.0,20.0,20.0,0
640,2019-07-26,19.7,20.0,20.0,20.0,0
641,2019-07-29,19.7,20.0,20.0,20.0,0
642,2019-07-30,19.7,20.0,20.0,20.0,0
643,2019-07-31,19.7,20.0,20.0,20.0,0
644,2019-08-01,19.7,20.0,20.0,20.0,0
645,2019-08-02,19.7,20.0,20.0,20.0,0
646,2019-08-05,19.7,20.0,20.0,20.0,0
647,2019-08-06,19.7,20.0,20.0,20.0,0
648,2019-08-07,19.7,20.0,20.0,20.0,0
649,2019-08-08,19.7,20.0,20.0,20.0,0
650,2019-08-09,19.7,20.0,20.0,20.0,0
651,2019-08-12,19.7,20.0,20.0,20.0,0
652,2019-08-13,19.7,20.0,20.0,20.0,0
653,2019-08-14,19.7,20.0,20.0,20.0,0
654,2019-08-15,19.7,20.0,20.0,20.0,0
655,2019-08-16,19.7,20.0,20.0,20.0,0
656,2019-08-19,19.7,20.0,20.0,20.0,0
657,2019-08-20,19.7,20.0,20.0,20.0,0
658,2019-08-21,19.7,20.0,20.0,20.0,0
659,2019-08-22,19.7,20.0,20.0,20.0,0
660,2019-08-23,19.7,20.0,20.0,20.0,0
661,2019-08-26,19.7,20.0,20.0,20.0,0
662,2019-08-27,19.7,20.0,20.0,20.0,0
663,2019-08-28,20.0,20.0,20.0,20.0,100
664,2019-08-29,20.0,20.0,20.0,20.0,0
665,2019-08-30,20.0,20.0,20.0,20.0,0
666,2019-09-03,20.0,20.0,20.0,20.0,0
667,2019-09-04,20.0,20.0,20.0,20.0,0
668,2019-09-05,20.0,20.0,20.0,20.0,0
669,2019-09-06,20.0,20.0,20.0,20.0,0
670,2019-09-09,20.0,20.0,20.0,20.0,0
671,2019-09-10,20.0,20.0,20.0,20.0,0
672,2019-09-11,20.0,20.0,20.0,20.0,0
673,2019-09-12,20.0,20.0,20.0,20.0,6
674,2019-09-13,20.0,20.0,20.0,20.0,0
675,2019-09-16,20.0,20.0,20.0,20.0,0
676,2019-09-17,20.0,20.0,20.0,20.0,0
677,2019-09-18,20.0,20.0,20.0,20.0,0
678,2019-09-19,20.0,20.0,20.0,20.0,0
679,2019-09-20,20.0,20.0,20.0,20.0,0
680,2019-09-23,20.0,20.0,20.0,20.0,0
681,2019-09-24,20.0,20.0,20.0,20.0,0
682,2019-09-25,20.0,20.0,20.0,20.0,0
683,2019-09-26,20.0,20.0,20.0,20.0,0
684,2019-09-27,20.0,20.0,20.0,20.0,0
685,2019-09-30,20.0,20.0,20.0,20.0,0
686,2019-10-01,20.0,20.0,20.0,20.0,0
687,2019-10-02,20.0,20.0,20.0,20.0,0
688,2019-10-03,20.0,20.0,20.0,20.0,0
689,2019-10-04,20.0,20.0,20.0,20.0,0
690,2019-10-07,20.0,20.0,20.0,20.0,0
691,2019-10-08,20.0,20.0,20.0,20.0,0
692,2019-10-09,20.0,20.0,20.0,20.0,0
693,2019-10-10,20.0,20.0,20.0,20.0,0
694,2019-10-11,20.0,20.0,20.0,20.0,0
695,2019-10-14,20.0,20.0,20.0,20.0,0
696,2019-10-15,20.0,20.0,20.0,20.0,0
697,2019-10-16,20.0,20.0,20.0,20.0,0
698,2019-10-17,20.0,20.0,20.0,20.0,0
699,2019-10-18,19.5,19.5,19.5,19.5,100
700,2019-10-21,19.5,19.5,19.5,19.5,0
701,2019-10-22,19.5,19.5,19.5,19.5,0
702,2019-10-23,19.5,19.5,19.5,19.5,0
703,2019-10-24,19.5,19.5,19.5,19.5,0
704,2019-10-25,19.5,19.5,19.5,19.5,0
705,2019-10-28,19.5,19.5,19.5,19.5,0
706,2019-10-29,19.5,19.5,19.5,19.5,0
707,2019-10-30,19.5,19.5,19.5,19.5,0
708,2019-10-31,19.5,19.5,19.5,19.5,0
709,2019-11-01,19.5,19.5,19.5,19.5,0
710,2019-11-04,19.5,19.5,19.5,19.5,0
711,2019-11-05,19.5,19.5,19.5,19.5,0
712,2019-11-06,19.5,19.5,19.5,19.5,0
713,2019-11-07,19.5,19.5,19.5,19.5,0
714,2019-11-08,19.5,19.5,19.5,19.5,0
715,2019-11-11,19.5,19.5,19.5,19.5,0
716,2019-11-12,19.5,19.5,19.5,19.5,0
717,2019-11-13,19.5,19.5,19.5,19.5,0
718,2019-11-14,19.5,19.5,19.5,19.5,0
719,2019-11-15,19.5,19.5,19.5,19.5,0
720,2019-11-18,19.5,19.5,19.5,19.5,0
721,2019-11-19,19.5,19.5,19.5,19.5,0
722,2019-11-20,19.5,19.5,19.5,19.5,0
723,2019-11-21,19.5,19.5,19.5,19.5,0
724,2019-11-22,19.5,19.5,19.5,19.5,0
725,2019-11-25,19.5,19.5,19.5,19.5,0
726,2019-11-26,19.5,19.5,19.5,19.5,0
727,2019-11-27,19.5,19.5,19.5,19.5,0
728,2019-11-28,19.5,19.5,19.5,19.5,0
729,2019-11-29,19.5,19.5,19.5,19.5,0
730,2019-12-02,19.5,19.5,19.5,19.5,0
731,2019-12-03,19.5,19.5,19.5,19.5,0
732,2019-12-04,19.5,19.5,19.5,19.5,0
733,2019-12-05,19.5,19.5,19.5,19.5,0
734,2019-12-06,19.5,19.5,19.5,19.5,0
735,2019-12-09,19.5,19.5,19.5,19.5,0
736,2019-12-10,19.5,19.5,19.5,19.5,0
737,2019-12-11,19.5,19.5,19.5,19.5,0
738,2019-12-12,19.5,19.5,19.5,19.5,0
739,2019-12-13,19.5,19.5,19.5,19.5,0
740,2019-12-16,19.5,19.5,19.5,19.5,0
741,2019-12-17,19.5,19.5,19.5,19.5,0
742,2019-12-18,19.5,19.5,19.5,19.5,0
743,2019-12-19,19.5,19.5,19.5,19.5,0
744,2019-12-20,19.5,19.5,19.5,19.5,0
745,2019-12-23,19.5,19.5,19.5,19.5,0
746,2019-12-24,19.5,19.5,19.5,19.5,0
747,2019-12-25,19.5,19.5,19.5,19.5,0
748,2019-12-26,19.5,19.5,19.5,19.5,0
749,2019-12-27,19.5,19.5,19.5,19.5,0
750,2019-12-30,23.0,23.0,23.0,23.0,435000
751,2019-12-31,23.0,23.0,23.0,23.0,0
752,2020-01-02,23.0,23.0,23.0,23.0,0
753,2020-01-03,23.0,23.0,23.0,23.0,0
754,2020-01-06,23.0,23.0,23.0,23.0,0
755,2020-01-07,23.0,23.0,23.0,23.0,0
756,2020-01-08,23.0,23.0,23.0,23.0,0
757,2020-01-09,23.0,23.0,23.0,23.0,0
758,2020-01-10,23.0,23.0,23.0,23.0,0
759,2020-01-13,23.0,23.0,23.0,23.0,0
760,2020-01-14,23.0,23.0,23.0,23.0,0
761,2020-01-15,23.0,23.0,23.0,23.0,0
762,2020-01-16,23.0,23.0,23.0,23.0,0
763,2020-01-17,23.0,23.0,23.0,23.0,0
764,2020-01-20,23.0,23.0,23.0,23.0,0
765,2020-01-21,23.0,23.0,23.0,23.0,195000
766,2020-01-22,23.0,23.0,23.0,23.0,0
767,2020-01-30,23.0,23.0,23.0,23.0,0
768,2020-01-31,23.0,23.0,23.0,23.0,0
769,2020-02-03,23.0,23.0,23.0,23.0,0
770,2020-02-04,23.0,23.0,23.0,23.0,0
771,2020-02-05,23.0,23.0,23.0,23.0,0
772,2020-02-06,23.0,23.0,23.0,23.0,0
773,2020-02-07,23.0,23.0,23.0,23.0,0
774,2020-02-10,23.0,23.0,23.0,23.0,0
775,2020-02-11,23.0,23.0,23.0,23.0,0
776,2020-02-12,23.0,23.0,23.0,23.0,0
777,2020-02-13,23.0,23.0,23.0,23.0,0
778,2020-02-14,23.0,23.0,23.0,23.0,0
779,2020-02-17,23.0,23.0,23.0,23.0,0
780,2020-02-18,23.0,23.0,23.0,23.0,0
781,2020-02-19,23.0,23.0,23.0,23.0,0
782,2020-02-20,23.0,23.0,23.0,23.0,0
783,2020-02-21,23.0,23.0,23.0,23.0,0
784,2020-02-24,23.0,23.0,23.0,23.0,0
785,2020-02-25,23.0,23.0,23.0,23.0,0
786,2020-02-26,23.0,23.0,23.0,23.0,0
787,2020-02-27,23.0,23.0,23.0,23.0,0
788,2020-02-28,20.0,20.0,20.0,20.0,700
789,2020-03-02,20.0,20.0,20.0,20.0,0
790,2020-03-03,17.5,17.5,17.5,17.5,101
791,2020-03-04,17.5,17.5,17.5,17.5,0
792,2020-03-05,17.5,17.5,17.5,17.5,0
793,2020-03-06,17.5,17.5,17.5,17.5,0
794,2020-03-09,17.5,17.5,17.5,17.5,0
795,2020-03-10,17.5,17.5,17.5,17.5,0
796,2020-03-11,17.5,17.5,17.5,17.5,0
797,2020-03-12,17.5,17.5,17.5,17.5,0
798,2020-03-13,17.5,17.5,17.5,17.5,0
799,2020-03-16,17.5,17.5,17.5,17.5,0
800,2020-03-17,17.5,17.5,17.5,17.5,0
801,2020-03-18,17.5,17.5,17.5,17.5,0
802,2020-03-19,17.5,17.5,17.5,17.5,0
803,2020-03-20,17.5,17.5,17.5,17.5,0
804,2020-03-23,17.5,17.5,17.5,17.5,0
805,2020-03-24,17.5,17.5,17.5,17.5,0
806,2020-03-25,17.5,17.5,17.5,17.5,0
807,2020-03-26,17.5,17.5,17.5,17.5,0
808,2020-03-27,17.5,17.5,17.5,17.5,0
809,2020-03-30,17.5,17.5,17.5,17.5,0
810,2020-03-31,17.5,17.5,17.5,17.5,0
811,2020-04-01,17.5,17.5,17.5,17.5,500
812,2020-04-03,17.5,17.5,17.5,17.5,0
813,2020-04-06,17.5,17.5,17.5,17.5,0
814,2020-04-07,17.5,17.5,17.5,17.5,0
815,2020-04-08,17.5,17.5,17.5,17.5,0
816,2020-04-09,17.5,17.5,17.5,17.5,0
817,2020-04-10,17.5,17.5,17.5,17.5,0
818,2020-04-13,17.5,17.5,17.5,17.5,3
819,2020-04-14,17.5,17.5,17.5,17.5,0
820,2020-04-15,17.5,17.5,17.5,17.5,0
821,2020-04-16,17.5,17.5,17.5,17.5,0
822,2020-04-17,17.5,17.5,17.5,17.5,0
823,2020-04-20,17.5,17.5,17.5,17.5,0
824,2020-04-21,17.5,17.5,17.5,17.5,0
825,2020-04-22,17.5,17.5,17.5,17.5,0
826,2020-04-23,17.5,17.5,17.5,17.5,0
827,2020-04-24,17.5,17.5,17.5,17.5,0
828,2020-04-27,17.5,17.5,17.5,17.5,0
829,2020-04-28,17.5,17.5,17.5,17.5,0
830,2020-04-29,17.5,17.5,17.5,17.5,0
831,2020-05-04,17.5,17.5,17.5,17.5,0
832,2020-05-05,17.5,17.5,17.5,17.5,0
833,2020-05-06,17.5,17.5,17.5,17.5,0
834,2020-05-07,17.5,17.5,17.5,17.5,0
835,2020-05-08,17.5,17.5,17.5,17.5,0
836,2020-05-11,17.5,17.5,17.5,17.5,0
837,2020-05-12,17.5,17.5,17.5,17.5,0
838,2020-05-13,17.5,17.5,17.5,17.5,0
839,2020-05-14,17.5,17.5,17.5,17.5,0
840,2020-05-15,17.5,17.5,17.5,17.5,0
841,2020-05-18,17.5,17.5,17.5,17.5,0
842,2020-05-19,17.5,17.5,17.5,17.5,0
843,2020-05-20,17.5,17.5,17.5,17.5,0
844,2020-05-21,17.5,17.5,17.5,17.5,0
845,2020-05-22,17.5,17.5,17.5,17.5,0
846,2020-05-25,17.5,17.5,17.5,17.5,0
847,2020-05-26,17.5,17.5,17.5,17.5,500
848,2020-05-27,17.5,17.5,17.5,17.5,0
849,2020-05-28,17.5,17.5,17.5,17.5,0
850,2020-05-29,17.5,17.5,17.5,17.5,0
851,2020-06-01,17.5,17.5,17.5,17.5,0
852,2020-06-02,17.5,17.5,17.5,17.5,0
853,2020-06-03,17.5,17.5,17.5,17.5,0
854,2020-06-04,17.5,17.5,17.5,17.5,0
855,2020-06-05,17.5,17.5,17.5,17.5,0
856,2020-06-08,17.5,17.5,17.5,17.5,0
857,2020-06-09,17.5,17.5,17.5,17.5,0
858,2020-06-10,17.5,17.5,17.5,17.5,0
859,2020-06-11,17.5,17.5,17.5,17.5,0
860,2020-06-12,17.5,17.5,17.5,17.5,0
861,2020-06-15,17.5,17.5,17.5,17.5,0
862,2020-06-16,17.5,17.5,17.5,17.5,0
863,2020-06-17,17.5,17.5,17.5,17.5,0
864,2020-06-18,17.5,17.5,17.5,17.5,0
865,2020-06-19,17.5,17.5,17.5,17.5,0
866,2020-06-22,17.5,17.5,17.5,17.5,0
867,2020-06-23,17.5,17.5,17.5,17.5,0
868,2020-06-24,17.5,17.5,17.5,17.5,0
869,2020-06-25,17.5,17.5,17.5,17.5,0
870,2020-06-26,17.5,17.5,17.5,17.5,0
871,2020-06-29,17.5,17.5,17.5,17.5,0
872,2020-06-30,17.5,17.5,17.5,17.5,0
873,2020-07-01,17.5,17.5,17.5,17.5,0
874,2020-07-02,17.5,17.5,17.5,17.5,0
875,2020-07-03,17.5,17.5,17.5,17.5,0
876,2020-07-06,17.5,17.5,17.5,17.5,0
877,2020-07-07,17.5,17.5,17.5,17.5,0
878,2020-07-08,17.5,17.5,17.5,17.5,0
879,2020-07-09,17.5,17.5,17.5,17.5,0
880,2020-07-10,17.5,17.5,17.5,17.5,0
881,2020-07-13,17.5,17.5,17.5,17.5,0
882,2020-07-14,17.5,17.5,17.5,17.5,0
883,2020-07-15,17.5,17.5,17.5,17.5,0
884,2020-07-16,17.5,17.5,17.5,17.5,0
885,2020-07-17,17.5,17.5,17.5,17.5,0
886,2020-07-20,17.5,17.5,17.5,17.5,0
887,2020-07-21,17.5,17.5,17.5,17.5,0
888,2020-07-22,17.5,17.5,17.5,17.5,0
889,2020-07-23,17.5,17.5,17.5,17.5,0
890,2020-07-24,17.5,17.5,17.5,17.5,0
891,2020-07-27,17.5,17.5,17.5,17.5,0
892,2020-07-28,17.5,17.5,17.5,17.5,0
893,2020-07-29,17.5,17.5,17.5,17.5,0
894,2020-07-30,17.5,17.5,17.5,17.5,0
895,2020-07-31,17.5,17.5,17.5,17.5,0
896,2020-08-03,17.5,17.5,17.5,17.5,0
897,2020-08-04,17.5,17.5,17.5,17.5,0
898,2020-08-05,17.5,17.5,17.5,17.5,0
899,2020-08-06,17.5,17.5,17.5,17.5,0
900,2020-08-07,17.5,17.5,17.5,17.5,0
901,2020-08-10,17.5,17.5,17.5,17.5,0
902,2020-08-11,17.5,17.5,17.5,17.5,0
903,2020-08-12,17.5,17.5,17.5,17.5,0
904,2020-08-13,17.5,17.5,17.5,17.5,0
905,2020-08-14,17.5,17.5,17.5,17.5,0
906,2020-08-17,17.5,17.5,17.5,17.5,0
907,2020-08-18,17.5,17.5,17.5,17.5,10000
908,2020-08-19,17.5,17.5,17.5,17.5,0
909,2020-08-20,17.5,17.5,17.5,17.5,0
910,2020-08-21,17.5,17.5,17.5,17.5,0
911,2020-08-24,17.5,17.5,17.5,17.5,0
912,2020-08-25,17.5,17.5,17.5,17.5,0
913,2020-08-26,17.5,17.5,17.5,17.5,0
914,2020-08-27,17.5,17.5,17.5,17.5,0
915,2020-08-28,17.5,17.5,17.5,17.5,0
916,2020-08-31,17.5,17.5,17.5,17.5,0
917,2020-09-01,14.9,14.9,14.9,14.9,1501
918,2020-09-03,14.9,14.9,14.9,14.9,0
919,2020-09-04,14.9,14.9,14.9,14.9,0
920,2020-09-07,14.9,14.9,14.9,14.9,0
921,2020-09-08,14.9,14.9,14.9,14.9,0
922,2020-09-09,14.9,14.9,14.9,14.9,0
923,2020-09-10,14.9,14.9,14.9,14.9,0
924,2020-09-11,14.9,14.9,14.9,14.9,0
925,2020-09-14,14.9,14.9,14.9,14.9,0
926,2020-09-15,14.9,14.9,14.9,14.9,0
927,2020-09-16,14.9,14.9,14.9,14.9,0
928,2020-09-17,14.9,14.9,14.9,14.9,0
929,2020-09-18,14.9,14.9,14.9,14.9,0
930,2020-09-21,14.9,14.9,14.9,14.9,0
931,2020-09-22,14.9,14.9,14.9,14.9,0
932,2020-09-23,14.9,14.9,14.9,14.9,0
933,2020-09-24,14.9,14.9,14.9,14.9,0
934,2020-09-25,14.9,14.9,14.9,14.9,0
935,2020-09-28,14.9,14.9,14.9,14.9,0
936,2020-09-29,14.9,14.9,14.9,14.9,0
937,2020-09-30,14.9,14.9,14.9,14.9,0
938,2020-10-01,14.9,14.9,14.9,14.9,0
939,2020-10-02,14.9,14.9,14.9,14.9,0
940,2020-10-05,14.9,14.9,14.9,14.9,0
941,2020-10-06,14.9,14.9,14.9,14.9,0
942,2020-10-07,14.9,14.9,14.9,14.9,0
943,2020-10-08,14.9,14.9,14.9,14.9,0
944,2020-10-09,14.9,14.9,14.9,14.9,0
945,2020-10-12,14.9,14.9,14.9,14.9,0
946,2020-10-13,14.9,14.9,14.9,14.9,0
947,2020-10-14,14.9,14.9,14.9,14.9,0
948,2020-10-15,14.9,14.9,14.9,14.9,0
949,2020-10-16,14.9,14.9,14.9,14.9,0
950,2020-10-19,14.9,14.9,14.9,14.9,0
951,2020-10-20,14.9,14.9,14.9,14.9,0
952,2020-10-21,14.9,14.9,14.9,14.9,0
953,2020-10-22,14.9,14.9,14.9,14.9,0
954,2020-10-23,14.9,14.9,14.9,14.9,0
955,2020-10-26,14.9,14.9,14.9,14.9,0
956,2020-10-27,14.9,14.9,14.9,14.9,0
957,2020-10-28,14.9,14.9,14.9,14.9,0
958,2020-10-29,14.9,14.9,14.9,14.9,0
959,2020-10-30,14.9,14.9,14.9,14.9,0
960,2020-11-02,14.9,14.9,14.9,14.9,0
961,2020-11-03,14.9,14.9,14.9,14.9,0
962,2020-11-04,14.9,14.9,14.9,14.9,0
963,2020-11-05,14.9,14.9,14.9,14.9,0
964,2020-11-06,14.9,14.9,14.9,14.9,0
965,2020-11-09,14.9,14.9,14.9,14.9,0
966,2020-11-10,14.9,14.9,14.9,14.9,0
967,2020-11-11,14.9,14.9,14.9,14.9,0
968,2020-11-12,14.9,14.9,14.9,14.9,0
969,2020-11-13,14.9,14.9,14.9,14.9,0
970,2020-11-16,14.9,14.9,14.9,14.9,0
971,2020-11-17,14.9,14.9,14.9,14.9,0
972,2020-11-18,14.9,14.9,14.9,14.9,0
973,2020-11-19,14.9,14.9,14.9,14.9,0
974,2020-11-20,14.9,14.9,14.9,14.9,0
975,2020-11-23,14.9,14.9,14.9,14.9,0
976,2020-11-24,14.9,14.9,14.9,14.9,0
977,2020-11-25,14.9,14.9,14.9,14.9,0
978,2020-11-26,14.9,14.9,14.9,14.9,0
979,2020-11-27,10.0,10.0,9.0,9.0,600
980,2020-11-30,11.0,11.0,11.0,11.0,1800
981,2020-12-01,11.0,11.0,11.0,11.0,2000
982,2020-12-02,11.0,11.0,11.0,11.0,0
983,2020-12-03,11.0,11.0,11.0,11.0,0
984,2020-12-04,11.0,11.0,11.0,11.0,0
985,2020-12-07,11.0,11.0,11.0,11.0,0
986,2020-12-08,11.0,11.0,11.0,11.0,0
987,2020-12-09,11.0,11.0,11.0,11.0,0
988,2020-12-10,11.0,11.0,11.0,11.0,0
989,2020-12-11,11.0,11.0,11.0,11.0,0
990,2020-12-14,11.0,11.0,11.0,11.0,0
991,2020-12-15,11.0,11.0,11.0,11.0,0
992,2020-12-16,11.0,11.0,11.0,11.0,0
993,2020-12-17,11.0,11.0,11.0,11.0,0
994,2020-12-18,11.0,11.0,11.0,11.0,0
995,2020-12-21,11.0,11.0,11.0,11.0,0
996,2020-12-22,11.0,11.0,11.0,11.0,0
997,2020-12-23,11.0,11.0,11.0,11.0,0
998,2020-12-24,11.0,11.0,11.0,11.0,0
999,2020-12-25,11.0,11.0,11.0,11.0,2300
1000,2020-12-28,11.0,11.0,11.0,11.0,0
1001,2020-12-29,11.0,11.0,11.0,11.0,0
1002,2020-12-30,11.0,11.0,11.0,11.0,0
1003,2020-12-31,11.0,11.0,11.0,11.0,0
1004,2021-01-04,11.0,11.0,11.0,11.0,0
1005,2021-01-05,11.0,11.0,11.0,11.0,0
1006,2021-01-06,11.0,11.0,11.0,11.0,0
1007,2021-01-07,11.0,11.0,11.0,11.0,0
1008,2021-01-08,11.0,11.0,11.0,11.0,0
1009,2021-01-11,11.0,11.0,11.0,11.0,0
1010,2021-01-12,11.0,11.0,11.0,11.0,0
1011,2021-01-13,11.0,11.0,11.0,11.0,0
1012,2021-01-14,11.0,11.0,11.0,11.0,0
1013,2021-01-15,11.0,11.0,11.0,11.0,0
1014,2021-01-18,11.0,11.0,11.0,11.0,0
1015,2021-01-19,11.0,11.0,11.0,11.0,0
1016,2021-01-20,10.0,10.0,10.0,10.0,300
1017,2021-01-21,10.0,10.0,10.0,10.0,0
1018,2021-01-22,10.0,10.0,10.0,10.0,0
1019,2021-01-25,10.0,10.0,10.0,10.0,0
1020,2021-01-26,10.0,10.0,10.0,10.0,0
1021,2021-01-27,10.0,10.0,10.0,10.0,0
1022,2021-01-28,10.0,10.0,10.0,10.0,0
1023,2021-01-29,10.0,10.0,10.0,10.0,0
1024,2021-02-01,10.0,10.0,10.0,10.0,0
1025,2021-02-02,10.0,10.0,10.0,10.0,0
1026,2021-02-03,10.0,10.0,10.0,10.0,10
1027,2021-02-04,10.0,10.0,10.0,10.0,0
1028,2021-02-05,10.0,10.0,10.0,10.0,0
1029,2021-02-08,10.0,10.0,10.0,10.0,10
1030,2021-02-09,10.0,10.0,10.0,10.0,0
1031,2021-02-17,10.0,10.0,10.0,10.0,10
1032,2021-02-18,10.0,10.0,10.0,10.0,0
1033,2021-02-19,10.0,10.0,10.0,10.0,0
1034,2021-02-22,10.0,10.0,10.0,10.0,1
1035,2021-02-23,10.0,10.0,10.0,10.0,0
1036,2021-02-24,10.0,10.0,10.0,10.0,0
1037,2021-02-25,10.0,10.0,10.0,10.0,10
1038,2021-02-26,10.0,10.0,10.0,10.0,0
1039,2021-03-01,11.5,11.5,11.5,11.5,190
1040,2021-03-02,11.5,11.5,11.5,11.5,0
1041,2021-03-03,11.5,11.6,11.5,11.6,200
1042,2021-03-04,11.6,11.6,11.6,11.6,2500
1043,2021-03-05,11.5,11.5,11.5,11.5,1100
1044,2021-03-08,11.5,11.5,11.5,11.5,100
1045,2021-03-09,11.5,11.5,11.5,11.5,200
1046,2021-03-10,11.5,11.5,11.5,11.5,0
1047,2021-03-11,13.2,13.2,11.5,11.5,300
1048,2021-03-12,12.1,12.1,11.5,11.5,600
1049,2021-03-15,11.5,11.5,11.5,11.5,100
1050,2021-03-16,11.5,11.5,11.5,11.5,0
1051,2021-03-17,11.6,11.6,11.5,11.5,200
1052,2021-03-18,11.6,11.5,11.5,11.5,0
1053,2021-03-19,13.2,13.2,13.2,13.2,100
1054,2021-03-22,11.5,11.5,11.3,11.3,1000
1055,2021-03-23,11.3,11.3,11.3,11.3,0
1056,2021-03-24,11.5,12.0,11.5,12.0,1100
1057,2021-03-25,12.0,12.0,12.0,12.0,200
1058,2021-03-26,12.0,12.0,12.0,12.0,0
1059,2021-03-29,12.0,12.0,12.0,12.0,0
1060,2021-03-30,13.0,13.0,13.0,13.0,100
1061,2021-03-31,13.8,13.8,13.8,13.8,100
1062,2021-04-01,13.8,13.8,13.8,13.8,0
1063,2021-04-02,14.2,14.2,14.2,14.2,100
1064,2021-04-05,14.5,14.5,14.5,14.5,100
1065,2021-04-06,12.4,15.0,12.4,15.0,300
1066,2021-04-07,15.0,15.0,15.0,15.0,100
1067,2021-04-08,15.5,15.6,15.5,15.6,300
1068,2021-04-09,13.5,15.6,13.5,15.6,300
1069,2021-04-12,17.1,17.1,14.0,14.0,500
1070,2021-04-13,16.7,16.7,16.7,16.7,107
1071,2021-04-14,16.7,16.7,16.7,16.7,0
1072,2021-04-15,19.2,19.2,15.0,17.8,900
1073,2021-04-16,18.5,18.5,17.2,17.5,600
1074,2021-04-19,20.1,20.1,15.0,20.1,1600
1075,2021-04-20,16.9,20.1,20.1,20.1,0
1076,2021-04-22,17.2,17.2,17.2,17.2,100
1077,2021-04-23,17.2,17.2,17.2,17.2,0
1078,2021-04-26,17.2,17.2,17.2,17.2,0
1079,2021-04-27,17.2,17.2,17.2,17.2,0
1080,2021-04-28,17.2,17.2,17.2,17.2,0
1081,2021-04-29,17.2,17.2,17.2,17.2,0
1082,2021-05-04,15.0,15.0,15.0,15.0,1000
1083,2021-05-05,15.0,15.0,15.0,15.0,0
1084,2021-05-06,15.0,15.0,15.0,15.0,0
1085,2021-05-07,15.0,15.0,15.0,15.0,0
1086,2021-05-10,15.0,15.0,15.0,15.0,0
1087,2021-05-11,15.0,15.0,15.0,15.0,0
1088,2021-05-12,15.0,15.0,15.0,15.0,0
1089,2021-05-13,15.1,15.1,15.1,15.1,100
1090,2021-05-14,15.1,15.1,15.1,15.1,0
1091,2021-05-17,15.1,15.1,15.1,15.1,0
1092,2021-05-18,15.1,15.1,15.1,15.1,0
1093,2021-05-19,15.1,15.1,15.1,15.1,0
1094,2021-05-20,15.1,15.1,15.1,15.1,0
1095,2021-05-21,15.1,15.1,15.1,15.1,0
1096,2021-05-24,15.1,15.1,15.1,15.1,0
1097,2021-05-25,15.1,15.1,15.1,15.1,0
1098,2021-05-26,15.1,15.1,15.1,15.1,0
1099,2021-05-27,14.7,14.7,14.7,14.7,200
1100,2021-05-28,14.7,14.7,14.7,14.7,0
1101,2021-05-31,14.7,14.7,14.7,14.7,0
1102,2021-06-01,14.7,14.7,14.7,14.7,0
1103,2021-06-02,14.7,14.7,14.7,14.7,0
1104,2021-06-03,14.7,14.7,14.7,14.7,0
1105,2021-06-04,14.7,14.7,14.7,14.7,0
1106,2021-06-07,14.7,14.7,14.7,14.7,0
1107,2021-06-08,14.7,14.7,14.7,14.7,0
1108,2021-06-09,14.7,14.7,14.7,14.7,0
1109,2021-06-10,14.7,14.7,14.7,14.7,0
1110,2021-06-11,14.7,14.7,14.7,14.7,0
1111,2021-06-14,15.3,15.3,15.3,15.3,100
1112,2021-06-15,15.3,15.3,15.3,15.3,0
1113,2021-06-16,17.5,17.5,17.5,17.5,100
1114,2021-06-17,14.9,16.9,14.9,16.9,600
1115,2021-06-18,15.2,16.9,16.9,16.9,0
1116,2021-06-21,15.2,16.2,13.0,16.2,700
1117,2021-06-22,13.1,13.1,13.1,13.1,600
1118,2021-06-23,13.1,13.1,13.1,13.1,0
1119,2021-06-24,14.9,14.9,14.9,14.9,100
1120,2021-06-25,14.9,14.9,14.9,14.9,0
1121,2021-06-28,14.9,14.9,14.9,14.9,0
1122,2021-06-29,14.9,14.9,14.9,14.9,0
1123,2021-06-30,14.9,14.9,14.9,14.9,0
1124,2021-07-01,14.9,14.9,14.9,14.9,0
1125,2021-07-02,14.9,14.9,14.9,14.9,0
1126,2021-07-05,14.9,14.9,14.9,14.9,0
1127,2021-07-06,14.9,14.9,14.9,14.9,0
1128,2021-07-07,14.9,14.9,14.9,14.9,3
1129,2021-07-08,14.9,14.9,14.9,14.9,0
1130,2021-07-09,14.9,14.9,14.9,14.9,0
1131,2021-07-12,14.9,14.9,14.9,14.9,0
1132,2021-07-13,14.9,14.9,14.9,14.9,0
1133,2021-07-14,14.9,14.9,14.9,14.9,0
1134,2021-07-15,14.9,14.9,14.9,14.9,0
1135,2021-07-16,14.9,14.9,14.9,14.9,0
1136,2021-07-19,14.9,14.9,14.9,14.9,0
1137,2021-07-20,14.9,14.9,14.9,14.9,0
1138,2021-07-21,14.9,14.9,14.9,14.9,0
1139,2021-07-22,14.8,14.8,14.8,14.8,600
1140,2021-07-23,14.8,14.8,14.8,14.8,0
1141,2021-07-26,14.8,14.8,14.8,14.8,0
1142,2021-07-27,14.8,14.8,14.8,14.8,0
1143,2021-07-28,14.8,14.8,14.8,14.8,0
1144,2021-07-29,14.8,14.8,14.8,14.8,0
1145,2021-07-30,14.8,14.8,14.8,14.8,0
1146,2021-08-02,14.8,14.8,14.8,14.8,0
1147,2021-08-03,14.8,14.8,14.8,14.8,0
1148,2021-08-04,14.8,14.8,14.8,14.8,0
1149,2021-08-05,14.8,14.8,14.8,14.8,0
1150,2021-08-06,14.8,14.8,14.8,14.8,0
1151,2021-08-09,14.8,14.8,14.8,14.8,0
1152,2021-08-10,12.6,16.9,12.6,16.9,700
1153,2021-08-11,11.4,11.4,11.4,11.4,400
1154,2021-08-12,11.1,11.1,11.1,11.1,400
1155,2021-08-13,11.1,11.1,11.1,11.1,0
1156,2021-08-16,11.1,12.7,11.1,12.7,4200
1157,2021-08-17,14.2,14.2,14.2,14.2,2400
1158,2021-08-18,16.3,16.3,16.3,16.3,3600
1159,2021-08-19,16.5,16.5,16.4,16.4,1400
1160,2021-08-20,14.1,14.1,14.1,14.1,3500
1161,2021-08-23,14.1,14.1,14.1,14.1,410
1162,2021-08-24,14.1,14.1,14.1,14.1,0
1163,2021-08-25,14.1,14.1,14.1,14.1,100
1164,2021-08-26,14.1,14.1,14.1,14.1,0
1165,2021-08-27,14.1,14.1,14.1,14.1,500
1166,2021-08-30,14.1,16.2,14.1,16.2,7170
1167,2021-08-31,16.2,17.0,16.2,17.0,8800
1168,2021-09-01,16.9,16.9,16.9,16.9,500
1169,2021-09-06,16.9,16.9,14.5,14.6,2820
1170,2021-09-07,14.9,14.9,14.6,14.6,3300
1171,2021-09-08,14.6,14.6,14.6,14.6,200
1172,2021-09-09,12.5,12.8,12.5,12.8,1600
1173,2021-09-10,13.0,14.6,13.0,14.6,600
1174,2021-09-13,13.5,13.5,13.5,13.5,0
1175,2021-09-14,13.5,13.5,13.5,13.5,501
1176,2021-09-15,13.9,14.5,13.9,14.5,400
1177,2021-09-16,13.2,14.2,13.2,14.2,500
1178,2021-09-17,14.2,14.2,13.2,13.2,400
1179,2021-09-20,13.0,13.0,13.0,13.0,3000
1180,2021-09-21,13.0,13.0,13.0,13.0,100
1181,2021-09-22,14.5,14.5,14.5,14.5,100
1182,2021-09-23,14.5,14.5,14.5,14.5,0
1183,2021-09-24,13.0,13.0,12.4,12.4,1700
1184,2021-09-27,12.9,12.9,12.9,12.9,0
1185,2021-09-28,12.9,12.9,12.9,12.9,0
1186,2021-09-29,12.6,12.6,12.6,12.6,200
1187,2021-09-30,12.7,12.7,12.7,12.7,300
1188,2021-10-01,12.7,12.7,12.7,12.7,0
1189,2021-10-04,12.7,12.7,12.7,12.7,0
1190,2021-10-05,11.0,11.0,11.0,11.0,200
1191,2021-10-06,11.0,11.0,11.0,11.0,0
1192,2021-10-07,11.2,11.3,11.2,11.3,200
1193,2021-10-08,11.3,11.3,11.3,11.3,50
1194,2021-10-11,11.1,11.4,11.1,11.1,1300
1195,2021-10-12,11.2,11.2,11.2,11.2,0
1196,2021-10-13,12.8,12.8,12.8,12.8,100
1197,2021-10-14,12.8,12.8,12.8,12.8,0
1198,2021-10-15,12.8,12.8,12.8,12.8,0
1199,2021-10-18,12.0,12.0,12.0,12.0,200
1200,2021-10-19,12.0,12.0,12.0,12.0,0
1201,2021-10-20,12.0,12.0,12.0,12.0,0
1202,2021-10-21,12.0,12.0,12.0,12.0,0
1203,2021-10-22,12.0,12.0,12.0,12.0,100
1204,2021-10-25,11.2,11.2,11.2,11.2,700
1205,2021-10-26,11.3,11.3,11.3,11.3,200
1206,2021-10-27,11.3,11.3,11.3,11.3,0
1207,2021-10-28,11.3,11.3,11.3,11.3,0
1208,2021-10-29,12.4,12.4,12.4,12.4,700
1209,2021-11-01,12.0,12.0,12.0,12.0,1800
1210,2021-11-02,12.0,12.0,12.0,12.0,400
1211,2021-11-03,12.0,12.0,12.0,12.0,50
1212,2021-11-04,12.5,12.5,12.5,12.5,100
1213,2021-11-05,12.5,12.5,12.5,12.5,0
1214,2021-11-08,12.5,12.5,12.5,12.5,1000
1215,2021-11-09,12.5,12.5,12.5,12.5,0
1216,2021-11-10,11.0,13.9,11.0,13.8,400
1217,2021-11-11,13.2,13.2,13.2,13.2,0
1218,2021-11-12,13.2,13.2,13.2,13.2,0
1219,2021-11-15,13.2,13.2,13.2,13.2,0
1220,2021-11-16,13.2,13.2,13.2,13.2,0
1221,2021-11-17,12.2,12.2,12.2,12.2,300
1222,2021-11-18,12.2,12.2,10.5,10.5,3900
1223,2021-11-19,11.0,11.0,11.0,11.0,1200
1224,2021-11-22,11.0,11.0,11.0,11.0,0
1225,2021-11-23,11.2,11.2,10.8,10.8,1400
1226,2021-11-24,10.9,10.9,10.9,10.9,0
1227,2021-11-25,10.9,10.9,10.7,10.8,2000
1228,2021-11-26,12.2,12.2,12.2,12.2,500
1229,2021-11-29,12.2,13.4,12.2,13.4,2800
1230,2021-11-30,12.9,13.4,12.9,13.4,2900
1231,2021-12-01,13.1,13.1,13.1,13.1,100
1232,2021-12-02,13.0,13.0,13.0,13.0,500
1233,2021-12-03,13.0,13.0,13.0,13.0,1200
1234,2021-12-06,11.4,11.4,11.4,11.4,100
1235,2021-12-07,11.4,11.4,11.4,11.4,0
1236,2021-12-08,11.1,11.1,11.1,11.1,200
1237,2021-12-09,11.1,11.1,11.1,11.1,0
1238,2021-12-10,11.6,11.6,11.6,11.6,600
1239,2021-12-13,12.6,12.8,12.6,12.8,300
1240,2021-12-14,12.9,12.9,12.9,12.9,1300
1241,2021-12-15,13.0,13.9,13.0,13.9,2200
1242,2021-12-16,14.7,14.7,13.1,13.6,500
1243,2021-12-17,14.7,15.7,14.7,15.7,500
1244,2021-12-20,15.7,15.7,15.7,15.7,100
1245,2021-12-21,15.5,17.8,15.5,17.8,200
1246,2021-12-22,17.8,17.8,17.8,17.8,200
1247,2021-12-23,17.8,17.8,17.5,17.5,224
1248,2021-12-24,17.7,17.7,17.7,17.7,0
1249,2021-12-27,17.7,17.7,17.7,17.7,0
1250,2021-12-28,17.7,17.7,17.7,17.7,0
1251,2021-12-29,17.7,17.7,17.7,17.7,0
1252,2021-12-30,17.7,17.7,17.7,17.7,0
1253,2021-12-31,20.0,20.0,15.4,15.4,400
1254,2022-01-04,17.7,17.7,17.7,17.7,0
1255,2022-01-05,17.7,17.7,17.7,17.7,0
1256,2022-01-06,15.1,15.1,15.1,15.1,2500
1257,2022-01-07,15.1,15.1,15.1,15.1,0
1258,2022-01-10,12.9,12.9,12.9,12.9,100
1259,2022-01-11,12.9,12.9,12.9,12.9,24
1260,2022-01-12,12.0,12.0,12.0,12.0,800
1261,2022-01-13,12.0,12.0,12.0,12.0,2300
1262,2022-01-14,12.0,12.0,12.0,12.0,0
1263,2022-01-17,12.0,12.0,12.0,12.0,0
1264,2022-01-18,10.6,10.6,10.5,12.0,1800
1265,2022-01-19,10.5,10.5,10.5,10.5,0
1266,2022-01-20,10.5,10.5,10.5,10.5,0
1267,2022-01-21,12.0,12.0,11.2,12.0,1100
1268,2022-01-24,11.4,11.4,11.4,11.4,0
1269,2022-01-25,11.4,11.4,11.4,11.4,0
1270,2022-01-26,11.4,11.4,11.4,11.4,0
1271,2022-01-27,11.4,11.4,11.4,11.4,0
1272,2022-01-28,11.4,11.4,11.4,11.4,0
1273,2022-02-07,12.1,12.1,12.1,12.1,2500
1274,2022-02-08,13.1,13.1,13.1,13.1,100
1275,2022-02-09,11.5,11.5,11.5,11.5,100
1276,2022-02-10,11.5,11.5,11.5,11.5,0
1277,2022-02-11,11.5,11.5,11.5,11.5,0
1278,2022-02-14,11.5,11.5,11.5,11.5,0
1279,2022-02-15,11.5,11.5,11.5,11.5,0
1280,2022-02-16,11.5,11.5,11.5,11.5,0
1281,2022-02-17,11.5,11.5,11.5,11.5,0
1282,2022-02-18,11.5,11.5,11.5,11.5,200
1283,2022-02-21,11.6,11.6,11.6,11.6,1000
1284,2022-02-22,11.6,11.6,11.6,11.6,0
1285,2022-02-23,11.6,11.6,11.6,11.6,0
1286,2022-02-24,11.6,11.6,11.6,11.6,0
1287,2022-02-25,11.6,11.6,11.6,11.6,0
1288,2022-02-28,11.6,11.6,11.6,11.6,0
1289,2022-03-01,11.6,11.6,11.6,11.6,0
1290,2022-03-02,11.6,11.6,11.6,11.6,0
1291,2022-03-03,11.6,11.6,11.6,11.6,0
1292,2022-03-04,11.4,11.4,11.4,11.4,500
1293,2022-03-07,11.4,11.4,11.4,11.4,0
1294,2022-03-08,11.4,11.4,11.4,11.4,0
1295,2022-03-09,11.4,11.4,11.4,11.4,0
1296,2022-03-10,11.4,11.4,11.4,11.4,0
1297,2022-03-11,11.4,11.4,11.4,11.4,25
1298,2022-03-14,11.4,11.4,11.4,11.4,0
1299,2022-03-15,11.4,11.4,11.4,11.4,0
1300,2022-03-16,11.4,11.4,11.4,11.4,0
1301,2022-03-17,11.4,11.4,11.4,11.4,0
1302,2022-03-18,11.4,11.4,11.4,11.4,0
1303,2022-03-21,11.4,11.4,11.4,11.4,0
1304,2022-03-22,11.4,11.4,11.4,11.4,0
1305,2022-03-23,12.8,12.8,12.8,12.8,1000
1306,2022-03-24,12.8,12.8,12.8,12.8,100
1307,2022-03-25,12.8,12.8,12.8,12.8,0
1308,2022-03-28,12.8,12.8,12.8,12.8,1
1309,2022-03-29,13.0,13.0,13.0,13.0,100
1310,2022-03-30,13.0,13.0,13.0,13.0,0
1311,2022-03-31,13.0,13.0,13.0,13.0,0
1312,2022-04-01,13.0,13.0,13.0,13.0,0
1313,2022-04-04,12.9,12.9,12.9,12.9,700
1314,2022-04-05,12.9,12.9,12.9,12.9,0
1315,2022-04-06,12.9,12.9,12.9,12.9,0
1316,2022-04-07,12.9,12.9,12.9,12.9,0
1317,2022-04-08,12.9,12.9,12.9,12.9,0
1318,2022-04-12,12.9,12.9,12.9,12.9,0
1319,2022-04-13,12.9,12.9,12.9,12.9,0
1320,2022-04-14,12.9,12.9,12.9,12.9,0
1321,2022-04-15,12.9,12.9,12.9,12.9,200
1322,2022-04-18,14.6,14.6,14.6,14.6,100
1323,2022-04-19,14.6,14.6,14.6,14.6,0
1324,2022-04-20,14.6,14.6,14.6,14.6,0
1325,2022-04-21,14.6,14.6,14.6,14.6,0
1326,2022-04-22,14.6,14.6,14.6,14.6,0
1327,2022-04-25,14.6,14.6,14.6,14.6,0
1328,2022-04-26,14.6,14.6,14.6,14.6,0
1329,2022-04-27,14.6,14.6,14.6,14.6,0
1330,2022-04-28,14.6,14.6,14.6,14.6,0
1331,2022-04-29,14.6,14.6,14.6,14.6,0
1332,2022-05-04,14.6,14.6,14.6,14.6,0
1333,2022-05-05,14.6,14.6,14.6,14.6,0
1334,2022-05-06,14.6,14.6,14.6,14.6,0
1335,2022-05-09,14.6,14.6,14.6,14.6,0
1336,2022-05-10,14.6,14.6,14.6,14.6,0
1337,2022-05-11,14.6,14.6,14.6,14.6,0
1338,2022-05-12,14.6,14.6,14.6,14.6,0
1339,2022-05-13,14.6,14.6,14.6,14.6,0
1340,2022-05-16,14.6,14.6,14.6,14.6,0
1341,2022-05-17,14.6,14.6,14.6,14.6,0
1342,2022-05-18,14.6,14.6,14.6,14.6,0
1343,2022-05-19,14.6,14.6,14.6,14.6,0
1344,2022-05-20,14.6,14.6,14.6,14.6,0
1345,2022-05-23,14.6,14.6,14.6,14.6,0
1346,2022-05-24,14.6,14.6,14.6,14.6,0
1347,2022-05-25,14.6,14.6,14.6,14.6,0
1348,2022-05-26,14.6,14.6,14.6,14.6,0
1349,2022-05-27,14.6,14.6,14.6,14.6,0
1350,2022-05-30,14.6,14.6,14.6,14.6,0
1351,2022-05-31,14.6,14.6,14.6,14.6,0
1352,2022-06-01,14.6,14.6,14.6,14.6,0
1353,2022-06-02,14.6,14.6,14.6,14.6,0
1354,2022-06-03,14.6,14.6,14.6,14.6,0
1355,2022-06-06,14.6,14.6,14.6,14.6,0
1356,2022-06-07,14.6,14.6,14.6,14.6,0
1357,2022-06-08,14.6,14.6,14.6,14.6,0
1358,2022-06-09,14.6,14.6,14.6,14.6,0
1359,2022-06-10,14.6,14.6,14.6,14.6,0
1360,2022-06-13,14.6,14.6,14.6,14.6,0
1361,2022-06-14,14.6,14.6,14.6,14.6,0
1362,2022-06-15,8.8,8.8,8.8,8.8,300
1363,2022-06-16,8.0,8.0,8.0,8.0,500
1364,2022-06-17,8.0,8.0,8.0,8.0,900
1365,2022-06-20,7.1,7.1,7.1,7.1,100
1366,2022-06-21,7.0,7.0,6.9,6.9,1100
1367,2022-06-22,6.2,6.2,6.2,6.2,100
1368,2022-06-23,6.2,6.2,6.2,6.2,0
1369,2022-06-24,6.2,6.2,6.2,6.2,0
1370,2022-06-27,6.2,6.2,6.2,6.2,0
1371,2022-06-28,6.3,6.3,6.3,6.3,100
1372,2022-06-29,7.2,7.2,7.2,7.2,100
1373,2022-06-30,8.2,8.2,8.2,8.2,100
1374,2022-07-01,9.4,9.4,9.4,9.4,600
1375,2022-07-04,10.8,10.8,10.8,10.8,800
1376,2022-07-05,10.8,10.8,10.8,10.8,301
1377,2022-07-06,10.8,10.8,10.8,10.8,0
1378,2022-07-07,10.8,10.8,10.8,10.8,0
1379,2022-07-08,10.8,10.8,10.8,10.8,0
1380,2022-07-11,10.8,10.8,10.8,10.8,0
1381,2022-07-12,10.8,10.8,10.8,10.8,0
1382,2022-07-13,10.8,10.8,10.8,10.8,0
1383,2022-07-14,10.8,10.8,10.8,10.8,0
1384,2022-07-15,10.8,10.8,10.8,10.8,0
1385,2022-07-18,10.8,10.8,10.8,10.8,0
1386,2022-07-19,10.8,10.8,10.8,10.8,0
1387,2022-07-20,10.8,10.8,10.8,10.8,0
1388,2022-07-21,10.8,10.8,10.8,10.8,0
1389,2022-07-22,10.8,10.8,10.8,10.8,0
1390,2022-07-25,10.8,10.8,10.8,10.8,0
1391,2022-07-26,10.8,10.8,10.8,10.8,0
1392,2022-07-27,10.8,10.8,10.8,10.8,0
1393,2022-07-28,10.8,10.8,10.8,10.8,0
1394,2022-07-29,10.8,10.8,10.8,10.8,0
1395,2022-08-01,10.8,10.8,10.8,10.8,0
1396,2022-08-02,10.8,10.8,10.8,10.8,0
1397,2022-08-03,10.8,10.8,10.8,10.8,0
1398,2022-08-04,11.0,11.0,11.0,11.0,330
1399,2022-08-05,11.0,11.0,11.0,11.0,0
1400,2022-08-08,11.0,11.0,11.0,11.0,0
1401,2022-08-09,11.0,11.0,11.0,11.0,0
1402,2022-08-10,11.0,11.0,11.0,11.0,0
1403,2022-08-11,11.0,11.0,11.0,11.0,0
1404,2022-08-12,11.0,11.0,11.0,11.0,0
1405,2022-08-15,11.0,11.0,11.0,11.0,0
1406,2022-08-16,11.0,11.0,11.0,11.0,0
1407,2022-08-17,11.0,11.0,11.0,11.0,100
1408,2022-08-18,11.0,11.0,11.0,11.0,0
1409,2022-08-19,11.0,11.0,11.0,11.0,0
1410,2022-08-22,11.0,11.0,11.0,11.0,0
1411,2022-08-23,11.0,11.0,11.0,11.0,0
1412,2022-08-24,11.0,11.0,11.0,11.0,0
1413,2022-08-25,11.0,11.0,11.0,11.0,0
1414,2022-08-26,11.0,11.0,11.0,11.0,0
1415,2022-08-29,11.0,11.0,11.0,11.0,0
1416,2022-08-30,11.0,11.0,11.0,11.0,0
1417,2022-08-31,11.0,11.0,11.0,11.0,1
1418,2022-09-05,11.0,11.0,11.0,11.0,0
1419,2022-09-06,11.0,11.0,11.0,11.0,0
1420,2022-09-07,11.0,11.0,11.0,11.0,0
1421,2022-09-08,11.0,11.0,11.0,11.0,0
1422,2022-09-09,11.0,11.0,11.0,11.0,0
1423,2022-09-12,11.0,11.0,11.0,11.0,0
1424,2022-09-13,11.0,11.0,11.0,11.0,0
1425,2022-09-14,11.0,11.0,11.0,11.0,0
1426,2022-09-15,11.0,11.0,11.0,11.0,0
1427,2022-09-16,11.0,11.0,11.0,11.0,0
1428,2022-09-19,11.0,11.0,11.0,11.0,0
1429,2022-09-20,11.0,11.0,11.0,11.0,0
1430,2022-09-21,11.0,11.0,11.0,11.0,0
1431,2022-09-22,11.0,11.0,11.0,11.0,0
1432,2022-09-23,11.0,11.0,11.0,11.0,0
1433,2022-09-26,11.0,11.0,11.0,11.0,0
1434,2022-09-27,11.0,11.0,11.0,11.0,0
1435,2022-09-28,11.0,11.0,11.0,11.0,0
1436,2022-09-29,11.0,11.0,11.0,11.0,0
1437,2022-09-30,11.0,11.0,11.0,11.0,0
1438,2022-10-03,11.0,11.0,11.0,11.0,0
1439,2022-10-04,11.0,11.0,11.0,11.0,1
1440,2022-10-05,11.0,11.0,11.0,11.0,0
1441,2022-10-06,11.0,11.0,11.0,11.0,0
1442,2022-10-07,11.0,11.0,11.0,11.0,0
1443,2022-10-10,11.0,11.0,11.0,11.0,0
1444,2022-10-11,11.0,11.0,11.0,11.0,0
1445,2022-10-12,11.0,11.0,11.0,11.0,0
1446,2022-10-13,11.0,11.0,11.0,11.0,0
1447,2022-10-14,11.0,11.0,11.0,11.0,0
1448,2022-10-17,11.0,11.0,11.0,11.0,0
1449,2022-10-18,11.0,11.0,11.0,11.0,0
1450,2022-10-19,11.0,11.0,11.0,11.0,0
1451,2022-10-20,11.0,11.0,11.0,11.0,0
1452,2022-10-21,11.0,11.0,11.0,11.0,0
1453,2022-10-24,11.0,11.0,11.0,11.0,0
1454,2022-10-25,11.0,11.0,11.0,11.0,0
1455,2022-10-26,11.0,11.0,11.0,11.0,0
1456,2022-10-27,11.0,11.0,11.0,11.0,0
1457,2022-10-28,11.0,11.0,11.0,11.0,0
1458,2022-10-31,11.0,11.0,11.0,11.0,0
1459,2022-11-01,11.0,11.0,11.0,11.0,0
1460,2022-11-02,11.0,11.0,11.0,11.0,0
1461,2022-11-03,11.0,11.0,11.0,11.0,0
1462,2022-11-04,11.0,11.0,11.0,11.0,0
1463,2022-11-07,11.0,11.0,11.0,11.0,0
1464,2022-11-08,11.0,11.0,11.0,11.0,0
1465,2022-11-09,11.0,11.0,11.0,11.0,0
1466,2022-11-10,11.0,11.0,11.0,11.0,0
1467,2022-11-11,11.0,11.0,11.0,11.0,0
1468,2022-11-14,11.0,11.0,11.0,11.0,0
1469,2022-11-15,11.0,11.0,11.0,11.0,0
1470,2022-11-16,11.0,11.0,11.0,11.0,0
1471,2022-11-17,11.0,11.0,11.0,11.0,0
1472,2022-11-18,11.0,11.0,11.0,11.0,0
1473,2022-11-21,11.0,11.0,11.0,11.0,0
1474,2022-11-22,11.0,11.0,11.0,11.0,0
1475,2022-11-23,11.0,11.0,11.0,11.0,0
1476,2022-11-24,11.0,11.0,11.0,11.0,0
1477,2022-11-25,11.0,11.0,11.0,11.0,0
1478,2022-11-28,11.0,11.0,11.0,11.0,0
1479,2022-11-29,11.0,11.0,11.0,11.0,0
1480,2022-11-30,11.0,11.0,11.0,11.0,1000
1481,2022-12-01,11.0,12.5,11.0,12.5,400
1482,2022-12-02,11.8,11.8,11.8,11.8,0
1483,2022-12-05,12.6,12.6,12.6,12.6,100
1484,2022-12-06,13.8,13.8,13.8,13.8,200
1485,2022-12-07,14.5,14.5,14.5,14.5,100
1486,2022-12-08,14.5,14.5,14.5,14.5,100
1487,2022-12-09,14.4,14.4,14.4,14.4,156
1488,2022-12-12,15.8,15.8,15.8,15.8,100
1489,2022-12-13,15.8,15.8,15.8,15.8,0
1490,2022-12-14,15.8,15.8,15.8,15.8,0
1491,2022-12-15,15.8,15.8,15.8,15.8,1
1492,2022-12-16,15.8,15.8,15.8,15.8,0
1493,2022-12-19,15.8,15.8,15.8,15.8,0
1494,2022-12-20,15.8,15.8,15.8,15.8,0
1495,2022-12-21,15.8,15.8,15.8,15.8,0
1496,2022-12-22,15.8,15.8,15.8,15.8,0
1497,2022-12-23,15.8,15.8,15.8,15.8,0
1498,2022-12-26,15.8,15.8,15.8,15.8,0
1499,2022-12-27,15.8,15.8,15.8,15.8,0
1500,2022-12-28,15.8,15.8,15.8,15.8,0
1501,2022-12-29,15.8,15.8,15.8,15.8,0
1502,2022-12-30,15.8,15.8,15.8,15.8,0
1503,2023-01-03,15.8,15.8,15.8,15.8,0
1504,2023-01-04,15.8,15.8,15.8,15.8,0
1505,2023-01-05,15.8,15.8,15.8,15.8,0
1506,2023-01-06,15.8,15.8,15.8,15.8,0
1507,2023-01-09,15.8,15.8,15.8,15.8,0
1508,2023-01-10,15.8,15.8,15.8,15.8,0
1509,2023-01-11,13.5,13.5,13.5,13.5,800
1510,2023-01-12,11.5,11.5,11.5,11.5,500
1511,2023-01-13,11.5,11.5,11.5,11.5,0
1512,2023-01-16,11.5,11.5,11.5,11.5,0
1513,2023-01-17,11.5,11.5,11.5,11.5,200
1514,2023-01-18,11.5,11.5,11.5,11.5,0
1515,2023-01-19,11.5,11.5,11.5,11.5,0
1516,2023-01-27,11.5,11.5,11.5,11.5,0
1517,2023-01-30,11.5,11.5,11.5,11.5,0
1518,2023-01-31,9.8,9.8,9.8,9.8,500
1519,2023-02-01,11.0,11.0,8.4,8.4,1100
1520,2023-02-02,10.1,10.1,10.1,10.1,0
1521,2023-02-03,10.1,10.1,10.1,10.1,0
1522,2023-02-06,10.1,10.1,10.1,10.1,0
1523,2023-02-07,10.1,10.1,10.1,10.1,0
1524,2023-02-08,10.1,10.1,10.1,10.1,0
1525,2023-02-09,10.1,10.1,10.1,10.1,0
1526,2023-02-10,11.5,11.6,11.5,11.6,1300
1527,2023-02-13,11.6,11.6,11.6,11.6,0
1528,2023-02-14,11.6,11.6,11.6,11.6,0
1529,2023-02-15,11.6,11.6,11.6,11.6,0
1530,2023-02-16,11.6,11.6,11.6,11.6,1
1531,2023-02-17,11.6,11.6,11.6,11.6,0
1532,2023-02-20,11.6,11.6,11.6,11.6,0
1533,2023-02-21,11.6,11.6,11.6,11.6,0
1534,2023-02-22,11.6,11.6,11.6,11.6,10
1535,2023-02-23,11.6,11.6,11.6,11.6,0
1536,2023-02-24,11.6,11.6,11.6,11.6,1
1537,2023-02-27,11.6,11.6,11.6,11.6,0
1538,2023-02-28,11.6,11.6,11.6,11.6,0
1539,2023-03-01,11.6,11.6,11.6,11.6,1
1540,2023-03-02,11.6,11.6,11.6,11.6,0
1541,2023-03-03,11.6,11.6,11.6,11.6,0
1542,2023-03-06,11.6,11.6,11.6,11.6,0
1543,2023-03-07,11.6,11.6,11.6,11.6,0
1544,2023-03-08,11.6,11.6,11.6,11.6,0
1545,2023-03-09,11.6,11.6,11.6,11.6,0
1546,2023-03-10,11.6,11.6,11.6,11.6,0
1547,2023-03-13,11.6,11.6,11.6,11.6,0
1548,2023-03-14,11.6,11.6,11.6,11.6,0
1549,2023-03-15,11.6,11.6,11.6,11.6,0
1550,2023-03-16,11.6,11.6,11.6,11.6,0
1551,2023-03-17,11.6,11.6,11.6,11.6,100
1552,2023-03-20,11.6,11.6,11.6,11.6,0
1553,2023-03-21,11.6,11.6,11.6,11.6,0
1554,2023-03-22,11.6,11.6,11.6,11.6,0
1555,2023-03-23,11.6,11.6,11.6,11.6,0
1556,2023-03-24,11.6,11.6,11.6,11.6,0
1557,2023-03-27,11.6,11.6,11.6,11.6,0
1558,2023-03-28,11.6,11.6,11.6,11.6,0
1559,2023-03-29,11.4,11.4,11.4,11.4,1000
1560,2023-03-30,11.4,11.4,11.4,11.4,0
1561,2023-03-31,11.4,11.4,11.4,11.4,0
1562,2023-04-03,11.4,11.4,11.4,11.4,0
1563,2023-04-04,11.4,11.4,11.4,11.4,0
1564,2023-04-05,10.0,10.0,10.0,10.0,500
1565,2023-04-06,10.0,10.0,10.0,10.0,0
1566,2023-04-07,10.0,10.0,10.0,10.0,0
1567,2023-04-10,10.0,10.0,10.0,10.0,0
1568,2023-04-11,10.0,10.0,10.0,10.0,0
1569,2023-04-12,10.0,10.0,10.0,10.0,0
1570,2023-04-13,10.0,10.0,10.0,10.0,0
1571,2023-04-14,10.0,10.0,10.0,10.0,0
1572,2023-04-17,10.0,10.0,10.0,10.0,0
1573,2023-04-18,10.0,10.0,10.0,10.0,0
1574,2023-04-19,10.0,10.0,10.0,10.0,100
1575,2023-04-20,10.0,10.0,10.0,10.0,0
1576,2023-04-21,10.0,10.0,10.0,10.0,0
1577,2023-04-24,10.0,10.0,10.0,10.0,0
1578,2023-04-25,10.0,10.0,10.0,10.0,100
1579,2023-04-26,10.0,10.0,10.0,10.0,0
1580,2023-04-27,10.0,10.0,10.0,10.0,0
1581,2023-04-28,10.0,10.0,10.0,10.0,0
1582,2023-05-04,10.0,10.0,10.0,10.0,0
1583,2023-05-05,10.0,10.0,10.0,10.0,0
1584,2023-05-08,10.0,10.0,10.0,10.0,0
1585,2023-05-09,10.0,10.0,10.0,10.0,1
1586,2023-05-10,10.0,10.0,10.0,10.0,0
1587,2023-05-11,10.0,10.0,10.0,10.0,0
1588,2023-05-12,10.0,10.0,10.0,10.0,0
1589,2023-05-15,10.0,10.0,10.0,10.0,0
1590,2023-05-16,10.0,10.0,10.0,10.0,0
1591,2023-05-17,10.0,10.0,10.0,10.0,0
1592,2023-05-18,10.0,10.0,10.0,10.0,0
1593,2023-05-19,10.0,10.0,10.0,10.0,0
1594,2023-05-22,10.0,10.0,10.0,10.0,0
1595,2023-05-23,10.0,10.0,10.0,10.0,0
1596,2023-05-24,10.0,10.0,10.0,10.0,0
1597,2023-05-25,10.0,10.0,10.0,10.0,0
1598,2023-05-26,10.0,10.0,10.0,10.0,0
1599,2023-05-29,10.0,10.0,10.0,10.0,0
1600,2023-05-30,10.0,10.0,10.0,10.0,0
1601,2023-05-31,10.0,10.0,10.0,10.0,0
1602,2023-06-01,10.0,10.0,10.0,10.0,0
1603,2023-06-02,10.0,10.0,10.0,10.0,0
1604,2023-06-05,10.0,10.0,10.0,10.0,0
1605,2023-06-06,10.0,10.0,10.0,10.0,0
1606,2023-06-07,10.0,10.0,10.0,10.0,0
1607,2023-06-08,10.0,10.0,10.0,10.0,0
1608,2023-06-09,10.0,10.0,10.0,10.0,0
1609,2023-06-12,6.0,6.0,6.0,6.0,100
1610,2023-06-13,6.5,6.5,6.5,6.5,100
1611,2023-06-14,6.5,6.5,6.5,6.5,0
1612,2023-06-15,7.4,7.4,7.4,7.4,100
1613,2023-06-16,7.0,7.0,7.0,7.0,1000
1614,2023-06-19,7.0,7.0,7.0,7.0,0
1615,2023-06-20,6.8,6.8,6.8,6.8,100
1616,2023-06-21,6.8,6.8,6.8,6.8,0
1617,2023-06-22,6.8,6.8,6.8,6.8,0
1618,2023-06-23,6.8,6.8,6.8,6.8,0
1619,2023-06-26,6.8,6.8,6.8,6.8,0
1620,2023-06-27,6.8,6.8,6.8,6.8,600
1621,2023-06-28,6.8,6.8,6.8,6.8,0
1622,2023-06-29,7.8,7.8,7.8,7.8,200
1623,2023-06-30,8.0,8.6,8.0,8.6,500
1624,2023-07-03,8.1,8.1,8.1,8.1,0
1625,2023-07-04,7.2,8.9,7.2,8.9,400
1626,2023-07-05,8.6,9.0,8.6,9.0,300
1627,2023-07-06,9.9,9.9,7.7,7.7,400
1628,2023-07-07,8.8,8.8,8.8,8.8,0
1629,2023-07-10,7.7,7.7,7.6,7.6,400
1630,2023-07-11,7.7,7.7,7.7,7.7,0
1631,2023-07-12,7.7,7.7,7.7,7.7,0
1632,2023-07-13,7.7,7.7,7.7,7.7,0
1633,2023-07-14,7.7,7.7,7.7,7.7,0
1634,2023-07-17,7.7,7.7,7.7,7.6,7
1635,2023-07-18,8.0,8.0,8.0,8.0,100
1636,2023-07-19,9.0,9.2,9.0,9.2,1800
1637,2023-07-20,10.0,10.0,10.0,10.0,100
1638,2023-07-21,10.0,10.0,10.0,10.0,0
1639,2023-07-24,10.0,10.0,10.0,10.0,13
1640,2023-07-25,10.0,10.0,10.0,10.0,0
1641,2023-07-26,10.0,10.0,10.0,10.0,0
1642,2023-07-27,10.0,10.0,10.0,10.0,0
1643,2023-07-28,8.5,8.5,8.5,8.5,100
1644,2023-07-31,8.5,8.5,8.5,8.5,200
1645,2023-08-01,8.5,8.5,8.5,8.5,0
1646,2023-08-02,8.5,8.5,8.5,8.5,0
1647,2023-08-03,8.5,8.5,8.5,8.5,0
1648,2023-08-04,8.5,8.5,8.5,8.5,0
1649,2023-08-07,8.5,8.5,8.5,8.5,0
1650,2023-08-08,8.5,8.5,8.5,8.5,0
1651,2023-08-09,8.5,8.5,8.5,8.5,0
1652,2023-08-10,8.5,8.5,8.5,8.5,0
1653,2023-08-11,8.5,8.5,8.5,8.5,0
1654,2023-08-14,8.5,8.5,8.5,8.5,0
1655,2023-08-15,9.5,9.5,9.5,9.5,100
1656,2023-08-16,9.5,9.5,9.5,9.5,0
1657,2023-08-17,9.5,9.5,9.5,9.5,0
1658,2023-08-18,9.8,9.8,9.8,9.8,100
1659,2023-08-21,9.8,9.8,9.8,9.8,0
1660,2023-08-22,9.8,9.8,9.8,9.8,0
1661,2023-08-23,9.8,9.8,9.8,9.8,0
1662,2023-08-24,9.8,9.8,9.8,9.8,0
1663,2023-08-25,9.8,9.8,9.8,9.8,0
1664,2023-08-28,9.8,9.8,9.8,9.8,0
1665,2023-08-29,9.8,9.8,9.8,9.8,0
1666,2023-08-30,9.8,9.8,9.8,9.8,0
1667,2023-08-31,9.8,9.8,9.8,9.8,0
1668,2023-09-05,9.8,9.8,9.8,9.8,0
1669,2023-09-06,9.8,9.8,9.8,9.8,0
1670,2023-09-07,9.8,9.8,9.8,9.8,0
1671,2023-09-08,9.8,9.8,9.8,9.8,0
1672,2023-09-11,9.8,9.8,9.8,9.8,0
1673,2023-09-12,9.8,9.8,9.8,9.8,0
1674,2023-09-13,9.8,9.8,9.8,9.8,0
1675,2023-09-14,9.8,9.8,9.8,9.8,0
1676,2023-09-15,9.8,9.8,9.8,9.8,0
1677,2023-09-18,9.8,9.8,9.8,9.8,0
1678,2023-09-19,9.8,9.8,9.8,9.8,0
1679,2023-09-20,9.8,9.8,9.8,9.8,0
1680,2023-09-21,9.8,9.8,9.8,9.8,0
1681,2023-09-22,9.8,9.8,9.8,9.8,0
1682,2023-09-25,9.8,9.8,9.8,9.8,0
1683,2023-09-26,9.8,9.8,9.8,9.8,0
1684,2023-09-27,9.8,9.8,9.8,9.8,0
1685,2023-09-28,9.8,9.8,9.8,9.8,0
1686,2023-09-29,9.8,9.8,9.8,9.8,0
1687,2023-10-02,9.8,9.8,9.8,9.8,0
1688,2023-10-03,6.0,6.0,6.0,6.0,100
1689,2023-10-04,6.9,6.9,6.9,6.9,1300
1690,2023-10-05,6.9,6.9,6.9,6.9,0
1691,2023-10-06,6.9,6.9,6.9,6.9,0
1692,2023-10-09,7.9,7.9,7.9,7.9,1100
1693,2023-10-10,7.9,7.9,7.9,7.9,0
1694,2023-10-11,7.9,7.9,7.9,7.9,0
1695,2023-10-12,7.9,7.9,7.9,7.9,0
1696,2023-10-13,7.9,7.9,7.9,7.9,0
1697,2023-10-16,7.9,7.9,7.9,7.9,0
1698,2023-10-17,7.9,7.9,7.9,7.9,100
1699,2023-10-18,7.9,7.9,7.9,7.9,0
1700,2023-10-19,7.9,7.9,7.9,7.9,0
1701,2023-10-20,7.9,7.9,7.9,7.9,0
1702,2023-10-23,7.9,7.9,7.9,7.9,0
1703,2023-10-24,7.9,7.9,7.9,7.9,0
1704,2023-10-25,7.9,7.9,7.9,7.9,0
1705,2023-10-26,7.9,7.9,7.9,7.9,0
1706,2023-10-27,7.9,7.9,7.9,7.9,0
1707,2023-10-30,7.9,7.9,7.9,7.9,0
1708,2023-10-31,7.9,7.9,7.9,7.9,0
1709,2023-11-01,7.9,7.9,7.9,7.9,1000
1710,2023-11-02,7.0,7.0,7.0,7.0,100
1711,2023-11-03,6.0,6.0,6.0,6.0,100
1712,2023-11-06,6.0,6.0,6.0,6.0,500
1713,2023-11-07,6.0,6.0,6.0,6.0,0
1714,2023-11-08,6.0,6.0,6.0,6.0,0
1715,2023-11-09,6.9,6.9,6.9,6.9,3000
1716,2023-11-10,6.9,6.9,6.9,6.9,0
1717,2023-11-13,6.9,6.9,6.9,6.9,0
1718,2023-11-14,6.9,6.9,6.9,6.9,0
1719,2023-11-15,6.9,6.9,6.9,6.9,0
1720,2023-11-16,6.9,6.9,6.9,6.9,0
1721,2023-11-17,6.9,6.9,6.9,6.9,0
1722,2023-11-20,6.9,6.9,6.9,6.9,0
1723,2023-11-21,6.9,6.9,6.9,6.9,0
1724,2023-11-22,6.9,6.9,6.9,6.9,0
1725,2023-11-23,6.9,6.9,6.9,6.9,0
1726,2023-11-24,6.9,6.9,6.9,6.9,0
1727,2023-11-27,7.8,7.8,7.8,7.8,100
1728,2023-11-28,8.7,8.7,8.7,8.7,100
1729,2023-11-29,8.7,8.7,8.7,8.7,0
1730,2023-11-30,8.7,8.7,8.7,8.7,0
1731,2023-12-01,9.5,9.5,9.5,9.5,100
1732,2023-12-04,9.5,9.5,9.5,9.5,0
1733,2023-12-05,9.5,9.5,9.5,9.5,0
1734,2023-12-06,9.5,9.5,9.5,9.5,0
1735,2023-12-07,9.5,9.5,9.5,9.5,0
1736,2023-12-08,9.5,9.5,9.5,9.5,0
1737,2023-12-11,9.5,9.5,9.5,9.5,0
1738,2023-12-12,9.5,9.5,9.5,9.5,0
1739,2023-12-13,9.5,9.5,9.5,9.5,100
1740,2023-12-14,9.5,9.5,9.5,9.5,0
1741,2023-12-15,9.5,9.5,9.5,9.5,0
1742,2023-12-18,9.5,9.5,9.5,9.5,0
1743,2023-12-19,10.6,10.6,10.6,10.6,100
1744,2023-12-20,10.6,10.6,10.6,10.6,0
1745,2023-12-21,11.6,11.6,11.6,11.6,100
1746,2023-12-22,11.6,11.6,11.6,11.6,0
1747,2023-12-25,11.6,11.6,11.6,11.6,0
1748,2023-12-26,13.0,13.0,13.0,13.0,100
1749,2023-12-27,14.8,14.8,14.8,14.8,101
1750,2023-12-28,16.0,16.0,16.0,16.0,100
1751,2023-12-29,13.6,13.6,13.6,13.6,100
1752,2024-01-02,13.6,13.6,13.6,13.6,1000
1753,2024-01-03,13.6,13.6,13.6,13.6,0
1754,2024-01-04,13.6,13.6,13.6,13.6,0
1755,2024-01-05,13.6,13.6,13.6,13.6,0
1756,2024-01-08,13.6,13.6,13.6,13.6,0
1757,2024-01-09,11.6,11.6,11.6,11.6,100
1758,2024-01-10,11.6,11.6,11.6,11.6,0
1759,2024-01-11,11.6,11.6,11.6,11.6,0
1760,2024-01-12,11.6,11.6,11.6,11.6,0
1761,2024-01-15,11.6,11.6,11.6,11.6,0
1762,2024-01-16,11.6,11.6,11.6,11.6,0
1763,2024-01-17,11.6,11.6,11.6,11.6,0
1764,2024-01-18,11.6,11.6,11.6,11.6,0
1765,2024-01-19,11.6,11.6,11.6,11.6,0
1766,2024-01-22,11.6,11.6,11.6,11.6,0
1767,2024-01-23,11.6,11.6,11.6,11.6,0
1768,2024-01-24,11.6,11.6,11.6,11.6,0
1769,2024-01-25,11.6,11.6,11.6,11.6,0
1770,2024-01-26,11.6,11.6,11.6,11.6,0
1771,2024-01-29,11.6,11.6,11.6,11.6,0
1772,2024-01-30,11.6,11.6,11.6,11.6,0
1773,2024-01-31,11.6,11.6,11.6,11.6,0
1774,2024-02-01,11.6,11.6,11.6,11.6,0
1775,2024-02-02,11.6,11.6,11.6,11.6,0
1776,2024-02-05,11.6,11.6,11.6,11.6,0
1777,2024-02-06,11.6,11.6,11.6,11.6,0
1778,2024-02-07,11.6,11.6,11.6,11.6,0
1779,2024-02-15,11.6,11.6,11.6,11.6,0
1780,2024-02-16,9.9,9.9,9.9,9.9,600
1781,2024-02-19,10.0,10.0,10.0,10.0,100
1782,2024-02-20,10.0,10.0,10.0,10.0,0
1783,2024-02-21,10.0,10.0,10.0,10.0,0
1784,2024-02-22,10.0,10.0,10.0,10.0,0
1785,2024-02-23,9.5,9.5,9.5,9.5,300
1786,2024-02-26,9.5,9.5,9.5,9.5,0
1787,2024-02-27,9.0,9.0,9.0,9.0,500
1788,2024-02-28,9.0,9.0,9.0,9.0,0
1789,2024-02-29,9.0,9.0,9.0,9.0,0
1790,2024-03-01,9.0,9.0,9.0,9.0,0
1791,2024-03-04,9.0,9.0,9.0,9.0,0
1792,2024-03-05,7.7,7.7,7.7,7.7,500
1793,2024-03-06,8.8,8.8,8.8,8.8,1300
1794,2024-03-07,8.8,8.8,8.8,8.8,900
1795,2024-03-08,8.8,8.8,8.8,8.8,0
1796,2024-03-11,8.8,8.8,8.8,8.8,0
1797,2024-03-12,8.8,8.8,8.8,8.8,1100
1798,2024-03-13,8.8,8.8,8.8,8.8,0
1799,2024-03-14,8.8,8.8,8.8,8.8,0
1800,2024-03-15,8.8,8.8,8.8,8.8,0
1801,2024-03-18,8.8,8.8,8.8,8.8,0
1802,2024-03-19,8.8,8.8,8.8,8.8,0
1803,2024-03-20,8.8,8.8,8.8,8.8,0
1804,2024-03-21,8.8,8.8,8.8,8.8,0
1805,2024-03-22,10.1,10.1,10.1,10.1,500
1806,2024-03-25,10.1,10.1,10.1,10.1,0
1807,2024-03-26,10.1,10.1,10.1,10.1,0
1808,2024-03-27,10.1,10.1,10.1,10.1,0
1809,2024-03-28,10.1,10.1,10.1,10.1,0
1810,2024-03-29,10.1,10.1,10.1,10.1,0
1811,2024-04-01,10.1,10.1,10.1,10.1,0
1812,2024-04-02,10.0,10.0,10.0,10.0,300
1813,2024-04-03,10.0,10.0,10.0,10.0,100
1814,2024-04-04,10.0,10.0,10.0,10.0,0
1815,2024-04-05,10.0,10.0,10.0,10.0,0
1816,2024-04-08,10.0,10.0,10.0,10.0,1
1817,2024-04-09,10.0,10.0,10.0,10.0,1
1818,2024-04-10,10.0,10.0,10.0,10.0,0
1819,2024-04-11,10.0,10.0,10.0,10.0,0
1820,2024-04-12,10.0,10.0,10.0,10.0,0
1821,2024-04-15,10.0,10.0,10.0,10.0,0
1822,2024-04-16,10.0,10.0,10.0,10.0,0
1823,2024-04-17,10.0,10.0,10.0,10.0,0
1824,2024-04-19,10.0,10.0,10.0,10.0,0
1825,2024-04-22,10.0,10.0,10.0,10.0,0
1826,2024-04-23,9.9,9.9,9.9,9.9,100
1827,2024-04-24,9.9,9.9,9.9,9.9,200
1828,2024-04-25,9.9,9.9,9.9,9.9,0
1829,2024-04-26,9.9,9.9,9.9,9.9,0
1830,2024-05-02,8.5,9.0,8.5,9.0,300
1831,2024-05-03,8.7,8.7,8.7,8.7,0
1832,2024-05-06,8.7,8.7,8.7,8.7,0
1833,2024-05-07,8.7,8.7,8.7,8.7,0
1834,2024-05-08,8.7,8.7,8.7,8.7,0
1835,2024-05-09,8.7,8.7,8.7,8.7,0
1836,2024-05-10,8.7,8.7,8.7,8.7,0
1837,2024-05-13,8.7,8.7,8.7,8.7,0
1838,2024-05-14,8.7,8.7,8.7,8.7,0
1839,2024-05-15,8.7,8.7,8.7,8.7,0
1840,2024-05-16,8.7,8.7,8.7,8.7,100
1841,2024-05-17,8.7,8.7,8.7,8.7,0
1842,2024-05-20,8.7,8.7,8.7,8.7,0
1843,2024-05-21,8.7,8.7,8.7,8.7,0
1844,2024-05-22,8.7,8.7,8.7,8.7,0
1845,2024-05-23,8.7,8.7,8.7,8.7,0
1846,2024-05-24,8.7,8.7,8.7,8.7,0
1847,2024-05-27,8.7,8.7,8.7,8.7,0
1848,2024-05-28,8.7,8.7,8.7,8.7,0
1849,2024-05-29,8.7,8.7,8.7,8.7,0
1850,2024-05-30,8.7,8.7,8.7,8.7,0
1851,2024-05-31,8.7,8.7,8.7,8.7,0
1852,2024-06-03,9.5,9.5,9.5,9.5,300
1853,2024-06-04,9.5,9.5,9.5,9.5,0
1854,2024-06-05,9.5,9.5,9.5,9.5,1
1855,2024-06-06,10.8,10.8,10.8,10.8,100
1856,2024-06-07,10.8,10.8,9.2,9.2,2028
1857,2024-06-10,9.3,9.3,9.3,9.3,0
1858,2024-06-11,9.3,9.3,9.3,9.3,0
1859,2024-06-12,9.3,9.3,9.3,9.3,100
1860,2024-06-13,9.3,9.3,9.3,9.3,0
1861,2024-06-14,10.5,10.5,10.5,10.5,100
1862,2024-06-17,10.5,10.5,10.5,10.5,0
1863,2024-06-18,10.5,10.5,10.5,10.5,0
1864,2024-06-19,10.5,10.5,10.5,10.5,1
1865,2024-06-20,9.0,10.0,9.0,9.9,1400
1866,2024-06-21,9.2,9.2,9.2,9.2,0
1867,2024-06-24,9.2,9.2,9.2,9.2,0
1868,2024-06-25,9.0,9.0,9.0,9.0,100
1869,2024-06-26,9.4,9.4,9.4,9.4,500
1870,2024-06-27,9.4,9.4,9.4,9.4,0
1871,2024-06-28,9.4,9.4,9.4,9.4,0
1872,2024-07-01,9.4,9.4,9.4,9.4,0
1873,2024-07-02,9.4,9.4,9.4,9.4,0
1874,2024-07-03,9.4,9.4,9.4,9.4,0
1875,2024-07-04,9.4,9.4,9.4,9.4,0
1876,2024-07-05,9.4,9.4,9.4,9.4,1
1877,2024-07-08,9.4,9.4,9.4,9.4,1
1878,2024-07-09,9.4,9.4,9.4,9.4,0
1879,2024-07-10,9.4,9.4,9.4,9.4,0
1880,2024-07-11,9.4,9.4,9.4,9.4,0
1881,2024-07-12,9.4,9.4,9.4,9.4,0
1882,2024-07-15,9.4,9.4,9.4,9.4,27
1883,2024-07-16,9.4,9.4,9.4,9.4,400
1884,2024-07-17,8.2,8.2,8.2,8.2,400
1885,2024-07-18,8.2,8.2,8.2,8.2,0
1886,2024-07-19,8.2,8.2,8.2,8.2,0
1887,2024-07-22,9.3,9.3,9.3,9.3,827
1888,2024-07-23,9.3,9.3,9.3,9.3,1
1889,2024-07-24,9.3,9.3,9.3,9.3,0
1890,2024-07-25,9.3,9.3,9.3,9.3,200
1891,2024-08-06,9.0,9.0,9.0,9.0,100
1892,2024-08-09,7.7,7.7,7.7,7.7,100
1893,2024-08-13,8.7,8.7,8.7,8.7,100
1894,2024-08-28,8.0,8.0,8.0,8.0,200
1895,2024-09-16,8.0,9.1,8.0,9.1,300
1896,2024-11-14,9.0,9.0,9.0,9.0,100
1897,2024-11-15,10.0,10.0,10.0,10.0,100
1898,2024-11-18,10.3,10.3,10.3,10.3,100
1899,2024-11-20,10.3,10.3,10.0,10.0,300
1900,2024-11-21,11.3,11.3,11.3,11.3,100
1901,2024-11-26,12.3,12.3,12.3,12.3,200
1902,2024-11-27,13.2,13.2,10.1,10.1,600
1903,2024-11-28,10.1,10.1,9.1,9.1,700
1904,2024-11-29,10.8,10.8,10.8,10.8,100
1905,2024-12-02,12.0,12.0,12.0,12.0,100
1906,2024-12-12,10.2,10.5,10.2,10.2,800
1907,2024-12-13,11.6,11.6,8.7,8.7,6600
1908,2024-12-16,10.0,10.0,10.0,10.0,100
1909,2024-12-17,11.2,11.2,8.5,8.5,500
1910,2024-12-18,9.5,9.5,8.6,9.3,500
1911,2024-12-19,9.3,9.9,9.3,9.9,300
1912,2024-12-20,9.3,9.3,9.3,9.3,200
1913,2024-12-24,9.0,9.0,8.8,8.8,1800
1914,2024-12-25,9.4,9.4,8.8,8.8,800
1915,2024-12-26,9.3,9.3,9.3,9.3,100
1916,2024-12-27,10.5,10.5,10.5,10.5,200
1917,2024-12-30,9.2,9.2,9.0,9.0,1900
1918,2024-12-31,10.2,10.2,10.2,10.2,200
1919,2025-01-10,8.8,8.8,8.8,8.8,5400
1920,2025-01-20,8.8,8.8,8.8,8.8,300
1921,2025-01-21,8.8,8.8,8.8,8.8,300
1922,2025-01-22,8.8,8.8,8.8,8.8,400
1923,2025-01-23,9.4,9.4,9.4,9.4,100
1924,2025-02-05,9.4,9.4,9.4,9.4,100
1925,2025-02-06,9.4,9.4,9.4,9.4,700
1926,2025-02-07,9.4,9.4,9.4,9.4,500
1927,2025-02-10,9.4,9.4,9.4,9.4,500
1928,2025-02-11,9.4,9.4,9.1,9.2,2900
1929,2025-02-12,9.4,10.7,9.4,9.4,1500
1930,2025-02-13,10.1,10.1,10.1,10.1,100
1931,2025-02-14,10.0,10.1,9.4,10.1,1600
1932,2025-02-17,10.2,10.2,10.2,10.2,100
1933,2025-02-20,10.1,10.1,10.1,10.1,300
1934,2025-02-21,10.8,10.8,10.4,10.4,200
1935,2025-02-24,11.5,11.5,11.5,11.5,100
1936,2025-02-26,12.5,12.5,12.5,12.5,200
1937,2025-02-27,13.0,13.0,10.2,10.3,2800
1938,2025-02-28,11.5,11.5,11.5,11.5,100
1939,2025-03-03,9.8,9.8,9.8,9.8,1200
1940,2025-03-04,9.8,11.2,8.7,8.8,1200
1941,2025-03-05,9.9,9.9,9.9,9.9,100
1942,2025-03-06,9.8,9.8,9.3,9.3,1800
1943,2025-03-07,8.6,8.9,8.6,8.9,1300
1944,2025-03-10,8.8,9.9,8.8,9.9,200
1945,2025-03-11,9.9,9.9,9.9,9.9,200
1946,2025-03-19,9.7,9.7,9.7,9.7,500
1947,2025-03-21,10.8,10.8,10.8,10.8,100
1948,2025-03-25,10.8,12.0,9.2,9.2,300
1949,2025-03-26,9.2,9.2,9.2,9.2,100
1950,2025-03-27,9.7,9.7,9.7,9.7,100
1951,2025-03-28,9.9,9.9,9.9,9.9,100
1952,2025-03-31,10.0,10.0,10.0,10.0,100
1953,2025-04-01,9.3,9.9,9.3,9.9,1300
1954,2025-04-03,10.7,10.7,10.5,10.5,600
1955,2025-04-08,9.1,9.1,9.1,9.1,300
1956,2025-04-10,9.5,9.5,9.5,9.5,100
1957,2025-04-11,9.2,9.2,9.2,9.2,100
1958,2025-04-15,8.2,8.2,8.1,8.2,500
1959,2025-04-16,9.2,9.2,9.2,9.2,600
1960,2025-04-18,7.9,7.9,7.9,7.9,100
1961,2025-04-21,8.9,8.9,8.9,8.9,100
1962,2025-04-22,9.2,9.2,9.2,9.2,400
1963,2025-04-23,9.3,9.3,9.3,9.3,100
1964,2025-05-05,8.9,8.9,8.9,8.9,200
1965,2025-05-06,9.4,9.4,9.0,9.0,1000
1966,2025-05-07,9.1,9.1,9.1,9.1,200
1967,2025-05-08,9.6,9.6,9.6,9.6,300
1968,2025-05-12,9.5,9.5,9.5,9.5,100
1969,2025-05-13,9.7,9.7,9.5,9.5,200
1970,2025-05-14,9.5,9.5,9.5,9.5,100
1971,2025-05-19,9.8,9.9,9.7,9.9,5300
1972,2025-05-20,10.1,10.1,10.1,10.1,200
1973,2025-05-22,11.5,11.5,11.0,11.0,300
1974,2025-05-26,9.7,9.7,9.7,9.7,1500
1975,2025-05-27,10.1,10.1,10.1,10.1,200
1976,2025-05-29,8.6,9.8,8.6,9.5,1200
1977,2025-05-30,9.6,9.7,9.6,9.7,500
1978,2025-06-02,8.4,9.8,8.4,9.8,6500
1979,2025-06-03,9.4,9.5,9.4,9.5,300
1980,2025-06-04,9.7,10.8,9.7,9.9,300
1981,2025-06-05,10.2,10.2,8.9,8.9,200
1982,2025-06-06,10.1,10.1,10.1,10.1,100
1983,2025-06-13,9.6,9.6,9.2,9.4,2000
1984,2025-06-17,10.7,10.7,10.7,10.7,300
1985,2025-06-20,9.1,9.1,9.1,9.1,2000
1986,2025-06-23,9.1,10.1,9.1,9.8,700
1987,2025-06-24,10.9,10.9,10.3,10.4,600
1988,2025-06-26,9.5,9.5,9.5,9.5,200
1989,2025-06-27,10.4,10.4,9.7,9.7,700
1990,2025-06-30,10.2,10.2,10.0,10.0,400
1991,2025-07-01,10.0,10.0,10.0,10.0,200
1992,2025-07-03,10.3,10.3,10.3,10.3,100
1993,2025-07-04,9.0,9.7,8.9,9.7,7600
1994,2025-07-07,10.3,10.3,10.3,10.3,200
1995,2025-07-08,9.7,9.7,9.7,9.7,2000
1996,2025-07-09,9.7,9.7,9.6,9.6,300
1997,2025-07-10,9.4,9.4,8.8,9.4,1400
1998,2025-07-11,9.2,9.6,9.2,9.5,1100
1999,2025-07-14,9.4,9.4,9.4,9.4,700
2000,2025-07-15,9.1,9.3,9.1,9.2,600
2001,2025-07-16,9.7,9.7,9.5,9.5,700
2002,2025-07-17,9.4,9.4,9.4,9.4,200
2003,2025-07-18,9.3,9.3,8.3,9.3,1400
2004,2025-07-21,9.3,9.3,9.1,9.1,1000
2005,2025-07-22,8.3,8.9,8.3,8.9,500
2006,2025-07-23,9.0,9.4,9.0,9.0,2400
2007,2025-07-24,9.1,9.3,9.1,9.3,500
2008,2025-07-25,9.3,9.3,9.3,9.3,600
2009,2025-07-28,8.1,9.3,8.1,9.1,1400
2010,2025-07-29,9.3,9.3,9.3,9.3,200
2011,2025-07-31,9.3,9.3,9.3,9.3,200
2012,2025-08-01,9.4,9.4,9.4,9.4,100
2013,2025-08-05,8.0,8.3,8.0,8.1,7500
2014,2025-08-07,8.9,8.9,8.7,8.7,3900
2015,2025-08-08,8.7,8.8,8.7,8.8,1400
2016,2025-08-11,9.7,9.7,9.7,9.7,100
2017,2025-08-12,8.5,8.7,8.5,8.7,1300
2018,2025-08-13,9.1,9.1,9.1,9.1,300
2019,2025-08-14,8.4,8.4,8.4,8.4,300
2020,2025-08-15,8.9,8.9,8.9,8.9,200
2021,2025-08-18,8.1,8.1,8.1,8.1,200
2022,2025-08-20,8.5,8.5,8.5,8.5,100
2023,2025-08-21,8.9,8.9,8.9,8.9,100
2024,2025-08-28,9.0,9.0,9.0,9.0,100
2025,2025-09-03,8.9,8.9,8.8,8.8,900
2026,2025-09-05,8.8,9.8,8.8,9.8,400
2027,2025-09-10,11.0,11.0,9.9,10.0,2900
2028,2025-09-11,9.8,9.8,9.8,9.8,2000
2029,2025-09-12,9.7,9.7,9.7,9.7,500
2030,2025-09-19,9.7,9.7,9.7,9.7,100
2031,2025-09-25,9.6,9.6,9.6,9.6,200
2032,2025-09-30,9.6,9.6,9.6,9.6,100
2033,2025-10-03,9.5,9.5,9.5,9.5,100
2034,2025-10-06,9.3,9.3,9.3,9.3,300
2035,2025-10-07,9.5,9.5,9.5,9.5,200
2036,2025-10-10,9.5,9.5,9.5,9.5,100
2037,2025-10-14,9.9,9.9,9.9,9.9,100
