,time,open,high,low,close,volume
0,2016-07-29,4.99,0.0,0.0,0.0,0
1,2016-08-01,4.99,0.0,0.0,0.0,0
2,2016-08-02,4.99,0.0,0.0,0.0,0
3,2016-08-03,4.99,0.0,0.0,0.0,0
4,2016-08-04,4.99,0.0,0.0,0.0,0
5,2016-08-05,4.99,0.0,0.0,0.0,0
6,2016-08-08,4.99,0.0,0.0,0.0,0
7,2016-08-09,4.99,0.0,0.0,0.0,0
8,2016-08-10,4.99,0.0,0.0,0.0,0
9,2016-08-11,4.99,0.0,0.0,0.0,0
10,2016-08-12,4.99,0.0,0.0,0.0,0
11,2016-08-15,4.99,0.0,0.0,0.0,0
12,2016-08-16,4.99,0.0,0.0,0.0,0
13,2016-08-17,4.99,0.0,0.0,0.0,0
14,2016-08-18,4.99,0.0,0.0,0.0,0
15,2016-08-19,4.99,0.0,0.0,0.0,0
16,2016-08-22,4.99,0.0,0.0,0.0,0
17,2016-08-23,4.99,0.0,0.0,0.0,0
18,2016-08-24,4.99,0.0,0.0,0.0,0
19,2016-08-25,4.99,0.0,0.0,0.0,0
20,2016-08-26,4.99,0.0,0.0,0.0,0
21,2016-08-29,4.99,0.0,0.0,0.0,0
22,2016-08-30,4.99,0.0,0.0,0.0,0
23,2016-08-31,4.99,0.0,0.0,0.0,0
24,2016-09-01,4.99,0.0,0.0,0.0,0
25,2016-09-05,4.99,0.0,0.0,0.0,0
26,2016-09-06,4.99,0.0,0.0,0.0,0
27,2016-09-07,4.99,0.0,0.0,0.0,0
28,2016-09-08,4.99,0.0,0.0,0.0,0
29,2016-09-09,4.99,0.0,0.0,0.0,0
30,2016-09-12,4.99,0.0,0.0,0.0,0
31,2016-09-13,4.99,0.0,0.0,0.0,0
32,2016-09-14,4.99,0.0,0.0,0.0,0
33,2016-09-15,4.99,0.0,0.0,0.0,0
34,2016-09-16,4.99,0.0,0.0,0.0,0
35,2016-09-19,4.99,0.0,0.0,0.0,0
36,2016-09-20,4.99,0.0,0.0,0.0,0
37,2016-09-21,4.99,0.0,0.0,0.0,0
38,2016-09-22,4.99,0.0,0.0,0.0,0
39,2016-09-23,4.99,0.0,0.0,0.0,0
40,2016-09-26,4.99,0.0,0.0,0.0,0
41,2016-09-27,4.99,0.0,0.0,0.0,0
42,2016-09-28,4.99,0.0,0.0,0.0,0
43,2016-09-29,4.99,0.0,0.0,0.0,0
44,2016-09-30,4.99,0.0,0.0,0.0,0
45,2016-10-03,4.99,0.0,0.0,0.0,0
46,2016-10-04,4.99,0.0,0.0,0.0,0
47,2016-10-05,4.99,0.0,0.0,0.0,0
48,2016-10-06,4.99,0.0,0.0,0.0,0
49,2016-10-07,4.99,0.0,0.0,0.0,0
50,2016-10-10,4.99,0.0,0.0,0.0,0
51,2016-10-11,4.99,0.0,0.0,0.0,0
52,2016-10-12,4.99,0.0,0.0,0.0,0
53,2016-10-13,4.99,0.0,0.0,0.0,0
54,2016-10-14,4.99,0.0,0.0,0.0,0
55,2016-10-17,4.99,0.0,0.0,0.0,0
56,2016-10-18,4.99,0.0,0.0,0.0,0
57,2016-10-19,4.99,0.0,0.0,0.0,0
58,2016-10-20,4.99,0.0,0.0,0.0,0
59,2016-10-21,4.99,0.0,0.0,0.0,0
60,2016-10-24,4.99,0.0,0.0,0.0,0
61,2016-10-25,4.99,0.0,0.0,0.0,0
62,2016-10-26,4.99,0.0,0.0,0.0,0
63,2016-10-27,4.99,0.0,0.0,0.0,0
64,2016-10-28,4.99,0.0,0.0,0.0,0
65,2016-10-31,4.99,0.0,0.0,0.0,0
66,2016-11-01,4.99,0.0,0.0,0.0,0
67,2016-11-02,4.99,0.0,0.0,0.0,0
68,2016-11-03,4.99,0.0,0.0,0.0,0
69,2016-11-04,4.99,0.0,0.0,0.0,0
70,2016-11-07,4.99,0.0,0.0,0.0,0
71,2016-11-08,4.99,0.0,0.0,0.0,0
72,2016-11-09,4.99,0.0,0.0,0.0,0
73,2016-11-10,4.99,0.0,0.0,0.0,0
74,2016-11-11,4.99,0.0,0.0,0.0,0
75,2016-11-14,4.99,0.0,0.0,0.0,0
76,2016-11-15,4.99,0.0,0.0,0.0,0
77,2016-11-16,4.28,4.28,4.28,4.28,100
78,2016-11-17,4.28,4.28,4.28,4.28,0
79,2016-11-18,4.28,4.28,4.28,4.28,0
80,2016-11-21,4.28,4.28,4.28,4.28,0
81,2016-11-22,3.96,3.96,3.96,3.96,100
82,2016-11-23,3.96,3.96,3.96,3.96,0
83,2016-11-24,3.96,3.96,3.96,3.96,0
84,2016-11-25,3.96,3.96,3.96,3.96,0
85,2016-11-28,3.96,3.96,3.96,3.96,0
86,2016-11-29,3.96,3.96,3.96,3.96,0
87,2016-11-30,3.96,3.96,3.96,3.96,0
88,2016-12-01,3.96,3.96,3.96,3.96,0
89,2016-12-02,3.96,3.96,3.96,3.96,0
90,2016-12-05,3.96,3.96,3.96,3.96,0
91,2016-12-06,3.96,3.96,3.96,3.96,0
92,2016-12-07,3.96,3.96,3.96,3.96,0
93,2016-12-08,3.96,3.96,3.96,3.96,0
94,2016-12-09,3.96,3.96,3.96,3.96,0
95,2016-12-12,3.96,3.96,3.96,3.96,0
96,2016-12-13,3.96,3.96,3.96,3.96,0
97,2016-12-14,3.96,3.96,3.96,3.96,0
98,2016-12-15,3.96,3.96,3.96,3.96,0
99,2016-12-16,3.96,3.96,3.96,3.96,0
100,2016-12-19,3.96,3.96,3.96,3.96,0
101,2016-12-20,3.96,3.96,3.96,3.96,0
102,2016-12-21,3.96,3.96,3.96,3.96,0
103,2016-12-22,3.96,3.96,3.96,3.96,0
104,2016-12-23,3.96,3.96,3.96,3.96,0
105,2016-12-26,3.96,3.96,3.96,3.96,0
106,2016-12-27,3.96,3.96,3.96,3.96,0
107,2016-12-28,3.96,3.96,3.96,3.96,0
108,2016-12-29,3.96,3.96,3.96,3.96,0
109,2016-12-30,3.96,3.96,3.96,3.96,0
110,2017-01-03,3.96,3.96,3.96,3.96,0
111,2017-01-04,3.96,3.96,3.96,3.96,0
112,2017-01-05,3.96,3.96,3.96,3.96,0
113,2017-01-06,3.96,3.96,3.96,3.96,0
114,2017-01-09,3.96,3.96,3.96,3.96,0
115,2017-01-10,3.96,3.96,3.96,3.96,0
116,2017-01-11,3.96,3.96,3.96,3.96,0
117,2017-01-12,3.96,3.96,3.96,3.96,0
118,2017-01-13,3.96,3.96,3.96,3.96,0
119,2017-01-16,3.96,3.96,3.96,3.96,0
120,2017-01-17,3.96,3.96,3.96,3.96,0
121,2017-01-18,3.96,3.96,3.96,3.96,0
122,2017-01-19,3.96,3.96,3.96,3.96,0
123,2017-01-20,3.96,3.96,3.96,3.96,0
124,2017-01-23,3.96,3.96,3.96,3.96,0
125,2017-01-24,3.96,3.96,3.96,3.96,100
126,2017-01-25,3.96,3.96,3.96,3.96,0
127,2017-02-02,3.96,3.96,3.96,3.96,0
128,2017-02-03,3.96,3.96,3.96,3.96,0
129,2017-02-06,3.96,3.96,3.96,3.96,0
130,2017-02-07,3.96,3.96,3.96,3.96,0
131,2017-02-08,3.96,3.96,3.96,3.96,0
132,2017-02-09,3.96,3.96,3.96,3.96,0
133,2017-02-10,3.96,3.96,3.96,3.96,100
134,2017-02-13,3.96,3.96,3.96,3.96,0
135,2017-02-14,3.96,3.96,3.96,3.96,0
136,2017-02-15,3.96,3.96,3.96,3.96,0
137,2017-02-16,3.96,3.96,3.96,3.96,0
138,2017-02-17,3.96,3.96,3.96,3.96,0
139,2017-02-20,3.96,3.96,3.96,3.96,0
140,2017-02-21,3.96,3.96,3.96,3.96,0
141,2017-02-22,3.96,3.96,3.96,3.96,0
142,2017-02-23,3.96,3.96,3.96,3.96,0
143,2017-02-24,3.96,3.96,3.96,3.96,0
144,2017-02-27,3.96,3.96,3.96,3.96,0
145,2017-02-28,3.96,3.96,3.96,3.96,0
146,2017-03-01,3.96,3.96,3.96,3.96,0
147,2017-03-02,3.96,3.96,3.96,3.96,0
148,2017-03-03,3.96,3.96,3.96,3.96,0
149,2017-03-06,3.96,3.96,3.96,3.96,0
150,2017-03-07,3.96,3.96,3.96,3.96,0
151,2017-03-08,3.96,3.96,3.96,3.96,0
152,2017-03-09,3.96,3.96,3.96,3.96,0
153,2017-03-10,3.96,3.96,3.96,3.96,0
154,2017-03-13,3.96,3.96,3.96,3.96,0
155,2017-03-14,3.96,3.96,3.96,3.96,0
156,2017-03-15,3.96,3.96,3.96,3.96,0
157,2017-03-16,3.96,3.96,3.96,3.96,0
158,2017-03-17,3.96,3.96,3.96,3.96,0
159,2017-03-20,3.96,3.96,3.96,3.96,0
160,2017-03-21,3.96,3.96,3.96,3.96,0
161,2017-03-22,3.96,3.96,3.96,3.96,0
162,2017-03-23,3.96,3.96,3.96,3.96,0
163,2017-03-24,3.96,3.96,3.96,3.96,0
164,2017-03-27,3.96,3.96,3.96,3.96,0
165,2017-03-28,3.96,3.96,3.96,3.96,0
166,2017-03-29,3.96,3.96,3.96,3.96,0
167,2017-03-30,3.96,3.96,3.96,3.96,0
168,2017-03-31,3.96,3.96,3.96,3.96,0
169,2017-04-03,3.96,3.96,3.96,3.96,0
170,2017-04-04,3.96,3.96,3.96,3.96,0
171,2017-04-05,3.96,3.96,3.96,3.96,0
172,2017-04-07,3.96,3.96,3.96,3.96,0
173,2017-04-10,3.96,3.96,3.96,3.96,0
174,2017-04-11,3.96,3.96,3.96,3.96,0
175,2017-04-12,3.96,3.96,3.96,3.96,0
176,2017-04-13,3.96,3.96,3.96,3.96,0
177,2017-04-14,3.96,3.96,3.96,3.96,0
178,2017-04-17,3.96,3.96,3.96,3.96,0
179,2017-04-18,3.96,3.96,3.96,3.96,0
180,2017-04-19,3.96,3.96,3.96,3.96,0
181,2017-04-20,3.96,3.96,3.96,3.96,0
182,2017-04-21,3.96,3.96,3.96,3.96,0
183,2017-04-24,3.96,3.96,3.96,3.96,0
184,2017-04-25,3.96,3.96,3.96,3.96,0
185,2017-04-26,3.96,3.96,3.96,3.96,0
186,2017-04-27,3.96,3.96,3.96,3.96,0
187,2017-04-28,3.96,3.96,3.96,3.96,0
188,2017-05-03,3.96,3.96,3.96,3.96,0
189,2017-05-04,3.96,3.96,3.96,3.96,0
190,2017-05-05,3.96,3.96,3.96,3.96,0
191,2017-05-08,3.96,3.96,3.96,3.96,0
192,2017-05-09,3.96,3.96,3.96,3.96,0
193,2017-05-10,3.96,3.96,3.96,3.96,0
194,2017-05-11,3.96,3.96,3.96,3.96,0
195,2017-05-12,3.96,3.96,3.96,3.96,0
196,2017-05-15,3.96,3.96,3.96,3.96,0
197,2017-05-16,3.96,3.96,3.96,3.96,0
198,2017-05-17,3.96,3.96,3.96,3.96,0
199,2017-05-18,3.96,3.96,3.96,3.96,0
200,2017-05-19,3.96,3.96,3.96,3.96,0
201,2017-05-22,3.96,3.96,3.96,3.96,0
202,2017-05-23,3.96,3.96,3.96,3.96,0
203,2017-05-24,3.96,3.96,3.96,3.96,0
204,2017-05-25,3.96,3.96,3.96,3.96,0
205,2017-05-26,3.98,3.98,3.98,3.98,0
206,2017-05-29,3.98,3.98,3.98,3.98,0
207,2017-05-30,3.98,3.98,3.98,3.98,0
208,2017-05-31,3.98,3.98,3.98,3.98,0
209,2017-06-01,3.98,3.98,3.98,3.98,0
210,2017-06-02,3.98,3.98,3.98,3.98,0
211,2017-06-05,3.98,3.98,3.98,3.98,0
212,2017-06-06,3.98,3.98,3.98,3.98,0
213,2017-06-07,3.96,3.96,3.96,3.96,0
214,2017-06-08,3.98,3.98,3.98,3.98,0
215,2017-06-09,3.98,3.98,3.98,3.98,0
216,2017-06-12,3.98,3.98,3.98,3.98,0
217,2017-06-13,3.98,3.98,3.98,3.98,0
218,2017-06-14,3.98,3.98,3.98,3.98,0
219,2017-06-15,3.98,3.98,3.98,3.98,0
220,2017-06-16,3.98,3.98,3.98,3.98,0
221,2017-06-19,3.98,3.98,3.98,3.98,0
222,2017-06-20,3.98,3.98,3.98,3.98,0
223,2017-06-21,3.98,3.98,3.98,3.98,0
224,2017-06-22,3.98,3.98,3.98,3.98,0
225,2017-06-23,3.98,3.98,3.98,3.98,0
226,2017-06-26,3.98,3.98,3.98,3.98,0
227,2017-06-27,3.98,3.98,3.98,3.98,0
228,2017-06-28,3.98,3.98,3.98,3.98,0
229,2017-06-29,3.98,3.98,3.98,3.98,0
230,2017-06-30,3.98,3.98,3.98,3.98,0
231,2017-07-03,3.98,3.98,3.98,3.98,0
232,2017-07-04,3.98,3.98,3.98,3.98,0
233,2017-07-05,3.98,3.98,3.98,3.98,0
234,2017-07-06,3.98,3.98,3.98,3.98,0
235,2017-07-07,3.98,3.98,3.98,3.98,0
236,2017-07-10,3.98,3.98,3.98,3.98,0
237,2017-07-11,3.98,3.98,3.98,3.98,0
238,2017-07-12,3.98,3.98,3.98,3.98,0
239,2017-07-13,3.98,3.98,3.98,3.98,0
240,2017-07-14,3.98,3.98,3.98,3.98,0
241,2017-07-17,3.98,3.98,3.98,3.98,0
242,2017-07-18,3.98,3.98,3.98,3.98,0
243,2017-07-19,3.98,3.98,3.98,3.98,0
244,2017-07-20,3.98,3.98,3.98,3.98,0
245,2017-07-21,3.98,3.98,3.98,3.98,0
246,2017-07-24,3.98,3.98,3.98,3.98,0
247,2017-07-25,3.98,3.98,3.98,3.98,0
248,2017-07-26,3.98,3.98,3.98,3.98,0
249,2017-07-27,3.98,3.98,3.98,3.98,0
250,2017-07-28,3.98,3.98,3.98,3.98,0
251,2017-07-31,3.98,3.98,3.98,3.98,0
252,2017-08-01,3.98,3.98,3.98,3.98,0
253,2017-08-02,3.98,3.98,3.98,3.98,0
254,2017-08-03,3.98,3.98,3.98,3.98,0
255,2017-08-04,3.98,3.98,3.98,3.98,0
256,2017-08-07,3.98,3.98,3.98,3.98,0
257,2017-08-08,3.98,3.98,3.98,3.98,0
258,2017-08-09,3.98,3.98,3.98,3.98,0
259,2017-08-10,3.98,3.98,3.98,3.98,0
260,2017-08-11,3.98,3.98,3.98,3.98,0
261,2017-08-14,3.98,3.98,3.98,3.98,0
262,2017-08-15,3.98,3.98,3.98,3.98,0
263,2017-08-16,3.98,3.98,3.98,3.98,0
264,2017-08-17,3.98,3.98,3.98,3.98,0
265,2017-08-18,3.98,3.98,3.98,3.98,0
266,2017-08-21,3.98,3.98,3.98,3.98,0
267,2017-08-22,3.98,3.98,3.98,3.98,0
268,2017-08-23,3.98,3.98,3.98,3.98,0
269,2017-08-24,3.98,3.98,3.98,3.98,0
270,2017-08-25,3.98,3.98,3.98,3.98,0
271,2017-08-28,3.98,3.98,3.98,3.98,0
272,2017-08-29,3.98,3.98,3.98,3.98,0
273,2017-08-30,3.98,3.98,3.98,3.98,0
274,2017-08-31,3.98,3.98,3.98,3.98,0
275,2017-09-01,3.98,3.98,3.98,3.98,0
276,2017-09-05,3.98,3.98,3.98,3.98,0
277,2017-09-06,3.98,3.98,3.98,3.98,0
278,2017-09-07,3.98,3.98,3.98,3.98,0
279,2017-09-08,3.98,3.98,3.98,3.98,0
280,2017-09-11,3.98,3.98,3.98,3.98,0
281,2017-09-12,3.98,3.98,3.98,3.98,0
282,2017-09-13,3.98,3.98,3.98,3.98,0
283,2017-09-14,3.98,3.98,3.98,3.98,0
284,2017-09-15,3.98,3.98,3.98,3.98,0
285,2017-09-18,3.98,3.98,3.98,3.98,0
286,2017-09-19,3.98,3.98,3.98,3.98,0
287,2017-09-20,3.98,3.98,3.98,3.98,0
288,2017-09-21,3.98,3.98,3.98,3.98,0
289,2017-09-22,3.98,3.98,3.98,3.98,0
290,2017-09-25,3.98,3.98,3.98,3.98,0
291,2017-09-26,3.98,3.98,3.98,3.98,0
292,2017-09-27,3.98,3.98,3.98,3.98,0
293,2017-09-28,3.98,3.98,3.98,3.98,0
294,2017-09-29,3.98,3.98,3.98,3.98,0
295,2017-10-02,3.98,3.98,3.98,3.98,0
296,2017-10-03,3.98,3.98,3.98,3.98,0
297,2017-10-04,3.98,3.98,3.98,3.98,0
298,2017-10-05,3.98,3.98,3.98,3.98,0
299,2017-10-06,3.98,3.98,3.98,3.98,0
300,2017-10-09,3.98,3.98,3.98,3.98,0
301,2017-10-10,3.98,3.98,3.98,3.98,0
302,2017-10-11,3.98,3.98,3.98,3.98,0
303,2017-10-12,3.98,3.98,3.98,3.98,0
304,2017-10-13,3.98,3.98,3.98,3.98,0
305,2017-10-16,3.98,3.98,3.98,3.98,0
306,2017-10-17,3.98,3.98,3.98,3.98,0
307,2017-10-18,3.98,3.98,3.98,3.98,0
308,2017-10-19,3.98,3.98,3.98,3.98,0
309,2017-10-20,3.98,3.98,3.98,3.98,0
310,2017-10-23,3.98,3.98,3.98,3.98,0
311,2017-10-24,3.98,3.98,3.98,3.98,0
312,2017-10-25,3.98,3.98,3.98,3.98,0
313,2017-10-26,3.98,3.98,3.98,3.98,0
314,2017-10-27,3.98,3.98,3.98,3.98,0
315,2017-10-30,3.98,3.98,3.98,3.98,0
316,2017-10-31,3.98,3.98,3.98,3.98,0
317,2017-11-01,3.98,3.98,3.98,3.98,0
318,2017-11-02,3.98,3.98,3.98,3.98,0
319,2017-11-03,3.98,3.98,3.98,3.98,0
320,2017-11-06,3.98,3.98,3.98,3.98,0
321,2017-11-07,3.98,3.98,3.98,3.98,0
322,2017-11-08,3.98,3.98,3.98,3.98,0
323,2017-11-09,3.98,3.98,3.98,3.98,0
324,2017-11-10,3.98,3.98,3.98,3.98,0
325,2017-11-13,3.98,3.98,3.98,3.98,0
326,2017-11-14,3.98,3.98,3.98,3.98,0
327,2017-11-15,3.98,3.98,3.98,3.98,0
328,2017-11-16,3.98,3.98,3.98,3.98,0
329,2017-11-17,3.98,3.98,3.98,3.98,0
330,2017-11-20,3.98,3.98,3.98,3.98,0
331,2017-11-21,3.98,3.98,3.98,3.98,0
332,2017-11-22,3.98,3.98,3.98,3.98,0
333,2017-11-23,3.98,3.98,3.98,3.98,0
334,2017-11-24,3.98,3.98,3.98,3.98,0
335,2017-11-27,3.98,3.98,3.98,3.98,0
336,2017-11-28,3.98,3.98,3.98,3.98,0
337,2017-11-29,3.98,3.98,3.98,3.98,0
338,2017-11-30,3.98,3.98,3.98,3.98,0
339,2017-12-01,3.98,3.98,3.98,3.98,0
340,2017-12-04,3.98,3.98,3.98,3.98,0
341,2017-12-05,3.98,3.98,3.98,3.98,0
342,2017-12-06,3.98,3.98,3.98,3.98,0
343,2017-12-07,3.98,3.98,3.98,3.98,0
344,2017-12-08,3.98,3.98,3.98,3.98,0
345,2017-12-11,3.98,3.98,3.98,3.98,0
346,2017-12-12,3.98,3.98,3.98,3.98,0
347,2017-12-13,3.98,3.98,3.98,3.98,0
348,2017-12-14,3.98,3.98,3.98,3.98,0
349,2017-12-15,3.98,3.98,3.98,3.98,0
350,2017-12-18,3.98,3.98,3.98,3.98,0
351,2017-12-19,3.98,3.98,3.98,3.98,0
352,2017-12-20,3.98,3.98,3.98,3.98,0
353,2017-12-21,3.98,3.98,3.98,3.98,0
354,2017-12-22,3.98,3.98,3.98,3.98,0
355,2017-12-25,3.98,3.98,3.98,3.98,0
356,2017-12-26,3.98,3.98,3.98,3.98,0
357,2017-12-27,3.98,3.98,3.98,3.98,0
358,2017-12-28,3.98,3.98,3.98,3.98,0
359,2017-12-29,3.98,3.98,3.98,3.98,0
360,2018-01-02,3.98,3.98,3.98,3.98,0
361,2018-01-03,3.98,3.98,3.98,3.98,0
362,2018-01-04,3.98,3.98,3.98,3.98,0
363,2018-01-05,3.98,3.98,3.98,3.98,0
364,2018-01-08,3.98,3.98,3.98,3.98,0
365,2018-01-09,3.98,3.98,3.98,3.98,0
366,2018-01-10,3.98,3.98,3.98,3.98,0
367,2018-01-11,3.98,3.98,3.98,3.98,0
368,2018-01-12,3.98,3.98,3.98,3.98,0
369,2018-01-15,3.98,3.98,3.98,3.98,0
370,2018-01-16,3.98,3.98,3.98,3.98,0
371,2018-01-17,3.98,3.98,3.98,3.98,0
372,2018-01-18,3.98,3.98,3.98,3.98,0
373,2018-01-19,3.98,3.98,3.98,3.98,0
374,2018-01-22,3.98,3.98,3.98,3.98,0
375,2018-01-23,3.98,3.98,3.98,3.98,0
376,2018-01-24,3.98,3.98,3.98,3.98,0
377,2018-01-25,3.98,3.98,3.98,3.98,0
378,2018-01-26,3.98,3.98,3.98,3.98,0
379,2018-01-29,3.98,3.98,3.98,3.98,0
380,2018-01-30,3.98,3.98,3.98,3.98,0
381,2018-01-31,3.98,3.98,3.98,3.98,0
382,2018-02-01,3.98,3.98,3.98,3.98,0
383,2018-02-02,3.98,3.98,3.98,3.98,0
384,2018-02-05,3.98,3.98,3.98,3.98,0
385,2018-02-06,3.98,3.98,3.98,3.98,0
386,2018-02-07,3.98,3.98,3.98,3.98,0
387,2018-02-08,3.98,3.98,3.98,3.98,0
388,2018-02-09,3.98,3.98,3.98,3.98,0
389,2018-02-12,3.98,3.98,3.98,3.98,0
390,2018-02-13,3.98,3.98,3.98,3.98,0
391,2018-02-21,3.98,3.98,3.98,3.98,0
392,2018-02-22,3.98,3.98,3.98,3.98,0
393,2018-02-23,3.98,3.98,3.98,3.98,0
394,2018-02-26,3.98,3.98,3.98,3.98,0
395,2018-02-27,3.98,3.98,3.98,3.98,0
396,2018-02-28,3.98,3.98,3.98,3.98,0
397,2018-03-01,3.98,3.98,3.98,3.98,0
398,2018-03-02,3.98,3.98,3.98,3.98,0
399,2018-03-05,3.98,3.98,3.98,3.98,0
400,2018-03-06,3.98,3.98,3.98,3.98,0
401,2018-03-07,3.98,3.98,3.98,3.98,0
402,2018-03-08,3.98,3.98,3.98,3.98,0
403,2018-03-09,3.98,3.98,3.98,3.98,0
404,2018-03-12,3.98,3.98,3.98,3.98,0
405,2018-03-13,3.98,3.98,3.98,3.98,0
406,2018-03-14,3.98,3.98,3.98,3.98,0
407,2018-03-15,3.98,3.98,3.98,3.98,0
408,2018-03-16,3.98,3.98,3.98,3.98,0
409,2018-03-19,3.98,3.98,3.98,3.98,0
410,2018-03-20,3.98,3.98,3.98,3.98,0
411,2018-03-21,3.98,3.98,3.98,3.98,0
412,2018-03-22,3.98,3.98,3.98,3.98,0
413,2018-03-23,3.98,3.98,3.98,3.98,0
414,2018-03-26,3.98,3.98,3.98,3.98,0
415,2018-03-27,3.98,3.98,3.98,3.98,0
416,2018-03-28,3.98,3.98,3.98,3.98,0
417,2018-03-29,3.98,3.98,3.98,3.98,0
418,2018-03-30,3.98,3.98,3.98,3.98,0
419,2018-04-02,3.98,3.98,3.98,3.98,0
420,2018-04-03,3.98,3.98,3.98,3.98,0
421,2018-04-04,3.98,3.98,3.98,3.98,0
422,2018-04-05,3.98,3.98,3.98,3.98,0
423,2018-04-06,3.98,3.98,3.98,3.98,0
424,2018-04-09,3.98,3.98,3.98,3.98,0
425,2018-04-10,3.98,3.98,3.98,3.98,0
426,2018-04-11,3.98,3.98,3.98,3.98,0
427,2018-04-12,3.98,3.98,3.98,3.98,0
428,2018-04-13,3.98,3.98,3.98,3.98,0
429,2018-04-16,3.98,3.98,3.98,3.98,0
430,2018-04-17,3.98,3.98,3.98,3.98,0
431,2018-04-18,3.98,3.98,3.98,3.98,0
432,2018-04-19,3.98,3.98,3.98,3.98,0
433,2018-04-20,3.98,3.98,3.98,3.98,0
434,2018-04-23,3.98,3.98,3.98,3.98,0
435,2018-04-24,3.98,3.98,3.98,3.98,0
436,2018-04-26,3.98,3.98,3.98,3.98,0
437,2018-04-27,3.98,3.98,3.98,3.98,0
438,2018-05-02,3.98,3.98,3.98,3.98,0
439,2018-05-03,3.98,3.98,3.98,3.98,0
440,2018-05-04,3.98,3.98,3.98,3.98,0
441,2018-05-07,3.98,3.98,3.98,3.98,0
442,2018-05-08,3.98,3.98,3.98,3.98,0
443,2018-05-09,3.98,3.98,3.98,3.98,0
444,2018-05-10,3.98,3.98,3.98,3.98,0
445,2018-05-11,3.98,3.98,3.98,3.98,0
446,2018-05-14,3.98,3.98,3.98,3.98,0
447,2018-05-15,3.98,3.98,3.98,3.98,0
448,2018-05-16,3.98,3.98,3.98,3.98,0
449,2018-05-17,3.98,3.98,3.98,3.98,0
450,2018-05-18,3.98,3.98,3.98,3.98,0
451,2018-05-21,3.98,3.98,3.98,3.98,0
452,2018-05-22,3.98,3.98,3.98,3.98,0
453,2018-05-23,3.98,3.98,3.98,3.98,0
454,2018-05-24,3.98,3.98,3.98,3.98,0
455,2018-05-25,3.97,3.97,3.97,3.97,0
456,2018-05-28,3.97,3.97,3.97,3.97,0
457,2018-05-29,3.97,3.97,3.97,3.97,0
458,2018-05-30,3.97,3.97,3.97,3.97,0
459,2018-05-31,3.97,3.97,3.97,3.97,0
460,2018-06-01,3.97,3.97,3.97,3.97,0
461,2018-06-04,3.97,3.97,3.97,3.97,0
462,2018-06-05,3.97,3.97,3.97,3.97,0
463,2018-06-06,3.97,3.97,3.97,3.97,0
464,2018-06-07,3.97,3.97,3.97,3.97,0
465,2018-06-08,3.97,3.97,3.97,3.97,0
466,2018-06-11,3.97,3.97,3.97,3.97,0
467,2018-06-12,3.97,3.97,3.97,3.97,0
468,2018-06-13,3.97,3.97,3.97,3.97,0
469,2018-06-14,3.97,3.97,3.97,3.97,0
470,2018-06-15,3.97,3.97,3.97,3.97,0
471,2018-06-18,3.97,3.97,3.97,3.97,0
472,2018-06-19,3.97,3.97,3.97,3.97,0
473,2018-06-20,3.97,3.97,3.97,3.97,0
474,2018-06-21,3.97,3.97,3.97,3.97,0
475,2018-06-22,3.97,3.97,3.97,3.97,0
476,2018-06-25,3.97,3.97,3.97,3.97,0
477,2018-06-26,3.97,3.97,3.97,3.97,0
478,2018-06-27,3.97,3.97,3.97,3.97,0
479,2018-06-28,3.97,3.97,3.97,3.97,0
480,2018-06-29,3.97,3.97,3.97,3.97,0
481,2018-07-02,3.97,3.97,3.97,3.97,0
482,2018-07-03,3.97,3.97,3.97,3.97,0
483,2018-07-04,3.97,3.97,3.97,3.97,0
484,2018-07-05,3.97,3.97,3.97,3.97,0
485,2018-07-06,3.97,3.97,3.97,3.97,0
486,2018-07-09,3.97,3.97,3.97,3.97,0
487,2018-07-10,3.97,3.97,3.97,3.97,0
488,2018-07-11,3.97,3.97,3.97,3.97,0
489,2018-07-12,3.97,3.97,3.97,3.97,0
490,2018-07-13,3.97,3.97,3.97,3.97,0
491,2018-07-16,3.97,3.97,3.97,3.97,0
492,2018-07-17,3.97,3.97,3.97,3.97,0
493,2018-07-18,3.97,3.97,3.97,3.97,0
494,2018-07-19,3.97,3.97,3.97,3.97,0
495,2018-07-20,3.97,3.97,3.97,3.97,0
496,2018-07-23,3.97,3.97,3.97,3.97,0
497,2018-07-24,3.97,3.97,3.97,3.97,0
498,2018-07-25,3.97,3.97,3.97,3.97,0
499,2018-07-26,3.97,3.97,3.97,3.97,0
500,2018-07-27,3.97,3.97,3.97,3.97,0
501,2018-07-30,3.97,3.97,3.97,3.97,0
502,2018-07-31,3.97,3.97,3.97,3.97,0
503,2018-08-01,3.97,3.97,3.97,3.97,0
504,2018-08-02,3.97,3.97,3.97,3.97,0
505,2018-08-03,3.97,3.97,3.97,3.97,0
506,2018-08-06,3.97,3.97,3.97,3.97,0
507,2018-08-07,3.97,3.97,3.97,3.97,0
508,2018-08-08,3.97,3.97,3.97,3.97,0
509,2018-08-09,3.97,3.97,3.97,3.97,0
510,2018-08-10,3.97,3.97,3.97,3.97,0
511,2018-08-13,3.97,3.97,3.97,3.97,0
512,2018-08-14,3.97,3.97,3.97,3.97,0
513,2018-08-15,3.97,3.97,3.97,3.97,0
514,2018-08-16,3.97,3.97,3.97,3.97,0
515,2018-08-17,3.97,3.97,3.97,3.97,0
516,2018-08-20,3.97,3.97,3.97,3.97,0
517,2018-08-21,3.97,3.97,3.97,3.97,0
518,2018-08-22,3.97,3.97,3.97,3.97,0
519,2018-08-23,3.97,3.97,3.97,3.97,0
520,2018-08-24,3.97,3.97,3.97,3.97,0
521,2018-08-27,3.97,3.97,3.97,3.97,0
522,2018-08-28,3.97,3.97,3.97,3.97,0
523,2018-08-29,3.97,3.97,3.97,3.97,0
524,2018-08-30,3.97,3.97,3.97,3.97,0
525,2018-08-31,3.97,3.97,3.97,3.97,0
526,2018-09-04,3.97,3.97,3.97,3.97,0
527,2018-09-05,3.97,3.97,3.97,3.97,0
528,2018-09-06,3.97,3.97,3.97,3.97,0
529,2018-09-07,3.97,3.97,3.97,3.97,0
530,2018-09-10,3.97,3.97,3.97,3.97,0
531,2018-09-11,3.97,3.97,3.97,3.97,0
532,2018-09-12,3.97,3.97,3.97,3.97,0
533,2018-09-13,3.97,3.97,3.97,3.97,0
534,2018-09-14,3.97,3.97,3.97,3.97,0
535,2018-09-17,3.97,3.97,3.97,3.97,0
536,2018-09-18,3.97,3.97,3.97,3.97,0
537,2018-09-19,3.97,3.97,3.97,3.97,0
538,2018-09-20,3.97,3.97,3.97,3.97,0
539,2018-09-21,3.97,3.97,3.97,3.97,0
540,2018-09-24,3.97,3.97,3.97,3.97,0
541,2018-09-25,3.97,3.97,3.97,3.97,0
542,2018-09-26,3.97,3.97,3.97,3.97,0
543,2018-09-27,3.97,3.97,3.97,3.97,0
544,2018-09-28,3.97,3.97,3.97,3.97,0
545,2018-10-01,3.97,3.97,3.97,3.97,0
546,2018-10-02,3.97,3.97,3.97,3.97,0
547,2018-10-03,3.97,3.97,3.97,3.97,0
548,2018-10-04,3.97,3.97,3.97,3.97,0
549,2018-10-05,3.97,3.97,3.97,3.97,0
550,2018-10-08,3.97,3.97,3.97,3.97,0
551,2018-10-09,3.97,3.97,3.97,3.97,0
552,2018-10-10,3.97,3.97,3.97,3.97,0
553,2018-10-11,3.82,3.82,3.82,3.82,100
554,2018-10-12,3.78,3.78,3.74,3.78,5600
555,2018-10-15,3.78,3.78,3.78,3.78,0
556,2018-10-16,3.78,3.78,3.78,3.78,0
557,2018-10-17,3.78,3.78,3.78,3.78,0
558,2018-10-18,3.78,3.78,3.78,3.78,0
559,2018-10-19,3.78,3.78,3.78,3.78,4800
560,2018-10-22,3.78,3.78,3.78,3.78,0
561,2018-10-23,3.78,3.78,3.78,3.78,0
562,2018-10-24,3.78,3.78,3.78,3.78,0
563,2018-10-25,3.78,3.78,3.78,3.78,0
564,2018-10-26,3.78,3.78,3.78,3.78,0
565,2018-10-29,3.78,3.78,3.78,3.78,0
566,2018-10-30,3.78,3.78,3.78,3.78,0
567,2018-10-31,3.78,3.78,3.78,3.78,0
568,2018-11-01,3.78,3.78,3.78,3.78,0
569,2018-11-02,3.78,3.78,3.78,3.78,0
570,2018-11-05,3.78,3.78,3.78,3.78,0
571,2018-11-06,3.78,3.78,3.78,3.78,0
572,2018-11-07,3.78,3.78,3.78,3.78,0
573,2018-11-08,3.78,3.78,3.78,3.78,0
574,2018-11-09,3.78,3.78,3.78,3.78,0
575,2018-11-12,3.78,3.78,3.78,3.78,0
576,2018-11-13,3.78,3.78,3.78,3.78,0
577,2018-11-14,3.78,3.78,3.78,3.78,0
578,2018-11-15,3.78,3.78,3.78,3.78,0
579,2018-11-16,3.78,3.78,3.78,3.78,0
580,2018-11-19,3.78,3.78,3.78,3.78,0
581,2018-11-20,3.78,3.78,3.78,3.78,0
582,2018-11-21,3.78,3.78,3.78,3.78,0
583,2018-11-22,3.78,3.78,3.78,3.78,0
584,2018-11-23,3.78,3.78,3.78,3.78,0
585,2018-11-26,3.78,3.78,3.78,3.78,0
586,2018-11-27,3.78,3.78,3.78,3.78,0
587,2018-11-28,3.78,3.78,3.78,3.78,0
588,2018-11-29,3.78,3.78,3.78,3.78,0
589,2018-11-30,3.78,3.78,3.78,3.78,0
590,2018-12-03,3.78,3.78,3.78,3.78,0
591,2018-12-04,3.78,3.78,3.78,3.78,0
592,2018-12-05,3.78,3.78,3.78,3.78,0
593,2018-12-06,3.78,3.78,3.78,3.78,0
594,2018-12-07,3.78,3.78,3.78,3.78,0
595,2018-12-10,3.78,3.78,3.78,3.78,0
596,2018-12-11,3.78,3.78,3.78,3.78,0
597,2018-12-12,3.78,3.78,3.78,3.78,0
598,2018-12-13,3.78,3.78,3.78,3.78,0
599,2018-12-14,3.78,3.78,3.78,3.78,0
600,2018-12-17,3.78,3.78,3.78,3.78,0
601,2018-12-18,3.78,3.78,3.78,3.78,0
602,2018-12-19,3.78,3.78,3.78,3.78,0
603,2018-12-20,3.78,3.78,3.78,3.78,0
604,2018-12-21,3.78,3.78,3.78,3.78,0
605,2018-12-24,3.78,3.78,3.78,3.78,0
606,2018-12-25,3.78,3.78,3.78,3.78,0
607,2018-12-26,3.78,3.78,3.78,3.78,0
608,2018-12-27,3.78,3.78,3.78,3.78,0
609,2018-12-28,3.78,3.78,3.78,3.78,0
610,2019-01-02,3.78,3.78,3.78,3.78,0
611,2019-01-03,3.78,3.78,3.78,3.78,0
612,2019-01-04,3.78,3.78,3.78,3.78,0
613,2019-01-07,3.78,3.78,3.78,3.78,0
614,2019-01-08,3.78,3.78,3.78,3.78,0
615,2019-01-09,3.78,3.78,3.78,3.78,0
616,2019-01-10,3.78,3.78,3.78,3.78,0
617,2019-01-11,3.78,3.78,3.78,3.78,0
618,2019-01-14,3.78,3.78,3.78,3.78,0
619,2019-01-15,3.78,3.78,3.78,3.78,0
620,2019-01-16,3.78,3.78,3.78,3.78,0
621,2019-01-17,3.78,3.78,3.78,3.78,0
622,2019-01-18,3.78,3.78,3.78,3.78,0
623,2019-01-21,3.78,3.78,3.78,3.78,0
624,2019-01-22,3.78,3.78,3.78,3.78,0
625,2019-01-23,3.78,3.78,3.78,3.78,0
626,2019-01-24,3.78,3.78,3.78,3.78,0
627,2019-01-25,3.78,3.78,3.78,3.78,0
628,2019-01-28,3.78,3.78,3.78,3.78,0
629,2019-01-29,3.78,3.78,3.78,3.78,0
630,2019-01-30,3.78,3.78,3.78,3.78,0
631,2019-01-31,3.78,3.78,3.78,3.78,0
632,2019-02-01,3.78,3.78,3.78,3.78,0
633,2019-02-11,3.78,3.78,3.78,3.78,0
634,2019-02-12,3.78,3.78,3.78,3.78,0
635,2019-02-13,3.78,3.78,3.78,3.78,0
636,2019-02-14,3.78,3.78,3.78,3.78,0
637,2019-02-15,3.78,3.78,3.78,3.78,0
638,2019-02-18,3.78,3.78,3.78,3.78,0
639,2019-02-19,3.78,3.78,3.78,3.78,0
640,2019-02-20,3.78,3.78,3.78,3.78,0
641,2019-02-21,3.78,3.78,3.78,3.78,0
642,2019-02-22,3.78,3.78,3.78,3.78,0
643,2019-02-25,3.78,3.78,3.78,3.78,0
644,2019-02-26,3.78,3.78,3.78,3.78,0
645,2019-02-27,3.78,3.78,3.78,3.78,0
646,2019-02-28,3.78,3.78,3.78,3.78,0
647,2019-03-01,3.78,3.78,3.78,3.78,0
648,2019-03-04,3.78,3.78,3.78,3.78,0
649,2019-03-05,3.78,3.78,3.78,3.78,0
650,2019-03-06,3.78,3.78,3.78,3.78,0
651,2019-03-07,3.78,3.78,3.78,3.78,0
652,2019-03-08,3.78,3.78,3.78,3.78,0
653,2019-03-11,3.78,3.78,3.78,3.78,0
654,2019-03-12,3.78,3.78,3.78,3.78,0
655,2019-03-13,3.78,3.78,3.78,3.78,0
656,2019-03-14,3.78,3.78,3.78,3.78,0
657,2019-03-15,3.78,3.78,3.78,3.78,0
658,2019-03-18,3.78,3.78,3.78,3.78,0
659,2019-03-19,3.78,3.78,3.78,3.78,0
660,2019-03-20,3.78,3.78,3.78,3.78,0
661,2019-03-21,3.78,3.78,3.78,3.78,0
662,2019-03-22,3.78,3.78,3.78,3.78,0
663,2019-03-25,3.78,3.78,3.78,3.78,0
664,2019-03-26,3.78,3.78,3.78,3.78,0
665,2019-03-27,3.78,3.78,3.78,3.78,0
666,2019-03-28,3.78,3.78,3.78,3.78,0
667,2019-03-29,3.78,3.78,3.78,3.78,0
668,2019-04-01,3.78,3.78,3.78,3.78,0
669,2019-04-02,3.78,3.78,3.78,3.78,0
670,2019-04-03,3.78,3.78,3.78,3.78,0
671,2019-04-04,3.78,3.78,3.78,3.78,0
672,2019-04-05,3.78,3.78,3.78,3.78,0
673,2019-04-08,3.78,3.78,3.78,3.78,0
674,2019-04-09,3.78,3.78,3.78,3.78,0
675,2019-04-10,3.78,3.78,3.78,3.78,0
676,2019-04-11,3.78,3.78,3.78,3.78,0
677,2019-04-12,3.78,3.78,3.78,3.78,0
678,2019-04-16,3.78,3.78,3.78,3.78,0
679,2019-04-17,3.78,3.78,3.78,3.78,0
680,2019-04-18,3.78,3.78,3.78,3.78,0
681,2019-04-19,3.78,3.78,3.78,3.78,0
682,2019-04-22,3.78,3.78,3.78,3.78,0
683,2019-04-23,3.78,3.78,3.78,3.78,0
684,2019-04-24,3.78,3.78,3.78,3.78,0
685,2019-04-25,3.78,3.78,3.78,3.78,0
686,2019-04-26,3.78,3.78,3.78,3.78,0
687,2019-05-02,3.78,3.78,3.78,3.78,0
688,2019-05-03,3.78,3.78,3.78,3.78,0
689,2019-05-06,3.78,3.78,3.78,3.78,0
690,2019-05-07,3.78,3.78,3.78,3.78,0
691,2019-05-08,3.78,3.78,3.78,3.78,0
692,2019-05-09,3.78,3.78,3.78,3.78,0
693,2019-05-10,3.78,3.78,3.78,3.78,0
694,2019-05-13,3.78,3.78,3.78,3.78,0
695,2019-05-14,3.78,3.78,3.78,3.78,0
696,2019-05-15,3.78,3.78,3.78,3.78,0
697,2019-05-16,3.78,3.78,3.78,3.78,0
698,2019-05-17,3.78,3.78,3.78,3.78,0
699,2019-05-20,3.78,3.78,3.78,3.78,0
700,2019-05-21,3.78,3.78,3.78,3.78,0
701,2019-05-22,3.78,3.78,3.78,3.78,0
702,2019-05-23,3.78,3.78,3.78,3.78,0
703,2019-05-24,3.78,3.78,3.78,3.78,0
704,2019-05-27,3.78,3.78,3.78,3.78,0
705,2019-05-28,3.78,3.78,3.78,3.78,0
706,2019-05-29,3.78,3.78,3.78,3.78,0
707,2019-05-30,3.78,3.78,3.78,3.78,0
708,2019-05-31,3.78,3.78,3.78,3.78,0
709,2019-06-03,3.78,3.78,3.78,3.78,0
710,2019-06-04,3.78,3.78,3.78,3.78,0
711,2019-06-05,3.78,3.78,3.78,3.78,0
712,2019-06-06,3.78,3.78,3.78,3.78,0
713,2019-06-07,3.78,3.78,3.78,3.78,0
714,2019-06-10,3.78,3.78,3.78,3.78,0
715,2019-06-11,3.78,3.78,3.78,3.78,0
716,2019-06-12,3.78,3.78,3.78,3.78,0
717,2019-06-13,3.79,3.99,3.99,3.99,0
718,2019-06-14,3.79,3.99,3.99,3.99,0
719,2019-06-17,3.79,3.99,3.99,3.99,0
720,2019-06-18,3.79,3.99,3.99,3.99,0
721,2019-06-19,3.79,3.99,3.99,3.99,0
722,2019-06-20,3.83,3.83,3.83,3.83,8300
723,2019-06-21,3.83,3.83,3.83,3.83,0
724,2019-06-24,3.83,3.83,3.83,3.83,0
725,2019-06-25,3.83,3.83,3.83,3.83,0
726,2019-06-26,3.83,3.83,3.83,3.83,0
727,2019-06-27,3.83,3.83,3.83,3.83,0
728,2019-06-28,3.83,3.83,3.83,3.83,0
729,2019-07-01,3.83,3.83,3.83,3.83,0
730,2019-07-02,3.83,3.83,3.83,3.83,0
731,2019-07-03,3.83,3.83,3.83,3.83,0
732,2019-07-04,3.83,3.83,3.83,3.83,0
733,2019-07-05,3.83,3.83,3.83,3.83,0
734,2019-07-08,3.83,3.83,3.83,3.83,0
735,2019-07-09,3.83,3.83,3.83,3.83,0
736,2019-07-10,3.83,3.83,3.83,3.83,0
737,2019-07-11,3.83,3.83,3.83,3.83,0
738,2019-07-12,3.83,3.83,3.83,3.83,0
739,2019-07-15,3.83,3.83,3.83,3.83,0
740,2019-07-16,3.83,3.83,3.83,3.83,0
741,2019-07-17,3.83,3.83,3.83,3.83,0
742,2019-07-18,3.83,3.83,3.83,3.83,0
743,2019-07-19,3.83,3.83,3.83,3.83,0
744,2019-07-22,3.83,3.83,3.83,3.83,0
745,2019-07-23,3.83,3.83,3.83,3.83,0
746,2019-07-24,3.83,3.83,3.83,3.83,0
747,2019-07-25,3.83,3.83,3.83,3.83,0
748,2019-07-26,3.83,3.83,3.83,3.83,0
749,2019-07-29,3.83,3.83,3.83,3.83,0
750,2019-07-30,3.83,3.83,3.83,3.83,0
751,2019-07-31,3.83,3.83,3.83,3.83,0
752,2019-08-01,3.83,3.83,3.83,3.83,0
753,2019-08-02,3.83,3.83,3.83,3.83,0
754,2019-08-05,3.83,3.83,3.83,3.83,0
755,2019-08-06,3.83,3.83,3.83,3.83,0
756,2019-08-07,3.83,3.83,3.83,3.83,0
757,2019-08-08,3.83,3.83,3.83,3.83,0
758,2019-08-09,3.83,3.83,3.83,3.83,0
759,2019-08-12,3.83,3.83,3.83,3.83,0
760,2019-08-13,3.83,3.83,3.83,3.83,0
761,2019-08-14,3.83,3.83,3.83,3.83,0
762,2019-08-15,3.83,3.83,3.83,3.83,0
763,2019-08-16,3.83,3.83,3.83,3.83,0
764,2019-08-19,3.83,3.83,3.83,3.83,0
765,2019-08-20,3.83,3.83,3.83,3.83,0
766,2019-08-21,3.83,3.83,3.83,3.83,0
767,2019-08-22,3.83,3.83,3.83,3.83,0
768,2019-08-23,3.83,3.83,3.83,3.83,0
769,2019-08-26,3.83,3.83,3.83,3.83,0
770,2019-08-27,3.83,3.83,3.83,3.83,0
771,2019-08-28,3.83,3.83,3.83,3.83,0
772,2019-08-29,3.83,3.83,3.83,3.83,0
773,2019-08-30,3.83,3.83,3.83,3.83,0
774,2019-09-03,3.83,3.83,3.83,3.83,0
775,2019-09-04,3.83,3.83,3.83,3.83,0
776,2019-09-05,3.83,3.83,3.83,3.83,0
777,2019-09-06,3.83,3.83,3.83,3.83,0
778,2019-09-09,3.83,3.83,3.83,3.83,0
779,2019-09-10,3.83,3.83,3.83,3.83,0
780,2019-09-11,3.83,3.83,3.83,3.83,0
781,2019-09-12,3.83,3.83,3.83,3.83,0
782,2019-09-13,3.83,3.83,3.83,3.83,0
783,2019-09-16,3.83,3.83,3.83,3.83,0
784,2019-09-17,3.83,3.83,3.83,3.83,0
785,2019-09-18,3.83,3.83,3.83,3.83,0
786,2019-09-19,3.83,3.83,3.83,3.83,0
787,2019-09-20,3.83,3.83,3.83,3.83,0
788,2019-09-23,3.83,3.83,3.83,3.83,0
789,2019-09-24,3.83,3.83,3.83,3.83,3500
790,2019-09-25,3.83,3.83,3.83,3.83,0
791,2019-09-26,3.83,3.83,3.83,3.83,0
792,2019-09-27,3.83,3.83,3.83,3.83,0
793,2019-09-30,3.83,3.83,3.83,3.83,0
794,2019-10-01,3.83,3.83,3.83,3.83,0
795,2019-10-02,3.83,3.83,3.83,3.83,0
796,2019-10-03,3.83,3.83,3.83,3.83,0
797,2019-10-04,3.83,3.83,3.83,3.83,0
798,2019-10-07,3.83,3.83,3.83,3.83,0
799,2019-10-08,3.83,3.83,3.83,3.83,0
800,2019-10-09,3.83,3.83,3.83,3.83,0
801,2019-10-10,3.83,3.83,3.83,3.83,0
802,2019-10-11,3.83,3.83,3.83,3.83,0
803,2019-10-14,3.83,3.83,3.83,3.83,0
804,2019-10-15,3.83,3.83,3.83,3.83,0
805,2019-10-16,3.83,3.83,3.83,3.83,0
806,2019-10-17,3.83,3.83,3.83,3.83,0
807,2019-10-18,3.83,3.83,3.83,3.83,11300
808,2019-10-21,3.83,3.83,3.83,3.83,2400
809,2019-10-22,3.83,3.83,3.83,3.83,0
810,2019-10-23,3.83,3.83,3.83,3.83,0
811,2019-10-24,3.83,3.83,3.83,3.83,0
812,2019-10-25,3.83,3.83,3.83,3.83,0
813,2019-10-28,3.83,3.83,3.83,3.83,0
814,2019-10-29,3.83,3.83,3.83,3.83,0
815,2019-10-30,3.83,3.83,3.83,3.83,0
816,2019-10-31,3.83,3.83,3.83,3.83,0
817,2019-11-01,4.23,4.23,4.23,4.23,100
818,2019-11-04,4.76,4.76,4.76,4.76,100
819,2019-11-05,4.88,4.88,4.88,4.88,200
820,2019-11-06,4.92,5.0,4.92,5.0,900
821,2019-11-07,5.2,5.2,5.2,5.2,300
822,2019-11-08,5.2,5.28,5.2,5.28,1200
823,2019-11-11,5.93,5.93,5.93,5.93,100
824,2019-11-12,6.77,6.77,5.56,6.77,2800
825,2019-11-13,6.61,6.61,6.61,6.61,2300
826,2019-11-14,6.94,7.02,6.94,7.02,300
827,2019-11-15,7.06,7.06,7.06,7.06,100
828,2019-11-18,6.9,6.9,6.9,6.9,100
829,2019-11-19,6.85,6.85,6.85,6.85,1500
830,2019-11-20,6.81,6.81,6.81,6.81,100
831,2019-11-21,6.85,6.85,6.85,6.85,100
832,2019-11-22,6.9,6.9,6.9,6.9,100
833,2019-11-25,6.61,6.61,6.61,6.61,100
834,2019-11-26,6.57,6.57,6.57,6.57,1200
835,2019-11-27,6.61,6.61,6.61,6.61,900
836,2019-11-28,6.65,6.65,6.65,6.65,1100
837,2019-11-29,6.49,6.49,6.49,6.49,1200
838,2019-12-02,6.45,6.45,6.45,6.49,1400
839,2019-12-03,6.45,6.45,6.45,6.45,1000
840,2019-12-04,6.33,6.33,6.33,6.33,1900
841,2019-12-05,6.33,6.33,6.33,6.33,900
842,2019-12-06,5.85,5.85,5.85,5.85,11100
843,2019-12-09,5.81,5.81,5.81,5.81,300
844,2019-12-10,5.81,5.81,5.81,5.81,100
845,2019-12-11,5.81,5.81,5.81,5.81,100
846,2019-12-12,5.81,5.81,5.81,5.81,900
847,2019-12-13,5.81,5.81,5.81,5.81,1100
848,2019-12-16,5.81,5.81,5.81,5.81,1200
849,2019-12-17,5.85,5.85,5.85,5.85,300
850,2019-12-18,5.89,5.89,5.89,5.89,500
851,2019-12-19,5.77,5.77,5.77,5.77,800
852,2019-12-20,6.05,6.13,6.05,6.13,3800
853,2019-12-23,6.98,6.98,6.98,6.98,12800
854,2019-12-24,7.98,7.98,7.98,7.98,756270
855,2019-12-25,9.15,9.15,6.81,6.81,20300
856,2019-12-26,6.73,6.81,6.73,6.73,15100
857,2019-12-27,5.85,5.85,5.85,5.85,1100
858,2019-12-30,6.09,6.69,5.85,5.85,5900
859,2019-12-31,5.4,5.4,5.4,5.4,5000
860,2020-01-02,5.04,5.04,4.88,4.88,9300
861,2020-01-03,5.24,5.32,5.24,5.32,1200
862,2020-01-06,5.73,5.73,5.73,5.73,200
863,2020-01-07,6.37,6.57,5.69,5.69,7000
864,2020-01-08,5.73,5.73,5.73,5.73,300
865,2020-01-09,5.73,5.73,5.73,5.73,0
866,2020-01-10,5.73,5.73,5.73,5.73,0
867,2020-01-13,5.73,5.73,5.73,5.73,0
868,2020-01-14,5.73,5.73,5.73,5.73,0
869,2020-01-15,5.77,5.77,5.77,5.77,300
870,2020-01-16,6.05,6.05,6.05,6.05,200
871,2020-01-17,6.05,6.05,6.05,6.05,300
872,2020-01-20,6.05,6.05,6.05,6.05,0
873,2020-01-21,6.05,6.05,6.05,6.05,300
874,2020-01-22,6.05,6.05,6.05,6.05,0
875,2020-01-30,6.05,6.05,6.05,6.05,400
876,2020-01-31,6.05,6.05,6.05,6.05,200
877,2020-02-03,6.05,6.05,6.05,6.05,300
878,2020-02-04,6.05,6.05,6.05,6.05,400
879,2020-02-05,6.01,6.01,6.01,6.01,1100
880,2020-02-06,6.05,6.05,6.05,6.05,700
881,2020-02-07,6.09,6.09,6.09,6.09,200
882,2020-02-10,6.05,6.05,6.05,6.05,300
883,2020-02-11,6.05,6.05,6.05,6.05,200
884,2020-02-12,6.05,6.05,6.05,6.05,0
885,2020-02-13,5.44,5.44,5.44,5.44,2700
886,2020-02-14,5.44,5.44,5.44,5.44,1200
887,2020-02-17,5.44,5.44,5.44,5.44,2700
888,2020-02-18,5.56,5.56,5.56,5.56,100
889,2020-02-19,5.73,5.85,5.73,5.85,1600
890,2020-02-20,6.09,6.09,6.09,6.09,100
891,2020-02-21,6.21,6.21,6.21,6.21,2700
892,2020-02-24,6.21,6.21,6.21,6.21,0
893,2020-02-25,6.21,6.21,6.21,6.21,0
894,2020-02-26,6.85,6.85,6.85,6.85,5300
895,2020-02-27,6.85,6.85,6.85,6.85,0
896,2020-02-28,6.85,6.85,6.85,6.85,0
897,2020-03-02,6.85,6.85,6.85,6.85,0
898,2020-03-03,6.85,6.85,6.85,6.85,700
899,2020-03-04,6.85,6.85,6.85,6.85,0
900,2020-03-05,6.85,6.85,6.85,6.85,0
901,2020-03-06,6.85,6.85,6.85,6.85,0
902,2020-03-09,6.85,6.85,6.85,6.85,0
903,2020-03-10,6.85,6.85,6.85,6.85,0
904,2020-03-11,6.85,6.85,6.85,6.85,0
905,2020-03-12,6.85,6.85,6.85,6.85,0
906,2020-03-13,6.85,6.85,6.85,6.85,0
907,2020-03-16,6.85,6.85,6.85,6.85,0
908,2020-03-17,6.85,6.85,6.85,6.85,0
909,2020-03-18,6.85,6.85,6.85,6.85,0
910,2020-03-19,6.85,6.85,6.85,6.85,0
911,2020-03-20,6.85,6.85,6.85,6.85,0
912,2020-03-23,6.85,6.85,6.85,6.85,0
913,2020-03-24,6.85,6.85,6.85,6.85,0
914,2020-03-25,6.85,6.85,6.85,6.85,0
915,2020-03-26,6.85,6.85,6.85,6.85,0
916,2020-03-27,6.85,6.85,6.85,6.85,0
917,2020-03-30,6.85,6.85,6.85,6.85,0
918,2020-03-31,6.85,6.85,6.85,6.85,0
919,2020-04-01,6.85,6.85,6.85,6.85,0
920,2020-04-03,6.85,6.85,6.85,6.85,0
921,2020-04-06,6.85,6.85,6.85,6.85,0
922,2020-04-07,6.85,6.85,6.85,6.85,0
923,2020-04-08,6.85,6.85,6.85,6.85,0
924,2020-04-09,6.85,6.85,6.85,6.85,0
925,2020-04-10,6.85,6.85,6.85,6.85,0
926,2020-04-13,6.85,6.85,6.85,6.85,0
927,2020-04-14,6.85,6.85,6.85,6.85,0
928,2020-04-15,6.85,6.85,6.85,6.85,0
929,2020-04-16,6.85,6.85,6.85,6.85,0
930,2020-04-17,6.85,6.85,6.85,6.85,0
931,2020-04-20,6.85,6.85,6.85,6.85,0
932,2020-04-21,6.85,6.85,6.85,6.85,0
933,2020-04-22,6.85,6.85,6.85,6.85,0
934,2020-04-23,6.85,6.85,6.85,6.85,0
935,2020-04-24,6.85,6.85,6.85,6.85,0
936,2020-04-27,6.85,6.85,6.85,6.85,0
937,2020-04-28,6.85,6.85,6.85,6.85,0
938,2020-04-29,6.85,6.85,6.85,6.85,0
939,2020-05-04,6.85,6.85,6.85,6.85,100
940,2020-05-05,6.85,6.85,6.85,6.85,2900
941,2020-05-06,7.82,7.82,7.82,7.82,100
942,2020-05-07,8.99,8.99,8.99,8.99,100
943,2020-05-08,10.28,10.28,10.28,10.28,100
944,2020-05-11,10.28,10.28,10.28,10.28,0
945,2020-05-12,10.28,10.28,10.28,10.28,0
946,2020-05-13,10.28,10.28,10.28,10.28,0
947,2020-05-14,10.28,10.28,10.28,10.28,0
948,2020-05-15,10.28,10.28,10.28,10.28,0
949,2020-05-18,10.28,10.28,10.28,10.28,0
950,2020-05-19,10.28,10.28,10.28,10.28,0
951,2020-05-20,10.28,10.28,10.28,10.28,0
952,2020-05-21,10.28,10.28,10.28,10.28,0
953,2020-05-22,10.28,10.28,10.28,10.28,0
954,2020-05-25,8.75,8.75,8.75,8.75,100
955,2020-05-26,7.46,7.46,7.46,7.46,100
956,2020-05-27,7.46,7.46,7.46,7.46,0
957,2020-05-28,6.41,6.41,6.41,6.41,100
958,2020-05-29,6.41,6.41,6.41,6.41,0
959,2020-06-01,5.52,5.52,5.52,5.52,100
960,2020-06-02,4.76,4.76,4.76,4.76,100
961,2020-06-03,4.76,5.01,5.01,5.01,0
962,2020-06-04,4.76,5.01,5.01,5.01,0
963,2020-06-05,4.76,5.01,5.01,5.01,0
964,2020-06-08,4.76,5.01,5.01,5.01,0
965,2020-06-09,4.76,5.01,5.01,5.01,0
966,2020-06-10,4.76,5.01,5.01,5.01,0
967,2020-06-11,4.76,5.01,5.01,5.01,0
968,2020-06-12,4.76,5.01,5.01,5.01,0
969,2020-06-15,4.76,5.01,5.01,5.01,0
970,2020-06-16,4.76,5.01,5.01,5.01,0
971,2020-06-17,4.76,5.01,5.01,5.01,0
972,2020-06-18,4.76,5.01,5.01,5.01,0
973,2020-06-19,4.76,5.01,5.01,5.01,0
974,2020-06-22,4.76,5.01,5.01,5.01,0
975,2020-06-23,4.76,5.01,5.01,5.01,0
976,2020-06-24,4.76,5.01,5.01,5.01,0
977,2020-06-25,4.76,5.01,5.01,5.01,0
978,2020-06-26,4.76,5.01,5.01,5.01,0
979,2020-06-29,4.76,5.01,5.01,5.01,0
980,2020-06-30,4.76,5.01,5.01,5.01,0
981,2020-07-01,4.76,5.01,5.01,5.01,0
982,2020-07-02,4.76,5.01,5.01,5.01,0
983,2020-07-03,4.76,5.01,5.01,5.01,0
984,2020-07-06,4.76,5.01,5.01,5.01,0
985,2020-07-07,4.76,5.01,5.01,5.01,0
986,2020-07-08,4.76,5.01,5.01,5.01,0
987,2020-07-09,4.76,5.01,5.01,5.01,0
988,2020-07-10,4.76,5.01,5.01,5.01,0
989,2020-07-13,4.76,5.01,5.01,5.01,0
990,2020-07-14,4.76,5.01,5.01,5.01,0
991,2020-07-15,4.76,5.01,5.01,5.01,0
992,2020-07-16,4.76,5.01,5.01,5.01,0
993,2020-07-17,4.76,5.01,5.01,5.01,0
994,2020-07-20,4.76,5.01,5.01,5.01,0
995,2020-07-21,4.76,5.01,5.01,5.01,0
996,2020-07-22,4.76,5.01,5.01,5.01,0
997,2020-07-23,4.76,5.01,5.01,5.01,0
998,2020-07-24,4.76,5.01,5.01,5.01,0
999,2020-07-27,4.76,5.01,5.01,5.01,0
1000,2020-07-28,4.76,5.01,5.01,5.01,0
1001,2020-07-29,4.76,5.01,5.01,5.01,0
1002,2020-07-30,4.76,5.01,5.01,5.01,0
1003,2020-07-31,4.76,5.01,5.01,5.01,0
1004,2020-08-03,4.76,5.01,5.01,5.01,0
1005,2020-08-04,4.76,5.01,5.01,5.01,0
1006,2020-08-05,4.76,5.01,5.01,5.01,0
1007,2020-08-06,4.76,5.01,5.01,5.01,0
1008,2020-08-07,4.76,5.01,5.01,5.01,0
1009,2020-08-10,4.76,5.01,5.01,5.01,0
1010,2020-08-11,4.76,5.01,5.01,5.01,0
1011,2020-08-12,4.76,5.01,5.01,5.01,0
1012,2020-08-13,4.76,5.01,5.01,5.01,0
1013,2020-08-14,4.76,5.01,5.01,5.01,0
1014,2020-08-17,4.76,5.01,5.01,5.01,0
1015,2020-08-18,4.76,5.01,5.01,5.01,0
1016,2020-08-19,4.76,5.01,5.01,5.01,0
1017,2020-08-20,4.76,5.01,5.01,5.01,0
1018,2020-08-21,4.76,5.01,5.01,5.01,0
1019,2020-08-24,4.76,5.01,5.01,5.01,0
1020,2020-08-25,4.76,5.01,5.01,5.01,0
1021,2020-08-26,4.76,5.01,5.01,5.01,0
1022,2020-08-27,4.76,5.01,5.01,5.01,0
1023,2020-08-28,4.76,5.01,5.01,5.01,0
1024,2020-08-31,4.76,5.01,5.01,5.01,0
1025,2020-09-01,4.76,5.01,5.01,5.01,0
1026,2020-09-03,4.76,5.01,5.01,5.01,0
1027,2020-09-04,4.76,5.01,5.01,5.01,0
1028,2020-09-07,4.76,5.01,5.01,5.01,0
1029,2020-09-08,4.76,5.01,5.01,5.01,0
1030,2020-09-09,4.76,5.01,5.01,5.01,0
1031,2020-09-10,4.76,5.01,5.01,5.01,0
1032,2020-09-11,4.76,5.01,5.01,5.01,0
1033,2020-09-14,4.76,5.01,5.01,5.01,0
1034,2020-09-15,4.76,5.01,5.01,5.01,0
1035,2020-09-16,4.76,5.01,5.01,5.01,0
1036,2020-09-17,4.76,5.01,5.01,5.01,0
1037,2020-09-18,4.76,5.01,5.01,5.01,0
1038,2020-09-21,4.76,5.01,5.01,5.01,0
1039,2020-09-22,4.76,5.01,5.01,5.01,0
1040,2020-09-23,4.76,5.01,5.01,5.01,0
1041,2020-09-24,4.76,5.01,5.01,5.01,0
1042,2020-09-25,4.76,5.01,5.01,5.01,0
1043,2020-09-28,4.76,5.01,5.01,5.01,0
1044,2020-09-29,4.76,5.01,5.01,5.01,0
1045,2020-09-30,4.76,5.01,5.01,5.01,0
1046,2020-10-01,4.76,5.01,5.01,5.01,0
1047,2020-10-02,4.76,5.01,5.01,5.01,0
1048,2020-10-05,4.76,5.01,5.01,5.01,0
1049,2020-10-06,4.76,5.01,5.01,5.01,0
1050,2020-10-07,4.76,5.01,5.01,5.01,0
1051,2020-10-08,4.76,5.01,5.01,5.01,0
1052,2020-10-09,4.76,5.01,5.01,5.01,0
1053,2020-10-12,4.76,5.01,5.01,5.01,0
1054,2020-10-13,4.76,5.01,5.01,5.01,0
1055,2020-10-14,4.76,5.01,5.01,5.01,0
1056,2020-10-15,4.76,5.01,5.01,5.01,0
1057,2020-10-16,4.76,5.01,5.01,5.01,0
1058,2020-10-19,4.76,5.01,5.01,5.01,0
1059,2020-10-20,4.76,5.01,5.01,5.01,0
1060,2020-10-21,4.76,5.01,5.01,5.01,0
1061,2020-10-22,4.76,5.01,5.01,5.01,0
1062,2020-10-23,4.76,5.01,5.01,5.01,0
1063,2020-10-26,4.76,5.01,5.01,5.01,0
1064,2020-10-27,4.76,5.01,5.01,5.01,0
1065,2020-10-28,4.76,5.01,5.01,5.01,0
1066,2020-10-29,4.76,5.01,5.01,5.01,0
1067,2020-10-30,4.76,5.01,5.01,5.01,0
1068,2020-11-02,4.76,5.01,5.01,5.01,0
1069,2020-11-03,4.76,5.01,5.01,5.01,0
1070,2020-11-04,4.76,5.01,5.01,5.01,0
1071,2020-11-05,4.76,5.01,5.01,5.01,0
1072,2020-11-06,4.76,5.01,5.01,5.01,0
1073,2020-11-09,4.76,5.01,5.01,5.01,0
1074,2020-11-10,4.76,5.01,5.01,5.01,0
1075,2020-11-11,4.76,5.01,5.01,5.01,0
1076,2020-11-12,4.76,5.01,5.01,5.01,0
1077,2020-11-13,4.76,5.01,5.01,5.01,0
1078,2020-11-16,4.76,5.01,5.01,5.01,0
1079,2020-11-17,4.76,5.01,5.01,5.01,0
1080,2020-11-18,4.76,5.01,5.01,5.01,0
1081,2020-11-19,2.89,2.89,2.89,2.89,100
1082,2020-11-20,2.89,2.89,2.89,2.89,0
1083,2020-11-23,2.89,2.89,2.89,2.89,0
1084,2020-11-24,2.89,2.89,2.89,2.89,0
1085,2020-11-25,2.89,2.89,2.89,2.89,0
1086,2020-11-26,2.89,2.89,2.89,2.89,0
1087,2020-11-27,2.89,2.89,2.89,2.89,0
1088,2020-11-30,2.89,2.89,2.89,2.89,0
1089,2020-12-01,2.89,2.89,2.89,2.89,0
1090,2020-12-02,2.89,2.89,2.89,2.89,0
1091,2020-12-03,2.89,2.89,2.89,2.89,0
1092,2020-12-04,2.89,2.89,2.89,2.89,0
1093,2020-12-07,2.89,2.89,2.89,2.89,0
1094,2020-12-08,2.89,2.89,2.89,2.89,0
1095,2020-12-09,2.89,2.89,2.89,2.89,0
1096,2020-12-10,2.89,2.89,2.89,2.89,0
1097,2020-12-11,2.89,2.89,2.89,2.89,0
1098,2020-12-14,2.89,2.89,2.89,2.89,0
1099,2020-12-15,2.89,2.89,2.89,2.89,0
1100,2020-12-16,2.89,2.89,2.89,2.89,0
1101,2020-12-17,2.89,2.89,2.89,2.89,0
1102,2020-12-18,2.89,2.89,2.89,2.89,0
1103,2020-12-21,2.89,2.89,2.89,2.89,0
1104,2020-12-22,2.89,2.89,2.89,2.89,0
1105,2020-12-23,2.89,2.89,2.89,2.89,0
1106,2020-12-24,2.89,2.89,2.89,2.89,0
1107,2020-12-25,2.89,2.89,2.89,2.89,0
1108,2020-12-28,2.89,2.89,2.89,2.89,0
1109,2020-12-29,2.89,2.89,2.89,2.89,0
1110,2020-12-30,2.89,2.89,2.89,2.89,0
1111,2020-12-31,2.89,2.89,2.89,2.89,0
1112,2021-01-04,2.89,2.89,2.89,2.89,0
1113,2021-01-05,2.89,2.89,2.89,2.89,0
1114,2021-01-06,2.89,2.89,2.89,2.89,0
1115,2021-01-07,2.89,2.89,2.89,2.89,0
1116,2021-01-08,2.89,2.89,2.89,2.89,0
1117,2021-01-11,2.89,2.89,2.89,2.89,0
1118,2021-01-12,2.89,2.89,2.89,2.89,0
1119,2021-01-13,2.89,2.89,2.89,2.89,0
1120,2021-01-14,2.89,2.89,2.89,2.89,0
1121,2021-01-15,2.89,2.89,2.89,2.89,0
1122,2021-01-18,2.89,2.89,2.89,2.89,0
1123,2021-01-19,2.89,2.89,2.89,2.89,0
1124,2021-01-20,2.89,2.89,2.89,2.89,0
1125,2021-01-21,2.89,2.89,2.89,2.89,0
1126,2021-01-22,2.89,2.89,2.89,2.89,0
1127,2021-01-25,2.89,2.89,2.89,2.89,0
1128,2021-01-26,2.89,2.89,2.89,2.89,0
1129,2021-01-27,2.89,2.89,2.89,2.89,0
1130,2021-01-28,2.89,2.89,2.89,2.89,0
1131,2021-01-29,2.89,2.89,2.89,2.89,160000
1132,2021-02-01,2.89,2.89,2.89,2.89,0
1133,2021-02-02,2.89,2.89,2.89,2.89,0
1134,2021-02-03,2.89,2.89,2.89,2.89,0
1135,2021-02-04,2.89,2.89,2.89,2.89,0
1136,2021-02-05,2.89,2.89,2.89,2.89,0
1137,2021-02-08,2.89,2.89,2.89,2.89,0
1138,2021-02-09,2.89,2.89,2.89,2.89,0
1139,2021-02-17,2.89,2.89,2.89,2.89,0
1140,2021-02-18,2.89,2.89,2.89,2.89,0
1141,2021-02-19,2.89,2.89,2.89,2.89,0
1142,2021-02-22,2.89,2.89,2.89,2.89,0
1143,2021-02-23,2.89,2.89,2.89,2.89,0
1144,2021-02-24,2.89,2.89,2.89,2.89,0
1145,2021-02-25,2.89,2.89,2.89,2.89,0
1146,2021-02-26,2.89,2.89,2.89,2.89,0
1147,2021-03-01,2.89,2.89,2.89,2.89,0
1148,2021-03-02,2.89,2.89,2.89,2.89,0
1149,2021-03-03,2.89,2.89,2.89,2.89,0
1150,2021-03-04,2.89,2.89,2.89,2.89,0
1151,2021-03-05,2.89,2.89,2.89,2.89,0
1152,2021-03-08,2.89,2.89,2.89,2.89,0
1153,2021-03-09,2.89,2.89,2.89,2.89,0
1154,2021-03-10,2.89,2.89,2.89,2.89,0
1155,2021-03-11,2.89,2.89,2.89,2.89,0
1156,2021-03-12,2.89,2.89,2.89,2.89,0
1157,2021-03-15,2.89,2.89,2.89,2.89,0
1158,2021-03-16,2.89,2.89,2.89,2.89,0
1159,2021-03-17,2.89,2.89,2.89,2.89,0
1160,2021-03-18,2.89,2.89,2.89,2.89,0
1161,2021-03-19,2.89,2.89,2.89,2.89,0
1162,2021-03-22,2.89,2.89,2.89,2.89,0
1163,2021-03-23,2.89,2.89,2.89,2.89,0
1164,2021-03-24,2.89,2.89,2.89,2.89,0
1165,2021-03-25,2.89,2.89,2.89,2.89,0
1166,2021-03-26,2.89,2.89,2.89,2.89,0
1167,2021-03-29,2.89,2.89,2.89,2.89,0
1168,2021-03-30,2.89,2.89,2.89,2.89,0
1169,2021-03-31,2.89,2.89,2.89,2.89,0
1170,2021-04-01,2.89,2.89,2.89,2.89,0
1171,2021-04-02,2.89,2.89,2.89,2.89,0
1172,2021-04-05,2.89,2.89,2.89,2.89,0
1173,2021-04-06,2.89,2.89,2.89,2.89,0
1174,2021-04-07,2.89,2.89,2.89,2.89,0
1175,2021-04-08,2.89,2.89,2.89,2.89,0
1176,2021-04-09,2.89,2.89,2.89,2.89,0
1177,2021-04-12,2.89,2.89,2.89,2.89,0
1178,2021-04-13,2.89,2.89,2.89,2.89,0
1179,2021-04-14,2.89,2.89,2.89,2.89,0
1180,2021-04-15,2.89,2.89,2.89,2.89,0
1181,2021-04-16,2.89,2.89,2.89,2.89,0
1182,2021-04-19,2.89,2.89,2.89,2.89,0
1183,2021-04-20,2.89,2.89,2.89,2.89,0
1184,2021-04-22,2.89,2.89,2.89,2.89,0
1185,2021-04-23,2.89,2.89,2.89,2.89,0
1186,2021-04-26,2.89,2.89,2.89,2.89,0
1187,2021-04-27,2.89,2.89,2.89,2.89,0
1188,2021-04-28,2.89,2.89,2.89,2.89,0
1189,2021-04-29,2.89,2.89,2.89,2.89,0
1190,2021-05-04,2.89,2.89,2.89,2.89,0
1191,2021-05-05,2.89,2.89,2.89,2.89,0
1192,2021-05-06,2.89,2.89,2.89,2.89,0
1193,2021-05-07,2.89,2.89,2.89,2.89,0
1194,2021-05-10,2.89,2.89,2.89,2.89,0
1195,2021-05-11,2.89,2.89,2.89,2.89,0
1196,2021-05-12,2.89,2.89,2.89,2.89,0
1197,2021-05-13,2.89,2.89,2.89,2.89,0
1198,2021-05-14,2.89,2.89,2.89,2.89,0
1199,2021-05-17,2.89,2.89,2.89,2.89,0
1200,2021-05-18,2.89,2.89,2.89,2.89,0
1201,2021-05-19,2.89,2.89,2.89,2.89,0
1202,2021-05-20,2.89,2.89,2.89,2.89,0
1203,2021-05-21,2.89,2.89,2.89,2.89,0
1204,2021-05-24,2.89,2.89,2.89,2.89,0
1205,2021-05-25,2.89,2.89,2.89,2.89,0
1206,2021-05-26,2.89,2.89,2.89,2.89,0
1207,2021-05-27,2.89,2.89,2.89,2.89,0
1208,2021-05-28,2.89,2.89,2.89,2.89,0
1209,2021-05-31,2.89,2.89,2.89,2.89,0
1210,2021-06-01,2.89,2.89,2.89,2.89,0
1211,2021-06-02,2.89,2.89,2.89,2.89,0
1212,2021-06-03,2.89,2.89,2.89,2.89,0
1213,2021-06-04,2.89,2.89,2.89,2.89,0
1214,2021-06-07,2.89,2.89,2.89,2.89,0
1215,2021-06-08,2.89,2.89,2.89,2.89,0
1216,2021-06-09,2.89,2.89,2.89,2.89,0
1217,2021-06-10,2.89,2.89,2.89,2.89,0
1218,2021-06-11,2.89,2.89,2.89,2.89,0
1219,2021-06-14,2.89,2.89,2.89,2.89,0
1220,2021-06-15,2.89,2.89,2.89,2.89,0
1221,2021-06-16,2.87,3.2,3.2,3.2,0
1222,2021-06-17,2.87,3.2,3.2,3.2,0
1223,2021-06-18,2.87,3.2,3.2,3.2,0
1224,2021-06-21,2.87,3.2,3.2,3.2,0
1225,2021-06-22,2.87,3.2,3.2,3.2,0
1226,2021-06-23,2.87,3.2,3.2,3.2,0
1227,2021-06-24,2.87,3.2,3.2,3.2,0
1228,2021-06-25,2.87,3.2,3.2,3.2,0
1229,2021-06-28,2.87,3.2,3.2,3.2,0
1230,2021-06-29,2.87,3.2,3.2,3.2,0
1231,2021-06-30,2.87,3.2,3.2,3.2,0
1232,2021-07-01,2.45,2.45,2.45,2.45,400
1233,2021-07-02,2.45,2.45,2.45,2.45,0
1234,2021-07-05,2.45,2.45,2.45,2.45,0
1235,2021-07-06,2.45,2.45,2.45,2.45,0
1236,2021-07-07,2.45,2.45,2.45,2.45,0
1237,2021-07-08,2.45,2.45,2.45,2.45,0
1238,2021-07-09,2.45,2.45,2.45,2.45,0
1239,2021-07-12,2.45,2.45,2.45,2.45,0
1240,2021-07-13,2.45,2.45,2.45,2.45,0
1241,2021-07-14,2.45,2.45,2.45,2.45,0
1242,2021-07-15,2.45,2.45,2.45,2.45,0
1243,2021-07-16,2.45,2.45,2.45,2.45,0
1244,2021-07-19,2.45,2.45,2.45,2.45,0
1245,2021-07-20,2.45,2.45,2.45,2.45,0
1246,2021-07-21,2.45,2.45,2.45,2.45,0
1247,2021-07-22,2.45,2.45,2.45,2.45,0
1248,2021-07-23,2.45,2.45,2.45,2.45,0
1249,2021-07-26,2.45,2.45,2.45,2.45,0
1250,2021-07-27,2.45,2.45,2.45,2.45,0
1251,2021-07-28,2.45,2.45,2.45,2.45,0
1252,2021-07-29,2.45,2.45,2.45,2.45,0
1253,2021-07-30,2.45,2.45,2.45,2.45,0
1254,2021-08-02,2.45,2.45,2.45,2.45,0
1255,2021-08-03,2.45,2.45,2.45,2.45,0
1256,2021-08-04,2.45,2.45,2.45,2.45,0
1257,2021-08-05,2.45,2.45,2.45,2.45,0
1258,2021-08-06,2.45,2.45,2.45,2.45,0
1259,2021-08-09,2.45,2.45,2.45,2.45,0
1260,2021-08-10,2.45,2.45,2.45,2.45,0
1261,2021-08-11,2.45,2.45,2.45,2.45,0
1262,2021-08-12,2.45,2.45,2.45,2.45,0
1263,2021-08-13,2.45,2.45,2.45,2.45,0
1264,2021-08-16,2.45,2.45,2.45,2.45,0
1265,2021-08-17,2.45,2.45,2.45,2.45,0
1266,2021-08-18,2.45,2.45,2.45,2.45,0
1267,2021-08-19,2.45,2.45,2.45,2.45,0
1268,2021-08-20,2.45,2.45,2.45,2.45,0
1269,2021-08-23,2.45,2.45,2.45,2.45,0
1270,2021-08-24,2.45,2.45,2.45,2.45,0
1271,2021-08-25,2.45,2.45,2.45,2.45,0
1272,2021-08-26,2.45,2.45,2.45,2.45,0
1273,2021-08-27,2.45,2.45,2.45,2.45,0
1274,2021-08-30,2.45,2.45,2.45,2.45,0
1275,2021-08-31,2.45,2.45,2.45,2.45,0
1276,2021-09-01,2.45,2.45,2.45,2.45,0
1277,2021-09-06,2.45,2.45,2.45,2.45,0
1278,2021-09-07,2.45,2.45,2.45,2.45,0
1279,2021-09-08,2.45,2.45,2.45,2.45,0
1280,2021-09-09,2.45,2.45,2.45,2.45,0
1281,2021-09-10,2.45,2.45,2.45,2.45,0
1282,2021-09-13,2.45,2.45,2.45,2.45,0
1283,2021-09-14,2.45,2.45,2.45,2.45,0
1284,2021-09-15,2.45,2.45,2.45,2.45,0
1285,2021-09-16,2.45,2.45,2.45,2.45,0
1286,2021-09-17,2.45,2.45,2.45,2.45,0
1287,2021-09-20,2.45,2.45,2.45,2.45,0
1288,2021-09-21,2.45,2.45,2.45,2.45,0
1289,2021-09-22,2.45,2.45,2.45,2.45,0
1290,2021-09-23,2.45,2.45,2.45,2.45,0
1291,2021-09-24,2.45,2.45,2.45,2.45,0
1292,2021-09-27,2.45,2.45,2.45,2.45,0
1293,2021-09-28,2.45,2.45,2.45,2.45,0
1294,2021-09-29,2.45,2.45,2.45,2.45,0
1295,2021-09-30,2.45,2.45,2.45,2.45,0
1296,2021-10-01,2.45,2.45,2.45,2.45,0
1297,2021-10-04,2.45,2.45,2.45,2.45,0
1298,2021-10-05,2.45,2.45,2.45,2.45,0
1299,2021-10-06,2.45,2.45,2.45,2.45,0
1300,2021-10-07,2.45,2.45,2.45,2.45,0
1301,2021-10-08,2.45,2.45,2.45,2.45,0
1302,2021-10-11,2.45,2.45,2.45,2.45,0
1303,2021-10-12,2.45,2.45,2.45,2.45,0
1304,2021-10-13,2.45,2.45,2.45,2.45,0
1305,2021-10-14,2.45,2.45,2.45,2.45,0
1306,2021-10-15,2.45,2.45,2.45,2.45,0
1307,2021-10-18,2.45,2.45,2.45,2.45,0
1308,2021-10-19,2.45,2.45,2.45,2.45,0
1309,2021-10-20,2.45,2.45,2.45,2.45,0
1310,2021-10-21,2.45,2.45,2.45,2.45,0
1311,2021-10-22,2.45,2.45,2.45,2.45,0
1312,2021-10-25,2.45,2.45,2.45,2.45,0
1313,2021-10-26,2.45,2.45,2.45,2.45,0
1314,2021-10-27,2.45,2.45,2.45,2.45,0
1315,2021-10-28,2.45,2.45,2.45,2.45,0
1316,2021-10-29,2.45,2.45,2.45,2.45,0
1317,2021-11-01,2.45,2.45,2.45,2.45,0
1318,2021-11-02,2.45,2.45,2.45,2.45,0
1319,2021-11-03,2.45,2.45,2.45,2.45,0
1320,2021-11-04,2.45,2.45,2.45,2.45,0
1321,2021-11-05,2.45,2.45,2.45,2.45,0
1322,2021-11-08,2.45,2.45,2.45,2.45,0
1323,2021-11-09,2.45,2.45,2.45,2.45,0
1324,2021-11-10,2.45,2.45,2.45,2.45,0
1325,2021-11-11,2.45,2.45,2.45,2.45,0
1326,2021-11-12,2.45,2.45,2.45,2.45,0
1327,2021-11-15,2.45,2.45,2.45,2.45,0
1328,2021-11-16,2.45,2.45,2.45,2.45,0
1329,2021-11-17,2.45,2.45,2.45,2.45,0
1330,2021-11-18,2.45,2.45,2.45,2.45,0
1331,2021-11-19,2.45,2.45,2.45,2.45,0
1332,2021-11-22,2.45,2.45,2.45,2.45,0
1333,2021-11-23,2.45,2.45,2.45,2.45,0
1334,2021-11-24,2.45,2.45,2.45,2.45,0
1335,2021-11-25,2.45,2.45,2.45,2.45,0
1336,2021-11-26,2.45,2.45,2.45,2.45,0
1337,2021-11-29,2.45,2.45,2.45,2.45,0
1338,2021-11-30,2.45,2.45,2.45,2.45,0
1339,2021-12-01,2.45,2.45,2.45,2.45,0
1340,2021-12-02,2.45,2.45,2.45,2.45,0
1341,2021-12-03,2.45,2.45,2.45,2.45,0
1342,2021-12-06,2.45,2.45,2.45,2.45,0
1343,2021-12-07,2.45,2.45,2.45,2.45,0
1344,2021-12-08,2.45,2.45,2.45,2.45,0
1345,2021-12-09,2.45,2.45,2.45,2.45,0
1346,2021-12-10,2.45,2.45,2.45,2.45,0
1347,2021-12-13,2.45,2.45,2.45,2.45,0
1348,2021-12-14,2.45,2.45,2.45,2.45,0
1349,2021-12-15,2.45,2.45,2.45,2.45,0
1350,2021-12-16,2.45,2.45,2.45,2.45,0
1351,2021-12-17,2.45,2.45,2.45,2.45,0
1352,2021-12-20,2.45,2.45,2.45,2.45,0
1353,2021-12-21,2.45,2.45,2.45,2.45,0
1354,2021-12-22,2.45,2.45,2.45,2.45,0
1355,2021-12-23,2.45,2.45,2.45,2.45,0
1356,2021-12-24,2.45,2.45,2.45,2.45,0
1357,2021-12-27,2.45,2.45,2.45,2.45,0
1358,2021-12-28,2.45,2.45,2.45,2.45,0
1359,2021-12-29,2.45,2.45,2.45,2.45,0
1360,2021-12-30,2.45,2.45,2.45,2.45,0
1361,2021-12-31,2.45,2.45,2.45,2.45,0
1362,2022-01-04,2.45,2.45,2.45,2.45,0
1363,2022-01-05,2.45,2.45,2.45,2.45,0
1364,2022-01-06,2.45,2.45,2.45,2.45,0
1365,2022-01-07,2.45,2.45,2.45,2.45,0
1366,2022-01-10,2.45,2.45,2.45,2.45,0
1367,2022-01-11,2.45,2.45,2.45,2.45,0
1368,2022-01-12,2.45,2.45,2.45,2.45,0
1369,2022-01-13,2.45,2.45,2.45,2.45,0
1370,2022-01-14,2.45,2.45,2.45,2.45,0
1371,2022-01-17,2.45,2.45,2.45,2.45,0
1372,2022-01-18,2.45,2.45,2.45,2.45,0
1373,2022-01-19,2.45,2.45,2.45,2.45,0
1374,2022-01-20,2.45,2.45,2.45,2.45,0
1375,2022-01-21,2.45,2.45,2.45,2.45,0
1376,2022-01-24,2.45,2.45,2.45,2.45,0
1377,2022-01-25,2.45,2.45,2.45,2.45,0
1378,2022-01-26,2.45,2.45,2.45,2.45,0
1379,2022-01-27,2.45,2.45,2.45,2.45,0
1380,2022-01-28,2.45,2.45,2.45,2.45,0
1381,2022-02-07,2.45,2.45,2.45,2.45,0
1382,2022-02-08,2.45,2.45,2.45,2.45,0
1383,2022-02-09,2.45,2.45,2.45,2.45,0
1384,2022-02-10,2.45,2.45,2.45,2.45,0
1385,2022-02-11,2.45,2.45,2.45,2.45,0
1386,2022-02-14,2.45,2.45,2.45,2.45,0
1387,2022-02-15,2.45,2.45,2.45,2.45,0
1388,2022-02-16,2.45,2.45,2.45,2.45,0
1389,2022-02-17,2.45,2.45,2.45,2.45,0
1390,2022-02-18,2.45,2.45,2.45,2.45,0
1391,2022-02-21,2.45,2.45,2.45,2.45,0
1392,2022-02-22,2.45,2.45,2.45,2.45,0
1393,2022-02-23,2.45,2.45,2.45,2.45,0
1394,2022-02-24,2.45,2.45,2.45,2.45,0
1395,2022-02-25,2.45,2.45,2.45,2.45,0
1396,2022-02-28,2.45,2.45,2.45,2.45,0
1397,2022-03-01,2.45,2.45,2.45,2.45,0
1398,2022-03-02,2.45,2.45,2.45,2.45,0
1399,2022-03-03,2.45,2.45,2.45,2.45,0
1400,2022-03-04,2.45,2.45,2.45,2.45,0
1401,2022-03-07,2.45,2.45,2.45,2.45,0
1402,2022-03-08,2.45,2.45,2.45,2.45,0
1403,2022-03-09,2.45,2.45,2.45,2.45,0
1404,2022-03-10,2.45,2.45,2.45,2.45,0
1405,2022-03-11,2.45,2.45,2.45,2.45,0
1406,2022-03-14,2.45,2.45,2.45,2.45,0
1407,2022-03-15,2.45,2.45,2.45,2.45,0
1408,2022-03-16,2.45,2.45,2.45,2.45,0
1409,2022-03-17,2.45,2.45,2.45,2.45,0
1410,2022-03-18,2.45,2.45,2.45,2.45,0
1411,2022-03-21,2.45,2.45,2.45,2.45,0
1412,2022-03-22,2.45,2.45,2.45,2.45,0
1413,2022-03-23,2.45,2.45,2.45,2.45,0
1414,2022-03-24,2.45,2.45,2.45,2.45,0
1415,2022-03-25,2.45,2.45,2.45,2.45,0
1416,2022-03-28,2.45,2.45,2.45,2.45,0
1417,2022-03-29,2.45,2.45,2.45,2.45,0
1418,2022-03-30,2.45,2.45,2.45,2.45,0
1419,2022-03-31,2.45,2.45,2.45,2.45,0
1420,2022-04-01,2.45,2.45,2.45,2.45,0
1421,2022-04-04,2.45,2.45,2.45,2.45,0
1422,2022-04-05,2.45,2.45,2.45,2.45,0
1423,2022-04-06,2.45,2.45,2.45,2.45,0
1424,2022-04-07,2.45,2.45,2.45,2.45,0
1425,2022-04-08,2.45,2.45,2.45,2.45,0
1426,2022-04-12,2.45,2.45,2.45,2.45,0
1427,2022-04-13,2.45,2.45,2.45,2.45,0
1428,2022-04-14,2.45,2.45,2.45,2.45,0
1429,2022-04-15,2.45,2.45,2.45,2.45,0
1430,2022-04-18,2.45,2.45,2.45,2.45,0
1431,2022-04-19,2.45,2.45,2.45,2.45,0
1432,2022-04-20,2.45,2.45,2.45,2.45,0
1433,2022-04-21,2.45,2.45,2.45,2.45,0
1434,2022-04-22,2.45,2.45,2.45,2.45,0
1435,2022-04-25,2.45,2.45,2.45,2.45,0
1436,2022-04-26,2.45,2.45,2.45,2.45,0
1437,2022-04-27,2.45,2.45,2.45,2.45,0
1438,2022-04-28,2.45,2.45,2.45,2.45,0
1439,2022-04-29,2.45,2.45,2.45,2.45,0
1440,2022-05-04,2.45,2.45,2.45,2.45,0
1441,2022-05-05,2.45,2.45,2.45,2.45,0
1442,2022-05-06,2.45,2.45,2.45,2.45,0
1443,2022-05-09,2.45,2.45,2.45,2.45,0
1444,2022-05-10,2.45,2.45,2.45,2.45,0
1445,2022-05-11,2.45,2.45,2.45,2.45,0
1446,2022-05-12,2.45,2.45,2.45,2.45,0
1447,2022-05-13,2.45,2.45,2.45,2.45,0
1448,2022-05-16,2.45,2.45,2.45,2.45,0
1449,2022-05-17,2.45,2.45,2.45,2.45,0
1450,2022-05-18,2.45,2.45,2.45,2.45,0
1451,2022-05-19,2.45,2.45,2.45,2.45,0
1452,2022-05-20,2.45,2.45,2.45,2.45,0
1453,2022-05-23,2.45,2.45,2.45,2.45,0
1454,2022-05-24,2.45,2.45,2.45,2.45,0
1455,2022-05-25,2.45,2.45,2.45,2.45,0
1456,2022-05-26,2.45,2.45,2.45,2.45,0
1457,2022-05-27,2.45,2.45,2.45,2.45,0
1458,2022-05-30,2.45,2.45,2.45,2.45,0
1459,2022-05-31,2.45,2.45,2.45,2.45,0
1460,2022-06-01,2.45,2.45,2.45,2.45,0
1461,2022-06-02,2.48,2.48,2.48,2.48,0
1462,2022-06-03,2.48,2.48,2.48,2.48,0
1463,2022-06-06,2.48,2.48,2.48,2.48,0
1464,2022-06-07,2.48,2.48,2.48,2.48,0
1465,2022-06-08,2.48,2.48,2.48,2.48,0
1466,2022-06-09,2.48,2.48,2.48,2.48,0
1467,2022-06-10,2.48,2.48,2.48,2.48,0
1468,2022-06-13,2.48,2.48,2.48,2.48,0
1469,2022-06-14,2.48,2.48,2.48,2.48,0
1470,2022-06-15,2.48,2.48,2.48,2.48,0
1471,2022-06-16,2.48,2.48,2.48,2.48,0
1472,2022-06-17,2.48,2.48,2.48,2.48,0
1473,2022-06-20,2.48,2.48,2.48,2.48,0
1474,2022-06-21,2.48,2.48,2.48,2.48,0
1475,2022-06-22,2.48,2.48,2.48,2.48,0
1476,2022-06-23,2.48,2.48,2.48,2.48,0
1477,2022-06-24,2.48,2.48,2.48,2.48,0
1478,2022-06-27,2.48,2.48,2.48,2.48,0
1479,2022-06-28,2.48,2.48,2.48,2.48,0
1480,2022-06-29,2.48,2.48,2.48,2.48,0
1481,2022-06-30,2.48,2.48,2.48,2.48,0
1482,2022-07-01,2.48,2.48,2.48,2.48,0
1483,2022-07-04,2.48,2.48,2.48,2.48,0
1484,2022-07-05,2.48,2.48,2.48,2.48,0
1485,2022-07-06,2.48,2.48,2.48,2.48,0
1486,2022-07-07,2.48,2.48,2.48,2.48,0
1487,2022-07-08,2.48,2.48,2.48,2.48,0
1488,2022-07-11,2.48,2.48,2.48,2.48,0
1489,2022-07-12,2.48,2.48,2.48,2.48,0
1490,2022-07-13,2.48,2.48,2.48,2.48,0
1491,2022-07-14,2.48,2.48,2.48,2.48,0
1492,2022-07-15,2.48,2.48,2.48,2.48,0
1493,2022-07-18,2.48,2.48,2.48,2.48,0
1494,2022-07-19,2.48,2.48,2.48,2.48,0
1495,2022-07-20,2.48,2.48,2.48,2.48,0
1496,2022-07-21,2.48,2.48,2.48,2.48,0
1497,2022-07-22,2.48,2.48,2.48,2.48,0
1498,2022-07-25,2.48,2.48,2.48,2.48,0
1499,2022-07-26,2.48,2.48,2.48,2.48,0
1500,2022-07-27,2.48,2.48,2.48,2.48,0
1501,2022-07-28,2.48,2.48,2.48,2.48,0
1502,2022-07-29,2.48,2.48,2.48,2.48,0
1503,2022-08-01,2.48,2.48,2.48,2.48,0
1504,2022-08-02,2.48,2.48,2.48,2.48,0
1505,2022-08-03,2.48,2.48,2.48,2.48,0
1506,2022-08-04,2.48,2.48,2.48,2.48,0
1507,2022-08-05,2.48,2.48,2.48,2.48,0
1508,2022-08-08,2.48,2.48,2.48,2.48,0
1509,2022-08-09,2.48,2.48,2.48,2.48,0
1510,2022-08-10,2.48,2.48,2.48,2.48,0
1511,2022-08-11,2.48,2.48,2.48,2.48,0
1512,2022-08-12,2.48,2.48,2.48,2.48,0
1513,2022-08-15,2.48,2.48,2.48,2.48,0
1514,2022-08-16,2.48,2.48,2.48,2.48,0
1515,2022-08-17,2.48,2.48,2.48,2.48,0
1516,2022-08-18,2.48,2.48,2.48,2.48,0
1517,2022-08-19,2.48,2.48,2.48,2.48,0
1518,2022-08-22,2.48,2.48,2.48,2.48,0
1519,2022-08-23,2.48,2.48,2.48,2.48,0
1520,2022-08-24,2.48,2.48,2.48,2.48,0
1521,2022-08-25,2.48,2.48,2.48,2.48,0
1522,2022-08-26,2.48,2.48,2.48,2.48,0
1523,2022-08-29,2.48,2.48,2.48,2.48,0
1524,2022-08-30,2.48,2.48,2.48,2.48,0
1525,2022-08-31,2.48,2.48,2.48,2.48,0
1526,2022-09-05,2.48,2.48,2.48,2.48,0
1527,2022-09-06,2.48,2.48,2.48,2.48,0
1528,2022-09-07,2.48,2.48,2.48,2.48,0
1529,2022-09-08,2.48,2.48,2.48,2.48,0
1530,2022-09-09,2.48,2.48,2.48,2.48,0
1531,2022-09-12,2.48,2.48,2.48,2.48,0
1532,2022-09-13,2.48,2.48,2.48,2.48,0
1533,2022-09-14,2.48,2.48,2.48,2.48,0
1534,2022-09-15,2.48,2.48,2.48,2.48,0
1535,2022-09-16,2.48,2.48,2.48,2.48,0
1536,2022-09-19,2.48,2.48,2.48,2.48,0
1537,2022-09-20,2.48,2.48,2.48,2.48,0
1538,2022-09-21,2.48,2.48,2.48,2.48,0
1539,2022-09-22,2.48,2.48,2.48,2.48,0
1540,2022-09-23,2.48,2.48,2.48,2.48,0
1541,2022-09-26,2.48,2.48,2.48,2.48,0
1542,2022-09-27,2.48,2.48,2.48,2.48,0
1543,2022-09-28,2.48,2.48,2.48,2.48,0
1544,2022-09-29,2.48,2.48,2.48,2.48,0
1545,2022-09-30,2.48,2.48,2.48,2.48,0
1546,2022-10-03,2.48,2.48,2.48,2.48,0
1547,2022-10-04,2.48,2.48,2.48,2.48,0
1548,2022-10-05,2.48,2.48,2.48,2.48,0
1549,2022-10-06,2.48,2.48,2.48,2.48,0
1550,2022-10-07,2.48,2.48,2.48,2.48,0
1551,2022-10-10,2.48,2.48,2.48,2.48,0
1552,2022-10-11,2.48,2.48,2.48,2.48,0
1553,2022-10-12,2.48,2.48,2.48,2.48,0
1554,2022-10-13,2.48,2.48,2.48,2.48,0
1555,2022-10-14,2.48,2.48,2.48,2.48,0
1556,2022-10-17,2.48,2.48,2.48,2.48,0
1557,2022-10-18,2.48,2.48,2.48,2.48,0
1558,2022-10-19,2.48,2.48,2.48,2.48,0
1559,2022-10-20,2.48,2.48,2.48,2.48,0
1560,2022-10-21,2.48,2.48,2.48,2.48,0
1561,2022-10-24,2.48,2.48,2.48,2.48,0
1562,2022-10-25,2.48,2.48,2.48,2.48,0
1563,2022-10-26,2.48,2.48,2.48,2.48,0
1564,2022-10-27,2.48,2.48,2.48,2.48,0
1565,2022-10-28,2.48,2.48,2.48,2.48,0
1566,2022-10-31,2.48,2.48,2.48,2.48,0
1567,2022-11-01,2.48,2.48,2.48,2.48,0
1568,2022-11-02,2.48,2.48,2.48,2.48,0
1569,2022-11-03,2.48,2.48,2.48,2.48,0
1570,2022-11-04,2.48,2.48,2.48,2.48,0
1571,2022-11-07,2.48,2.48,2.48,2.48,0
1572,2022-11-08,2.48,2.48,2.48,2.48,0
1573,2022-11-09,2.48,2.48,2.48,2.48,0
1574,2022-11-10,2.48,2.48,2.48,2.48,0
1575,2022-11-11,2.48,2.48,2.48,2.48,0
1576,2022-11-14,2.48,2.48,2.48,2.48,0
1577,2022-11-15,2.48,2.48,2.48,2.48,0
1578,2022-11-16,2.48,2.48,2.48,2.48,0
1579,2022-11-17,2.48,2.48,2.48,2.48,0
1580,2022-11-18,2.48,2.48,2.48,2.48,0
1581,2022-11-21,2.48,2.48,2.48,2.48,0
1582,2022-11-22,2.48,2.48,2.48,2.48,0
1583,2022-11-23,2.48,2.48,2.48,2.48,0
1584,2022-11-24,2.48,2.48,2.48,2.48,0
1585,2022-11-25,2.48,2.48,2.48,2.48,0
1586,2022-11-28,2.48,2.48,2.48,2.48,0
1587,2022-11-29,2.48,2.48,2.48,2.48,0
1588,2022-11-30,2.48,2.48,2.48,2.48,0
1589,2022-12-01,2.48,2.48,2.48,2.48,0
1590,2022-12-02,2.48,2.48,2.48,2.48,0
1591,2022-12-05,2.48,2.48,2.48,2.48,0
1592,2022-12-06,2.48,2.48,2.48,2.48,0
1593,2022-12-07,2.48,2.48,2.48,2.48,0
1594,2022-12-08,2.48,2.48,2.48,2.48,0
1595,2022-12-09,2.48,2.48,2.48,2.48,0
1596,2022-12-12,2.48,2.48,2.48,2.48,0
1597,2022-12-13,2.48,2.48,2.48,2.48,0
1598,2022-12-14,2.48,2.48,2.48,2.48,0
1599,2022-12-15,2.48,2.48,2.48,2.48,0
1600,2022-12-16,2.48,2.48,2.48,2.48,0
1601,2022-12-19,2.48,2.48,2.48,2.48,0
1602,2022-12-20,2.48,2.48,2.48,2.48,0
1603,2022-12-21,2.48,2.48,2.48,2.48,0
1604,2022-12-22,2.48,2.48,2.48,2.48,0
1605,2022-12-23,2.48,2.48,2.48,2.48,0
1606,2022-12-26,2.48,2.48,2.48,2.48,0
1607,2022-12-27,2.48,2.48,2.48,2.48,0
1608,2022-12-28,2.48,2.48,2.48,2.48,0
1609,2022-12-29,2.48,2.48,2.48,2.48,0
1610,2022-12-30,2.48,2.48,2.48,2.48,0
1611,2023-01-03,2.48,2.48,2.48,2.48,0
1612,2023-01-04,2.48,2.48,2.48,2.48,0
1613,2023-01-05,2.48,2.48,2.48,2.48,0
1614,2023-01-06,2.48,2.48,2.48,2.48,0
1615,2023-01-09,2.48,2.48,2.48,2.48,0
1616,2023-01-10,2.48,2.48,2.48,2.48,0
1617,2023-01-11,2.48,2.48,2.48,2.48,0
1618,2023-01-12,2.48,2.48,2.48,2.48,0
1619,2023-01-13,2.48,2.48,2.48,2.48,0
1620,2023-01-16,2.48,2.48,2.48,2.48,0
1621,2023-01-17,2.48,2.48,2.48,2.48,0
1622,2023-01-18,2.48,2.48,2.48,2.48,0
1623,2023-01-19,2.48,2.48,2.48,2.48,0
1624,2023-01-27,2.48,2.48,2.48,2.48,0
1625,2023-01-30,2.48,2.48,2.48,2.48,0
1626,2023-01-31,2.48,2.48,2.48,2.48,0
1627,2023-02-01,2.48,2.48,2.48,2.48,0
1628,2023-02-02,2.48,2.48,2.48,2.48,0
1629,2023-02-03,2.48,2.48,2.48,2.48,0
1630,2023-02-06,2.48,2.48,2.48,2.48,0
1631,2023-02-07,2.48,2.48,2.48,2.48,0
1632,2023-02-08,2.48,2.48,2.48,2.48,0
1633,2023-02-09,2.48,2.48,2.48,2.48,0
1634,2023-02-10,2.48,2.48,2.48,2.48,0
1635,2023-02-13,2.48,2.48,2.48,2.48,0
1636,2023-02-14,2.48,2.48,2.48,2.48,0
1637,2023-02-15,2.48,2.48,2.48,2.48,0
1638,2023-02-16,2.48,2.48,2.48,2.48,0
1639,2023-02-17,2.48,2.48,2.48,2.48,0
1640,2023-02-20,2.48,2.48,2.48,2.48,0
1641,2023-02-21,2.48,2.48,2.48,2.48,0
1642,2023-02-22,2.48,2.48,2.48,2.48,0
1643,2023-02-23,2.48,2.48,2.48,2.48,0
1644,2023-02-24,2.48,2.48,2.48,2.48,0
1645,2023-02-27,2.48,2.48,2.48,2.48,0
1646,2023-02-28,2.48,2.48,2.48,2.48,0
1647,2023-03-01,2.48,2.48,2.48,2.48,0
1648,2023-03-02,2.48,2.48,2.48,2.48,0
1649,2023-03-03,3.47,3.47,3.47,3.47,100
1650,2023-03-06,3.47,3.47,3.47,3.47,0
1651,2023-03-07,3.47,3.47,3.47,3.47,0
1652,2023-03-08,3.47,3.47,3.47,3.47,0
1653,2023-03-09,3.47,3.47,3.47,3.47,0
1654,2023-03-10,3.47,3.47,3.47,3.47,0
1655,2023-03-13,3.47,3.47,3.47,3.47,0
1656,2023-03-14,3.47,3.47,3.47,3.47,0
1657,2023-03-15,3.47,3.47,3.47,3.47,0
1658,2023-03-16,3.47,3.47,3.47,3.47,0
1659,2023-03-17,3.47,3.47,3.47,3.47,0
1660,2023-03-20,3.47,3.47,3.47,3.47,0
1661,2023-03-21,3.47,3.47,3.47,3.47,0
1662,2023-03-22,3.47,3.47,3.47,3.47,0
1663,2023-03-23,3.47,3.47,3.47,3.47,0
1664,2023-03-24,3.47,3.47,3.47,3.47,0
1665,2023-03-27,3.47,3.47,3.47,3.47,0
1666,2023-03-28,3.47,3.47,3.47,3.47,0
1667,2023-03-29,3.47,3.47,3.47,3.47,0
1668,2023-03-30,3.47,3.47,3.47,3.47,0
1669,2023-03-31,3.47,3.47,3.47,3.47,0
1670,2023-04-03,3.47,3.47,3.47,3.47,0
1671,2023-04-04,3.47,3.47,3.47,3.47,0
1672,2023-04-05,3.47,3.47,3.47,3.47,0
1673,2023-04-06,3.47,3.47,3.47,3.47,0
1674,2023-04-07,3.47,3.47,3.47,3.47,0
1675,2023-04-10,3.47,3.47,3.47,3.47,0
1676,2023-04-11,3.47,3.47,3.47,3.47,0
1677,2023-04-12,3.47,3.47,3.47,3.47,0
1678,2023-04-13,3.47,3.47,3.47,3.47,0
1679,2023-04-14,3.47,3.47,3.47,3.47,0
1680,2023-04-17,3.47,3.47,3.47,3.47,0
1681,2023-04-18,3.47,3.47,3.47,3.47,0
1682,2023-04-19,3.47,3.47,3.47,3.47,0
1683,2023-04-20,3.47,3.47,3.47,3.47,0
1684,2023-04-21,3.47,3.47,3.47,3.47,0
1685,2023-04-24,3.47,3.47,3.47,3.47,0
1686,2023-04-25,3.47,3.47,3.47,3.47,0
1687,2023-04-26,3.47,3.47,3.47,3.47,0
1688,2023-04-27,3.47,3.47,3.47,3.47,0
1689,2023-04-28,3.47,3.47,3.47,3.47,0
1690,2023-05-04,3.47,3.47,3.47,3.47,0
1691,2023-05-05,3.47,3.47,3.47,3.47,0
1692,2023-05-08,3.47,3.47,3.47,3.47,0
1693,2023-05-09,3.47,3.47,3.47,3.47,0
1694,2023-05-10,3.47,3.47,3.47,3.47,0
1695,2023-05-11,3.47,3.47,3.47,3.47,0
1696,2023-05-12,3.47,3.47,3.47,3.47,0
1697,2023-05-15,3.47,3.47,3.47,3.47,0
1698,2023-05-16,3.47,3.47,3.47,3.47,0
1699,2023-05-17,3.47,3.47,3.47,3.47,0
1700,2023-05-18,3.47,3.47,3.47,3.47,0
1701,2023-05-19,3.47,3.47,3.47,3.47,0
1702,2023-05-22,3.47,3.47,3.47,3.47,0
1703,2023-05-23,3.47,3.47,3.47,3.47,0
1704,2023-05-24,3.47,3.47,3.47,3.47,0
1705,2023-05-25,3.47,3.47,3.47,3.47,0
1706,2023-05-26,3.47,3.47,3.47,3.47,0
1707,2023-05-29,3.47,3.47,3.47,3.47,0
1708,2023-05-30,3.47,3.47,3.47,3.47,0
1709,2023-05-31,3.47,3.47,3.47,3.47,0
1710,2023-06-01,3.47,3.47,3.47,3.47,0
1711,2023-06-02,3.47,3.47,3.47,3.47,0
1712,2023-06-05,3.47,3.47,3.47,3.47,0
1713,2023-06-06,3.47,3.47,3.47,3.47,0
1714,2023-06-07,3.47,3.47,3.47,3.47,0
1715,2023-06-08,3.47,3.47,3.47,3.47,0
1716,2023-06-09,3.47,3.47,3.47,3.47,0
1717,2023-06-12,3.47,3.47,3.47,3.47,0
1718,2023-06-13,3.47,3.47,3.47,3.47,0
1719,2023-06-14,3.47,3.47,3.47,3.47,0
1720,2023-06-15,3.5,3.5,3.5,3.5,0
1721,2023-06-16,3.5,3.5,3.5,3.5,0
1722,2023-06-19,3.5,3.5,3.5,3.5,0
1723,2023-06-20,3.5,3.5,3.5,3.5,0
1724,2023-06-21,3.5,3.5,3.5,3.5,0
1725,2023-06-22,3.5,3.5,3.5,3.5,0
1726,2023-06-23,3.5,3.5,3.5,3.5,0
1727,2023-06-26,3.5,3.5,3.5,3.5,0
1728,2023-06-27,3.5,3.5,3.5,3.5,0
1729,2023-06-28,3.5,3.5,3.5,3.5,0
1730,2023-06-29,3.5,3.5,3.5,3.5,0
1731,2023-06-30,3.5,3.5,3.5,3.5,0
1732,2023-07-03,3.5,3.5,3.5,3.5,0
1733,2023-07-04,3.5,3.5,3.5,3.5,0
1734,2023-07-05,3.5,3.5,3.5,3.5,0
1735,2023-07-06,3.5,3.5,3.5,3.5,0
1736,2023-07-07,3.5,3.5,3.5,3.5,0
1737,2023-07-10,3.5,3.5,3.5,3.5,0
1738,2023-07-11,3.5,3.5,3.5,3.5,0
1739,2023-07-12,3.5,3.5,3.5,3.5,0
1740,2023-07-13,3.5,3.5,3.5,3.5,0
1741,2023-07-14,3.5,3.5,3.5,3.5,0
1742,2023-07-17,3.5,3.5,3.5,3.5,0
1743,2023-07-18,3.5,3.5,3.5,3.5,0
1744,2023-07-19,3.5,3.5,3.5,3.5,0
1745,2023-07-20,3.5,3.5,3.5,3.5,0
1746,2023-07-21,3.5,3.5,3.5,3.5,0
1747,2023-07-24,3.5,3.5,3.5,3.5,0
1748,2023-07-25,3.5,3.5,3.5,3.5,0
1749,2023-07-26,3.5,3.5,3.5,3.5,0
1750,2023-07-27,3.5,3.5,3.5,3.5,0
1751,2023-07-28,3.5,3.5,3.5,3.5,0
1752,2023-07-31,3.5,3.5,3.5,3.5,0
1753,2023-08-01,3.5,3.5,3.5,3.5,0
1754,2023-08-02,3.5,3.5,3.5,3.5,0
1755,2023-08-03,3.5,3.5,3.5,3.5,0
1756,2023-08-04,3.5,3.5,3.5,3.5,0
1757,2023-08-07,3.5,3.5,3.5,3.5,0
1758,2023-08-08,3.5,3.5,3.5,3.5,0
1759,2023-08-09,3.5,3.5,3.5,3.5,0
1760,2023-08-10,3.5,3.5,3.5,3.5,0
1761,2023-08-11,3.5,3.5,3.5,3.5,0
1762,2023-08-14,3.5,3.5,3.5,3.5,0
1763,2023-08-15,3.5,3.5,3.5,3.5,0
1764,2023-08-16,3.5,3.5,3.5,3.5,0
1765,2023-08-17,3.5,3.5,3.5,3.5,0
1766,2023-08-18,3.5,3.5,3.5,3.5,0
1767,2023-08-21,3.5,3.5,3.5,3.5,0
1768,2023-08-22,3.5,3.5,3.5,3.5,0
1769,2023-08-23,3.5,3.5,3.5,3.5,0
1770,2023-08-24,3.5,3.5,3.5,3.5,0
1771,2023-08-25,3.5,3.5,3.5,3.5,0
1772,2023-08-28,3.5,3.5,3.5,3.5,0
1773,2023-08-29,3.5,3.5,3.5,3.5,0
1774,2023-08-30,3.5,3.5,3.5,3.5,0
1775,2023-08-31,3.5,3.5,3.5,3.5,0
1776,2023-09-05,3.5,3.5,3.5,3.5,0
1777,2023-09-06,3.5,3.5,3.5,3.5,0
1778,2023-09-07,3.5,3.5,3.5,3.5,0
1779,2023-09-08,3.5,3.5,3.5,3.5,0
1780,2023-09-11,3.5,3.5,3.5,3.5,0
1781,2023-09-12,3.5,3.5,3.5,3.5,0
1782,2023-09-13,3.5,3.5,3.5,3.5,0
1783,2023-09-14,3.5,3.5,3.5,3.5,0
1784,2023-09-15,3.5,3.5,3.5,3.5,0
1785,2023-09-18,3.5,3.5,3.5,3.5,0
1786,2023-09-19,3.5,3.5,3.5,3.5,0
1787,2023-09-20,3.5,3.5,3.5,3.5,0
1788,2023-09-21,3.5,3.5,3.5,3.5,0
1789,2023-09-22,3.5,3.5,3.5,3.5,0
1790,2023-09-25,3.5,3.5,3.5,3.5,0
1791,2023-09-26,3.5,3.5,3.5,3.5,0
1792,2023-09-27,3.5,3.5,3.5,3.5,0
1793,2023-09-28,3.5,3.5,3.5,3.5,0
1794,2023-09-29,3.5,3.5,3.5,3.5,0
1795,2023-10-02,3.5,3.5,3.5,3.5,0
1796,2023-10-03,3.5,3.5,3.5,3.5,0
1797,2023-10-04,3.5,3.5,3.5,3.5,0
1798,2023-10-05,3.5,3.5,3.5,3.5,0
1799,2023-10-06,3.5,3.5,3.5,3.5,0
1800,2023-10-09,3.5,3.5,3.5,3.5,0
1801,2023-10-10,3.5,3.5,3.5,3.5,0
1802,2023-10-11,3.5,3.5,3.5,3.5,0
1803,2023-10-12,3.5,3.5,3.5,3.5,0
1804,2023-10-13,3.5,3.5,3.5,3.5,0
1805,2023-10-16,3.5,3.5,3.5,3.5,0
1806,2023-10-17,3.5,3.5,3.5,3.5,0
1807,2023-10-18,3.5,3.5,3.5,3.5,0
1808,2023-10-19,3.5,3.5,3.5,3.5,0
1809,2023-10-20,3.5,3.5,3.5,3.5,0
1810,2023-10-23,3.5,3.5,3.5,3.5,0
1811,2023-10-24,3.5,3.5,3.5,3.5,0
1812,2023-10-25,3.5,3.5,3.5,3.5,0
1813,2023-10-26,3.5,3.5,3.5,3.5,0
1814,2023-10-27,3.5,3.5,3.5,3.5,0
1815,2023-10-30,3.5,3.5,3.5,3.5,0
1816,2023-10-31,3.5,3.5,3.5,3.5,0
1817,2023-11-01,3.5,3.5,3.5,3.5,0
1818,2023-11-02,3.5,3.5,3.5,3.5,0
1819,2023-11-03,3.5,3.5,3.5,3.5,0
1820,2023-11-06,3.5,3.5,3.5,3.5,0
1821,2023-11-07,3.5,3.5,3.5,3.5,0
1822,2023-11-08,3.5,3.5,3.5,3.5,0
1823,2023-11-09,3.5,3.5,3.5,3.5,0
1824,2023-11-10,3.5,3.5,3.5,3.5,0
1825,2023-11-13,3.5,3.5,3.5,3.5,0
1826,2023-11-14,3.5,3.5,3.5,3.5,0
1827,2023-11-15,3.5,3.5,3.5,3.5,0
1828,2023-11-16,3.5,3.5,3.5,3.5,0
1829,2023-11-17,3.5,3.5,3.5,3.5,0
1830,2023-11-20,3.5,3.5,3.5,3.5,0
1831,2023-11-21,3.5,3.5,3.5,3.5,0
1832,2023-11-22,3.5,3.5,3.5,3.5,0
1833,2023-11-23,3.5,3.5,3.5,3.5,0
1834,2023-11-24,3.5,3.5,3.5,3.5,0
1835,2023-11-27,3.5,3.5,3.5,3.5,0
1836,2023-11-28,3.5,3.5,3.5,3.5,0
1837,2023-11-29,3.5,3.5,3.5,3.5,0
1838,2023-11-30,3.5,3.5,3.5,3.5,0
1839,2023-12-01,3.5,3.5,3.5,3.5,0
1840,2023-12-04,3.5,3.5,3.5,3.5,0
1841,2023-12-05,3.5,3.5,3.5,3.5,0
1842,2023-12-06,3.5,3.5,3.5,3.5,0
1843,2023-12-07,3.5,3.5,3.5,3.5,0
1844,2023-12-08,3.5,3.5,3.5,3.5,0
1845,2023-12-11,3.5,3.5,3.5,3.5,0
1846,2023-12-12,3.5,3.5,3.5,3.5,0
1847,2023-12-13,3.5,3.5,3.5,3.5,0
1848,2023-12-14,3.5,3.5,3.5,3.5,0
1849,2023-12-15,3.5,3.5,3.5,3.5,0
1850,2023-12-18,3.5,3.5,3.5,3.5,0
1851,2023-12-19,3.5,3.5,3.5,3.5,0
1852,2023-12-20,3.5,3.5,3.5,3.5,0
1853,2023-12-21,3.5,3.5,3.5,3.5,0
1854,2023-12-22,3.5,3.5,3.5,3.5,0
1855,2023-12-25,3.5,3.5,3.5,3.5,0
1856,2023-12-26,3.5,3.5,3.5,3.5,0
1857,2023-12-27,3.5,3.5,3.5,3.5,0
1858,2023-12-28,3.5,3.5,3.5,3.5,0
1859,2023-12-29,3.5,3.5,3.5,3.5,0
1860,2024-01-02,3.5,3.5,3.5,3.5,0
1861,2024-01-03,3.5,3.5,3.5,3.5,0
1862,2024-01-04,3.5,3.5,3.5,3.5,0
1863,2024-01-05,3.5,3.5,3.5,3.5,0
1864,2024-01-08,3.5,3.5,3.5,3.5,0
1865,2024-01-09,3.5,3.5,3.5,3.5,0
1866,2024-01-10,3.5,3.5,3.5,3.5,0
1867,2024-01-11,3.5,3.5,3.5,3.5,0
1868,2024-01-12,3.5,3.5,3.5,3.5,0
1869,2024-01-15,3.5,3.5,3.5,3.5,0
1870,2024-01-16,3.5,3.5,3.5,3.5,0
1871,2024-01-17,3.5,3.5,3.5,3.5,0
1872,2024-01-18,3.5,3.5,3.5,3.5,0
1873,2024-01-19,3.5,3.5,3.5,3.5,0
1874,2024-01-22,3.5,3.5,3.5,3.5,0
1875,2024-01-23,3.5,3.5,3.5,3.5,0
1876,2024-01-24,3.5,3.5,3.5,3.5,0
1877,2024-01-25,3.5,3.5,3.5,3.5,0
1878,2024-01-26,3.5,3.5,3.5,3.5,0
1879,2024-01-29,3.5,3.5,3.5,3.5,0
1880,2024-01-30,3.5,3.5,3.5,3.5,0
1881,2024-01-31,3.5,3.5,3.5,3.5,0
1882,2024-02-01,3.5,3.5,3.5,3.5,0
1883,2024-02-02,3.5,3.5,3.5,3.5,0
1884,2024-02-05,3.5,3.5,3.5,3.5,0
1885,2024-02-06,3.5,3.5,3.5,3.5,0
1886,2024-02-07,3.5,3.5,3.5,3.5,0
1887,2024-02-15,3.5,3.5,3.5,3.5,0
1888,2024-02-16,3.5,3.5,3.5,3.5,0
1889,2024-02-19,3.5,3.5,3.5,3.5,0
1890,2024-02-20,3.5,3.5,3.5,3.5,0
1891,2024-02-21,3.5,3.5,3.5,3.5,0
1892,2024-02-22,3.5,3.5,3.5,3.5,0
1893,2024-02-23,3.5,3.5,3.5,3.5,0
1894,2024-02-26,3.5,3.5,3.5,3.5,0
1895,2024-02-27,3.5,3.5,3.5,3.5,0
1896,2024-02-28,3.5,3.5,3.5,3.5,0
1897,2024-02-29,3.5,3.5,3.5,3.5,0
1898,2024-03-01,3.5,3.5,3.5,3.5,0
1899,2024-03-04,3.5,3.5,3.5,3.5,0
1900,2024-03-05,3.5,3.5,3.5,3.5,0
1901,2024-03-06,3.5,3.5,3.5,3.5,0
1902,2024-03-07,3.5,3.5,3.5,3.5,0
1903,2024-03-08,3.5,3.5,3.5,3.5,0
1904,2024-03-11,3.5,3.5,3.5,3.5,0
1905,2024-03-12,3.5,3.5,3.5,3.5,0
1906,2024-03-13,3.5,3.5,3.5,3.5,0
1907,2024-03-14,3.5,3.5,3.5,3.5,0
1908,2024-03-15,3.5,3.5,3.5,3.5,0
1909,2024-03-18,3.5,3.5,3.5,3.5,0
1910,2024-03-19,3.5,3.5,3.5,3.5,0
1911,2024-03-20,3.5,3.5,3.5,3.5,0
1912,2024-03-21,3.5,3.5,3.5,3.5,0
1913,2024-03-22,3.5,3.5,3.5,3.5,0
1914,2024-03-25,3.5,3.5,3.5,3.5,0
1915,2024-03-26,3.5,3.5,3.5,3.5,0
1916,2024-03-27,3.5,3.5,3.5,3.5,0
1917,2024-03-28,3.5,3.5,3.5,3.5,0
1918,2024-03-29,3.5,3.5,3.5,3.5,0
1919,2024-04-01,3.5,3.5,3.5,3.5,0
1920,2024-04-02,3.5,3.5,3.5,3.5,0
1921,2024-04-03,3.5,3.5,3.5,3.5,0
1922,2024-04-04,3.5,3.5,3.5,3.5,0
1923,2024-04-05,3.5,3.5,3.5,3.5,0
1924,2024-04-08,3.5,3.5,3.5,3.5,0
1925,2024-04-09,3.5,3.5,3.5,3.5,0
1926,2024-04-10,3.5,3.5,3.5,3.5,0
1927,2024-04-11,3.5,3.5,3.5,3.5,0
1928,2024-04-12,3.5,3.5,3.5,3.5,0
1929,2024-04-15,3.5,3.5,3.5,3.5,0
1930,2024-04-16,3.5,3.5,3.5,3.5,0
1931,2024-04-17,3.5,3.5,3.5,3.5,0
1932,2024-04-19,3.5,3.5,3.5,3.5,0
1933,2024-04-22,3.5,3.5,3.5,3.5,0
1934,2024-04-23,3.5,3.5,3.5,3.5,0
1935,2024-04-24,3.5,3.5,3.5,3.5,0
1936,2024-04-25,3.5,3.5,3.5,3.5,0
1937,2024-04-26,3.5,3.5,3.5,3.5,0
1938,2024-05-02,3.5,3.5,3.5,3.5,0
1939,2024-05-03,3.5,3.5,3.5,3.5,0
1940,2024-05-06,3.5,3.5,3.5,3.5,0
1941,2024-05-07,3.5,3.5,3.5,3.5,0
1942,2024-05-08,3.5,3.5,3.5,3.5,0
1943,2024-05-09,3.5,3.5,3.5,3.5,0
1944,2024-05-10,3.5,3.5,3.5,3.5,0
1945,2024-05-13,3.5,3.5,3.5,3.5,0
1946,2024-05-14,3.5,3.5,3.5,3.5,0
1947,2024-05-15,3.5,3.5,3.5,3.5,0
1948,2024-05-16,3.5,3.5,3.5,3.5,0
1949,2024-05-17,3.5,3.5,3.5,3.5,0
1950,2024-05-20,3.5,3.5,3.5,3.5,0
1951,2024-05-21,3.5,3.5,3.5,3.5,0
1952,2024-05-22,3.5,3.5,3.5,3.5,0
1953,2024-05-23,3.5,3.5,3.5,3.5,0
1954,2024-05-24,3.5,3.5,3.5,3.5,0
1955,2024-05-27,3.5,3.5,3.5,3.5,0
1956,2024-05-28,3.5,3.5,3.5,3.5,0
1957,2024-05-29,3.5,3.5,3.5,3.5,0
1958,2024-05-30,3.5,3.5,3.5,3.5,0
1959,2024-05-31,3.5,3.5,3.5,3.5,0
1960,2024-06-03,3.5,3.5,3.5,3.5,0
1961,2024-06-04,3.5,3.5,3.5,3.5,0
1962,2024-06-05,3.5,3.5,3.5,3.5,0
1963,2024-06-06,3.5,3.5,3.5,3.5,0
1964,2024-06-07,3.5,3.5,3.5,3.5,0
1965,2024-06-10,3.5,3.5,3.5,3.5,0
1966,2024-06-11,3.5,3.5,3.5,3.5,0
1967,2024-06-12,3.5,3.5,3.5,3.5,0
1968,2024-06-13,3.5,3.5,3.5,3.5,0
1969,2024-06-14,3.5,3.5,3.5,3.5,0
1970,2024-06-17,3.5,3.5,3.5,3.5,0
1971,2024-06-18,3.5,3.5,3.5,3.5,0
1972,2024-06-19,3.5,3.5,3.5,3.5,0
1973,2024-06-20,3.5,3.5,3.5,3.5,0
1974,2024-06-21,3.5,3.5,3.5,3.5,0
1975,2024-06-24,3.5,3.5,3.5,3.5,0
1976,2024-06-25,3.5,3.5,3.5,3.5,0
1977,2024-06-26,3.5,3.5,3.5,3.5,0
1978,2024-06-27,3.5,3.5,3.5,3.5,0
1979,2024-06-28,3.5,3.5,3.5,3.5,0
1980,2024-07-01,3.5,3.5,3.5,3.5,0
1981,2024-07-02,3.5,3.5,3.5,3.5,0
1982,2024-07-03,3.5,3.5,3.5,3.5,0
1983,2024-07-04,3.5,3.5,3.5,3.5,0
1984,2024-07-05,3.5,3.5,3.5,3.5,0
1985,2024-07-08,3.5,3.5,3.5,3.5,0
1986,2024-07-09,3.5,3.5,3.5,3.5,0
1987,2024-07-10,3.5,3.5,3.5,3.5,0
1988,2024-07-11,3.5,3.5,3.5,3.5,0
1989,2024-07-12,3.5,3.5,3.5,3.5,0
1990,2024-07-15,3.5,3.5,3.5,3.5,0
1991,2024-07-16,3.5,3.5,3.5,3.5,0
1992,2024-07-17,3.5,3.5,3.5,3.5,0
1993,2024-07-18,3.5,3.5,3.5,3.5,0
1994,2024-07-19,3.5,3.5,3.5,3.5,0
1995,2024-07-22,3.5,3.5,3.5,3.5,0
1996,2024-07-23,3.5,3.5,3.5,3.5,0
1997,2024-07-24,3.5,3.5,3.5,3.5,0
1998,2024-07-25,3.5,3.5,3.5,3.5,0
1999,2024-07-26,3.5,3.5,3.5,3.5,0
2000,2024-07-29,3.5,3.5,3.5,3.5,0
2001,2024-07-30,3.5,3.5,3.5,3.5,0
2002,2024-07-31,3.5,3.5,3.5,3.5,0
2003,2024-08-01,3.5,3.5,3.5,3.5,0
2004,2024-08-02,3.5,3.5,3.5,3.5,0
2005,2024-08-05,3.5,3.5,3.5,3.5,0
2006,2024-08-06,3.5,3.5,3.5,3.5,0
2007,2024-08-07,3.5,3.5,3.5,3.5,0
2008,2024-08-08,3.5,3.5,3.5,3.5,0
2009,2024-08-09,3.5,3.5,3.5,3.5,0
2010,2024-08-12,3.5,3.5,3.5,3.5,0
2011,2024-08-13,3.5,3.5,3.5,3.5,0
2012,2024-08-14,3.5,3.5,3.5,3.5,0
2013,2024-08-15,3.5,3.5,3.5,3.5,0
2014,2024-08-16,3.5,3.5,3.5,3.5,0
2015,2024-08-19,3.5,3.5,3.5,3.5,0
2016,2024-08-20,3.5,3.5,3.5,3.5,0
2017,2024-08-21,3.5,3.5,3.5,3.5,0
2018,2024-08-22,3.5,3.5,3.5,3.5,0
2019,2024-08-23,3.5,3.5,3.5,3.5,0
2020,2024-08-26,3.5,3.5,3.5,3.5,0
2021,2024-08-27,3.5,3.5,3.5,3.5,0
2022,2024-08-28,3.5,3.5,3.5,3.5,0
2023,2024-08-29,3.5,3.5,3.5,3.5,0
2024,2024-08-30,3.5,3.5,3.5,3.5,0
2025,2024-09-04,3.5,3.5,3.5,3.5,0
2026,2024-09-05,3.5,3.5,3.5,3.5,0
2027,2024-09-06,3.5,3.5,3.5,3.5,0
2028,2024-09-09,3.5,3.5,3.5,3.5,0
2029,2024-09-10,3.5,3.5,3.5,3.5,0
2030,2024-09-11,3.5,3.5,3.5,3.5,0
2031,2024-09-12,3.5,3.5,3.5,3.5,0
2032,2024-09-13,3.5,3.5,3.5,3.5,0
2033,2024-09-16,3.5,3.5,3.5,3.5,0
2034,2024-09-17,3.5,3.5,3.5,3.5,0
2035,2024-09-18,3.5,3.5,3.5,3.5,0
2036,2024-09-19,3.5,3.5,3.5,3.5,0
2037,2024-09-20,3.5,3.5,3.5,3.5,0
2038,2024-09-23,3.5,3.5,3.5,3.5,0
2039,2024-09-24,3.5,3.5,3.5,3.5,0
2040,2024-09-25,3.5,3.5,3.5,3.5,0
2041,2024-09-26,3.5,3.5,3.5,3.5,0
2042,2024-09-27,3.5,3.5,3.5,3.5,0
2043,2024-09-30,3.5,3.5,3.5,3.5,0
2044,2024-10-01,3.5,3.5,3.5,3.5,0
2045,2024-10-02,3.5,3.5,3.5,3.5,0
2046,2024-10-03,3.5,3.5,3.5,3.5,0
2047,2024-10-04,3.5,3.5,3.5,3.5,0
2048,2024-10-07,3.5,3.5,3.5,3.5,0
2049,2024-10-08,3.5,3.5,3.5,3.5,0
2050,2024-10-09,3.5,3.5,3.5,3.5,0
2051,2024-10-10,3.5,3.5,3.5,3.5,0
2052,2024-10-11,3.5,3.5,3.5,3.5,0
2053,2024-10-14,3.5,3.5,3.5,3.5,0
2054,2024-10-15,3.5,3.5,3.5,3.5,0
2055,2024-10-16,3.5,3.5,3.5,3.5,0
2056,2024-10-17,3.5,3.5,3.5,3.5,0
2057,2024-10-18,3.5,3.5,3.5,3.5,0
2058,2024-10-21,3.5,3.5,3.5,3.5,0
2059,2024-10-22,3.5,3.5,3.5,3.5,0
2060,2024-10-23,3.5,3.5,3.5,3.5,0
2061,2024-10-24,3.5,3.5,3.5,3.5,0
2062,2024-10-25,3.5,3.5,3.5,3.5,0
2063,2024-10-28,3.5,3.5,3.5,3.5,0
2064,2024-10-29,3.5,3.5,3.5,3.5,0
2065,2024-10-30,3.5,3.5,3.5,3.5,0
2066,2024-10-31,3.5,3.5,3.5,3.5,0
2067,2024-11-01,3.5,3.5,3.5,3.5,0
2068,2024-11-04,3.5,3.5,3.5,3.5,0
2069,2024-11-05,3.5,3.5,3.5,3.5,0
2070,2024-11-06,3.5,3.5,3.5,3.5,0
2071,2024-11-07,3.5,3.5,3.5,3.5,0
2072,2024-11-08,3.5,3.5,3.5,3.5,0
2073,2024-11-11,3.5,3.5,3.5,3.5,0
2074,2024-11-12,3.5,3.5,3.5,3.5,0
2075,2024-11-13,3.5,3.5,3.5,3.5,0
2076,2024-11-14,3.5,3.5,3.5,3.5,0
2077,2024-11-15,3.5,3.5,3.5,3.5,0
2078,2024-11-18,3.5,3.5,3.5,3.5,0
2079,2024-11-19,3.5,3.5,3.5,3.5,0
2080,2024-11-20,3.5,3.5,3.5,3.5,0
2081,2024-11-21,3.5,3.5,3.5,3.5,0
2082,2024-11-22,3.5,3.5,3.5,3.5,0
2083,2024-11-25,3.5,3.5,3.5,3.5,0
2084,2024-11-26,3.5,3.5,3.5,3.5,0
2085,2024-11-27,3.5,3.5,3.5,3.5,0
2086,2024-11-28,3.5,3.5,3.5,3.5,0
2087,2024-11-29,3.5,3.5,3.5,3.5,0
2088,2024-12-02,3.5,3.5,3.5,3.5,0
2089,2024-12-03,3.5,3.5,3.5,3.5,0
2090,2024-12-04,3.5,3.5,3.5,3.5,0
2091,2024-12-05,3.5,3.5,3.5,3.5,0
2092,2024-12-06,3.5,3.5,3.5,3.5,0
2093,2024-12-09,3.5,3.5,3.5,3.5,0
2094,2024-12-10,3.5,3.5,3.5,3.5,0
2095,2024-12-11,3.5,3.5,3.5,3.5,0
2096,2024-12-12,3.5,3.5,3.5,3.5,0
2097,2024-12-13,3.5,3.5,3.5,3.5,0
2098,2024-12-16,3.5,3.5,3.5,3.5,0
2099,2024-12-17,3.5,3.5,3.5,3.5,0
2100,2024-12-18,3.5,3.5,3.5,3.5,0
2101,2024-12-19,3.5,3.5,3.5,3.5,0
2102,2024-12-20,3.5,3.5,3.5,3.5,0
2103,2024-12-23,3.5,3.5,3.5,3.5,0
2104,2024-12-24,3.5,3.5,3.5,3.5,0
2105,2024-12-25,3.5,3.5,3.5,3.5,0
2106,2024-12-26,3.5,3.5,3.5,3.5,0
2107,2024-12-27,3.5,3.5,3.5,3.5,0
2108,2024-12-30,3.5,3.5,3.5,3.5,0
2109,2024-12-31,3.5,3.5,3.5,3.5,0
2110,2025-01-02,3.5,3.5,3.5,3.5,0
2111,2025-01-03,3.5,3.5,3.5,3.5,0
2112,2025-01-06,3.5,3.5,3.5,3.5,0
2113,2025-01-07,3.5,3.5,3.5,3.5,0
2114,2025-01-08,3.5,3.5,3.5,3.5,0
2115,2025-01-09,3.5,3.5,3.5,3.5,0
2116,2025-01-10,3.5,3.5,3.5,3.5,0
2117,2025-01-13,3.5,3.5,3.5,3.5,0
2118,2025-01-14,3.5,3.5,3.5,3.5,0
2119,2025-01-15,3.5,3.5,3.5,3.5,0
2120,2025-01-16,3.5,3.5,3.5,3.5,0
2121,2025-01-17,3.5,3.5,3.5,3.5,0
2122,2025-01-20,3.5,3.5,3.5,3.5,0
2123,2025-01-21,3.5,3.5,3.5,3.5,0
2124,2025-01-22,3.5,3.5,3.5,3.5,0
2125,2025-01-23,3.5,3.5,3.5,3.5,0
2126,2025-01-24,3.5,3.5,3.5,3.5,0
2127,2025-02-03,3.5,3.5,3.5,3.5,0
2128,2025-02-04,3.5,3.5,3.5,3.5,0
2129,2025-02-05,3.5,3.5,3.5,3.5,0
2130,2025-02-06,3.5,3.5,3.5,3.5,0
2131,2025-02-07,3.5,3.5,3.5,3.5,0
2132,2025-02-10,3.5,3.5,3.5,3.5,0
2133,2025-02-11,3.5,3.5,3.5,3.5,0
2134,2025-02-12,3.5,3.5,3.5,3.5,0
2135,2025-02-13,3.5,3.5,3.5,3.5,0
2136,2025-02-14,3.5,3.5,3.5,3.5,0
2137,2025-02-17,3.5,3.5,3.5,3.5,0
2138,2025-02-18,3.5,3.5,3.5,3.5,0
2139,2025-02-19,3.5,3.5,3.5,3.5,0
2140,2025-02-20,3.5,3.5,3.5,3.5,0
2141,2025-02-21,3.5,3.5,3.5,3.5,0
2142,2025-02-24,3.5,3.5,3.5,3.5,0
2143,2025-02-25,3.5,3.5,3.5,3.5,0
2144,2025-02-26,3.5,3.5,3.5,3.5,0
2145,2025-02-27,3.5,3.5,3.5,3.5,0
2146,2025-02-28,3.5,3.5,3.5,3.5,0
2147,2025-03-03,3.5,3.5,3.5,3.5,0
2148,2025-03-04,3.5,3.5,3.5,3.5,0
2149,2025-03-05,3.5,3.5,3.5,3.5,0
2150,2025-03-06,3.5,3.5,3.5,3.5,0
2151,2025-03-07,3.5,3.5,3.5,3.5,0
2152,2025-03-10,3.5,3.5,3.5,3.5,0
2153,2025-03-11,3.5,3.5,3.5,3.5,0
2154,2025-03-12,3.5,3.5,3.5,3.5,0
2155,2025-03-13,3.5,3.5,3.5,3.5,0
2156,2025-03-14,3.5,3.5,3.5,3.5,0
2157,2025-03-17,3.5,3.5,3.5,3.5,0
2158,2025-03-18,3.5,3.5,3.5,3.5,0
2159,2025-03-19,3.5,3.5,3.5,3.5,0
2160,2025-03-20,3.5,3.5,3.5,3.5,0
2161,2025-03-21,3.5,3.5,3.5,3.5,0
2162,2025-03-24,3.5,3.5,3.5,3.5,0
2163,2025-03-25,3.5,3.5,3.5,3.5,0
2164,2025-03-26,3.5,3.5,3.5,3.5,0
2165,2025-03-27,3.5,3.5,3.5,3.5,0
2166,2025-03-28,3.5,3.5,3.5,3.5,0
2167,2025-03-31,3.5,3.5,3.5,3.5,0
2168,2025-04-01,3.5,3.5,3.5,3.5,0
2169,2025-04-02,3.5,3.5,3.5,3.5,0
2170,2025-04-03,3.5,3.5,3.5,3.5,0
2171,2025-04-04,3.5,3.5,3.5,3.5,0
2172,2025-04-08,3.5,3.5,3.5,3.5,0
2173,2025-04-09,3.5,3.5,3.5,3.5,0
2174,2025-04-10,3.5,3.5,3.5,3.5,0
2175,2025-04-11,3.5,3.5,3.5,3.5,0
2176,2025-04-14,3.5,3.5,3.5,3.5,0
2177,2025-04-15,3.5,3.5,3.5,3.5,0
2178,2025-04-16,3.5,3.5,3.5,3.5,0
2179,2025-04-17,3.5,3.5,3.5,3.5,0
2180,2025-04-18,3.5,3.5,3.5,3.5,0
2181,2025-04-21,3.5,3.5,3.5,3.5,0
2182,2025-04-22,3.5,3.5,3.5,3.5,0
2183,2025-04-23,3.5,3.5,3.5,3.5,0
2184,2025-04-24,3.5,3.5,3.5,3.5,0
2185,2025-04-25,3.5,3.5,3.5,3.5,0
2186,2025-04-28,3.5,3.5,3.5,3.5,0
2187,2025-04-29,3.5,3.5,3.5,3.5,0
2188,2025-05-05,3.5,3.5,3.5,3.5,0
2189,2025-05-06,3.5,3.5,3.5,3.5,0
2190,2025-05-07,3.5,3.5,3.5,3.5,0
2191,2025-05-08,3.5,3.5,3.5,3.5,0
2192,2025-05-09,3.5,3.5,3.5,3.5,0
2193,2025-05-12,3.5,3.5,3.5,3.5,0
2194,2025-05-13,3.5,3.5,3.5,3.5,0
2195,2025-05-14,3.5,3.5,3.5,3.5,0
2196,2025-05-15,3.5,3.5,3.5,3.5,0
2197,2025-05-16,3.5,3.5,3.5,3.5,0
2198,2025-05-19,3.5,3.5,3.5,3.5,0
2199,2025-05-20,3.5,3.5,3.5,3.5,0
2200,2025-05-21,3.5,3.5,3.5,3.5,0
2201,2025-05-22,3.5,3.5,3.5,3.5,0
2202,2025-05-23,3.5,3.5,3.5,3.5,0
2203,2025-05-26,3.5,3.5,3.5,3.5,0
2204,2025-05-27,3.5,3.5,3.5,3.5,0
2205,2025-05-28,3.5,3.5,3.5,3.5,0
2206,2025-05-29,3.5,3.5,3.5,3.5,0
2207,2025-05-30,3.5,3.5,3.5,3.5,0
2208,2025-06-02,3.5,3.5,3.5,3.5,0
2209,2025-06-03,3.5,3.5,3.5,3.5,0
2210,2025-06-04,3.5,3.5,3.5,3.5,0
2211,2025-06-05,3.5,3.5,3.5,3.5,0
2212,2025-06-06,3.5,3.5,3.5,3.5,0
2213,2025-06-09,3.5,3.5,3.5,3.5,0
2214,2025-06-10,3.5,3.5,3.5,3.5,0
2215,2025-06-11,3.5,3.5,3.5,3.5,0
2216,2025-06-12,3.5,3.5,3.5,3.5,0
2217,2025-06-13,3.5,3.5,3.5,3.5,0
2218,2025-06-16,3.5,3.5,3.5,3.5,0
2219,2025-06-17,3.5,3.5,3.5,3.5,0
2220,2025-08-21,4.9,4.9,4.9,4.9,100
