,time,open,high,low,close,volume
0,2012-01-03,12.0,12.0,12.0,12.0,0
1,2012-01-04,12.0,12.0,12.0,12.0,0
2,2012-01-05,12.0,12.0,12.0,12.0,0
3,2012-01-06,12.0,12.0,12.0,12.0,0
4,2012-01-09,12.0,12.0,12.0,12.0,0
5,2012-01-10,12.0,12.0,12.0,12.0,0
6,2012-01-11,12.0,12.0,12.0,12.0,0
7,2012-01-12,12.0,12.0,12.0,12.0,0
8,2012-01-16,12.0,12.0,12.0,12.0,0
9,2012-01-17,12.0,12.0,12.0,12.0,0
10,2012-01-18,12.0,12.0,12.0,12.0,0
11,2012-01-19,12.0,12.0,12.0,12.0,0
12,2012-01-20,12.0,12.0,12.0,12.0,0
13,2012-01-30,12.0,12.0,12.0,12.0,0
14,2012-01-31,12.0,12.0,12.0,12.0,0
15,2012-02-01,12.0,12.0,12.0,12.0,0
16,2012-02-02,12.0,12.0,12.0,12.0,0
17,2012-02-03,12.0,12.0,12.0,12.0,0
18,2012-02-06,12.0,12.0,12.0,12.0,0
19,2012-02-07,12.0,12.0,12.0,12.0,0
20,2012-02-08,12.0,12.0,12.0,12.0,0
21,2012-02-09,12.0,12.0,12.0,12.0,0
22,2012-02-10,12.0,12.0,12.0,12.0,0
23,2012-02-13,12.0,12.0,12.0,12.0,0
24,2012-02-14,12.0,12.0,12.0,12.0,0
25,2012-02-15,12.0,12.0,12.0,12.0,0
26,2012-02-16,7.2,7.2,7.2,7.2,100
27,2012-02-17,7.2,7.2,7.2,7.2,0
28,2012-02-20,7.2,7.2,7.2,7.2,0
29,2012-02-21,7.2,7.2,7.2,7.2,0
30,2012-02-22,7.2,7.2,7.2,7.2,0
31,2012-02-23,7.2,7.2,7.2,7.2,0
32,2012-02-24,7.2,7.2,7.2,7.2,0
33,2012-02-27,7.2,7.2,7.2,7.2,0
34,2012-02-28,7.2,7.2,7.2,7.2,0
35,2012-02-29,7.2,7.2,7.2,7.2,0
36,2012-03-01,7.2,7.2,7.2,7.2,0
37,2012-03-02,7.2,7.2,7.2,7.2,0
38,2012-03-05,7.2,7.2,7.2,7.2,0
39,2012-03-06,7.2,7.2,7.2,7.2,0
40,2012-03-07,7.2,7.2,7.2,7.2,0
41,2012-03-08,7.2,7.2,7.2,7.2,0
42,2012-03-09,7.2,7.2,7.2,7.2,0
43,2012-03-12,7.2,7.2,7.2,7.2,0
44,2012-03-13,7.2,7.2,7.2,7.2,0
45,2012-03-14,7.2,7.2,7.2,7.2,0
46,2012-03-15,7.2,7.2,7.2,7.2,0
47,2012-03-16,7.2,7.2,7.2,7.2,0
48,2012-03-19,7.2,7.2,7.2,7.2,0
49,2012-03-20,7.2,7.2,7.2,7.2,0
50,2012-03-21,7.2,7.2,7.2,7.2,0
51,2012-03-22,7.2,7.2,7.2,7.2,0
52,2012-03-23,7.2,7.2,7.2,7.2,0
53,2012-03-26,7.2,7.2,7.2,7.2,0
54,2012-03-27,7.2,7.2,7.2,7.2,0
55,2012-03-28,7.2,7.2,7.2,7.2,0
56,2012-03-29,7.2,7.2,7.2,7.2,0
57,2012-03-30,7.2,7.2,7.2,7.2,0
58,2012-04-03,7.2,7.2,7.2,7.2,0
59,2012-04-04,7.2,7.2,7.2,7.2,0
60,2012-04-05,7.2,7.2,7.2,7.2,0
61,2012-04-06,7.2,7.2,7.2,7.2,0
62,2012-04-09,4.4,4.4,4.4,4.4,5900
63,2012-04-10,4.4,4.4,4.4,4.4,0
64,2012-04-11,4.4,4.4,4.4,4.4,0
65,2012-04-12,4.4,4.4,4.4,4.4,0
66,2012-04-13,4.4,4.4,4.4,4.4,0
67,2012-04-16,4.4,4.4,4.4,4.4,0
68,2012-04-17,4.4,4.4,4.4,4.4,0
69,2012-04-18,4.4,4.4,4.4,4.4,0
70,2012-04-19,4.4,4.4,4.4,4.4,0
71,2012-04-20,4.4,4.4,4.4,4.4,0
72,2012-04-23,4.4,4.4,4.4,4.4,0
73,2012-04-24,4.4,4.4,4.4,4.4,0
74,2012-04-25,4.4,4.4,4.4,4.4,0
75,2012-04-26,4.4,4.4,4.4,4.4,0
76,2012-04-27,4.4,4.4,4.4,4.4,0
77,2012-05-02,4.4,4.4,4.4,4.4,0
78,2012-05-03,4.4,4.4,4.4,4.4,0
79,2012-05-04,4.4,4.4,4.4,4.4,0
80,2012-05-07,4.4,4.4,4.4,4.4,0
81,2012-05-08,4.4,4.4,4.4,4.4,0
82,2012-05-09,4.4,4.4,4.4,4.4,0
83,2012-05-10,4.4,4.4,4.4,4.4,0
84,2012-05-11,4.4,4.4,4.4,4.4,0
85,2012-05-14,4.4,4.4,4.4,4.4,0
86,2012-05-15,4.4,4.4,4.4,4.4,0
87,2012-05-16,4.4,4.4,4.4,4.4,0
88,2012-05-17,4.4,4.4,4.4,4.4,0
89,2012-05-18,4.4,4.4,4.4,4.4,0
90,2012-05-21,4.4,4.4,4.4,4.4,0
91,2012-05-22,4.4,4.4,4.4,4.4,0
92,2012-05-23,4.4,4.4,4.4,4.4,0
93,2012-05-24,4.4,4.4,4.4,4.4,0
94,2012-05-25,4.4,4.4,4.4,4.4,0
95,2012-05-28,4.4,4.4,4.4,4.4,0
96,2012-05-29,4.4,4.4,4.4,4.4,0
97,2012-05-30,4.4,4.4,4.4,4.4,0
98,2012-05-31,4.4,4.4,4.4,4.4,0
99,2012-06-01,4.4,4.4,4.4,4.4,0
100,2012-06-04,4.4,4.4,4.4,4.4,0
101,2012-06-05,4.4,4.4,4.4,4.4,0
102,2012-06-06,4.4,4.4,4.4,4.4,0
103,2012-06-07,4.4,4.4,4.4,4.4,0
104,2012-06-08,4.4,4.4,4.4,4.4,0
105,2012-06-11,4.4,4.4,4.4,4.4,0
106,2012-06-12,4.4,4.4,4.4,4.4,0
107,2012-06-13,4.4,4.4,4.4,4.4,0
108,2012-06-14,4.4,4.4,4.4,4.4,0
109,2012-06-15,4.4,4.4,4.4,4.4,0
110,2012-06-18,4.4,4.4,4.4,4.4,200
111,2012-06-19,4.4,4.4,4.4,4.4,0
112,2012-06-20,4.4,4.4,4.4,4.4,0
113,2012-06-21,4.4,4.4,4.4,4.4,0
114,2012-06-22,4.4,4.4,4.4,4.4,0
115,2012-06-25,4.4,4.4,4.4,4.4,0
116,2012-06-26,4.4,4.4,4.4,4.4,0
117,2012-06-27,4.4,4.4,4.4,4.4,0
118,2012-06-28,4.4,4.4,4.4,4.4,0
119,2012-06-29,4.4,4.4,4.4,4.4,0
120,2012-07-02,4.4,4.4,4.4,4.4,0
121,2012-07-03,4.4,4.4,4.4,4.4,0
122,2012-07-04,4.4,4.4,4.4,4.4,0
123,2012-07-05,4.4,4.4,4.4,4.4,0
124,2012-07-06,4.4,4.4,4.4,4.4,0
125,2012-07-09,4.4,4.4,4.4,4.4,0
126,2012-07-10,4.4,4.4,4.4,4.4,0
127,2012-07-11,4.4,4.4,4.4,4.4,0
128,2012-07-12,4.4,4.4,4.4,4.4,0
129,2012-07-13,4.4,4.4,4.4,4.4,0
130,2012-07-16,4.4,4.4,4.4,4.4,0
131,2012-07-17,4.4,4.4,4.4,4.4,0
132,2012-07-18,4.4,4.4,4.4,4.4,0
133,2012-07-19,4.4,4.4,4.4,4.4,0
134,2012-07-20,4.4,4.4,4.4,4.4,0
135,2012-07-23,4.4,4.4,4.4,4.4,0
136,2012-07-24,4.4,4.4,4.4,4.4,0
137,2012-07-25,4.4,4.4,4.4,4.4,200
138,2012-07-26,4.4,4.4,4.4,4.4,0
139,2012-07-27,4.4,4.4,4.4,4.4,0
140,2012-07-30,4.4,4.4,4.4,4.4,0
141,2012-07-31,4.4,4.4,4.4,4.4,0
142,2012-08-01,4.4,4.4,4.4,4.4,0
143,2012-08-02,4.4,4.4,4.4,4.4,0
144,2012-08-03,4.4,4.4,4.4,4.4,0
145,2012-08-06,4.4,4.4,4.4,4.4,0
146,2012-08-07,4.4,4.4,4.4,4.4,0
147,2012-08-08,4.4,4.4,4.4,4.4,0
148,2012-08-09,4.4,4.4,4.4,4.4,0
149,2012-08-10,4.0,4.0,4.0,4.0,200
150,2012-08-13,4.0,4.0,4.0,4.0,0
151,2012-08-14,4.0,4.0,4.0,4.0,0
152,2012-08-15,4.0,4.0,4.0,4.0,0
153,2012-08-16,4.0,4.0,4.0,4.0,0
154,2012-08-17,4.0,4.0,4.0,4.0,0
155,2012-08-20,4.0,4.0,4.0,4.0,0
156,2012-08-21,4.0,4.0,4.0,4.0,0
157,2012-08-22,4.0,4.0,4.0,4.0,0
158,2012-08-23,3.6,3.6,3.6,3.6,100
159,2012-08-24,3.6,3.6,3.6,3.6,0
160,2012-08-27,3.3,3.3,3.3,3.3,100
161,2012-08-28,3.3,3.3,3.3,3.3,0
162,2012-08-29,3.3,3.3,3.3,3.3,0
163,2012-08-30,3.3,3.3,3.3,3.3,0
164,2012-08-31,3.3,3.3,3.3,3.3,0
165,2012-09-04,3.3,3.3,3.3,3.3,0
166,2012-09-05,3.3,3.3,3.3,3.3,0
167,2012-09-06,3.3,3.3,3.3,3.3,0
168,2012-09-07,3.3,3.3,3.3,3.3,0
169,2012-09-10,3.3,3.3,3.3,3.3,0
170,2012-09-11,3.3,3.3,3.3,3.3,0
171,2012-09-12,3.3,3.3,3.3,3.3,0
172,2012-09-13,3.3,3.3,3.3,3.3,0
173,2012-09-14,3.3,3.3,3.3,3.3,0
174,2012-09-17,3.3,3.3,3.3,3.3,0
175,2012-09-18,3.3,3.3,3.3,3.3,0
176,2012-09-19,3.3,3.3,3.3,3.3,0
177,2012-09-20,3.3,3.3,3.3,3.3,0
178,2012-09-21,3.3,3.3,3.3,3.3,0
179,2012-09-24,3.3,3.3,3.3,3.3,0
180,2012-09-25,3.3,3.3,3.3,3.3,0
181,2012-09-26,3.3,3.3,3.3,3.3,0
182,2012-09-27,3.3,3.3,3.3,3.3,0
183,2012-09-28,3.3,3.3,3.3,3.3,0
184,2012-10-01,3.3,3.3,3.3,3.3,0
185,2012-10-02,3.3,3.3,3.3,3.3,0
186,2012-10-03,3.3,3.3,3.3,3.3,0
187,2012-10-04,3.3,3.3,3.3,3.3,0
188,2012-10-05,3.3,3.3,3.3,3.3,0
189,2012-10-08,3.3,3.3,3.3,3.3,0
190,2012-10-09,3.3,3.3,3.3,3.3,0
191,2012-10-10,3.3,3.3,3.3,3.3,0
192,2012-10-11,3.3,3.3,3.3,3.3,0
193,2012-10-12,3.3,3.3,3.3,3.3,0
194,2012-10-15,3.3,3.3,3.3,3.3,0
195,2012-10-16,3.3,3.3,3.3,3.3,0
196,2012-10-17,3.3,3.3,3.3,3.3,0
197,2012-10-18,3.3,3.3,3.3,3.3,0
198,2012-10-19,3.3,3.3,3.3,3.3,0
199,2012-10-22,3.3,3.3,3.3,3.3,0
200,2012-10-23,3.3,3.3,3.3,3.3,0
201,2012-10-24,3.3,3.3,3.3,3.3,0
202,2012-10-25,3.3,3.3,3.3,3.3,0
203,2012-10-26,3.3,3.3,3.3,3.3,0
204,2012-10-29,3.3,3.3,3.3,3.3,0
205,2012-10-30,3.3,3.3,3.3,3.3,0
206,2012-10-31,3.3,3.3,3.3,3.3,0
207,2012-11-01,3.3,3.3,3.3,3.3,0
208,2012-11-02,3.3,3.3,3.3,3.3,0
209,2012-11-05,3.3,3.3,3.3,3.3,0
210,2012-11-06,3.3,3.3,3.3,3.3,0
211,2012-11-07,3.3,3.3,3.3,3.3,0
212,2012-11-08,3.3,3.3,3.3,3.3,0
213,2012-11-09,3.3,3.3,3.3,3.3,0
214,2012-11-12,3.3,3.3,3.3,3.3,0
215,2012-11-13,3.3,3.3,3.3,3.3,100
216,2012-11-14,3.3,3.3,3.3,3.3,0
217,2012-11-15,3.3,3.3,3.3,3.3,0
218,2012-11-16,3.3,3.3,3.3,3.3,0
219,2012-11-19,3.3,3.3,3.3,3.3,0
220,2012-11-20,3.3,3.3,3.3,3.3,0
221,2012-11-21,3.3,3.3,3.3,3.3,0
222,2012-11-22,3.3,3.3,3.3,3.3,0
223,2012-11-23,3.3,3.3,3.3,3.3,0
224,2012-11-26,3.3,3.3,3.3,3.3,0
225,2012-11-27,3.3,3.3,3.3,3.3,0
226,2012-11-28,3.3,3.3,3.3,3.3,0
227,2012-11-29,3.3,3.3,3.3,3.3,0
228,2012-11-30,3.3,3.3,3.3,3.3,0
229,2012-12-03,3.3,3.3,3.3,3.3,0
230,2012-12-04,3.3,3.3,3.3,3.3,0
231,2012-12-05,3.3,3.3,3.3,3.3,0
232,2012-12-06,3.3,3.3,3.3,3.3,0
233,2012-12-07,3.3,3.3,3.3,3.3,0
234,2012-12-10,3.3,3.3,3.3,3.3,0
235,2012-12-11,3.3,3.3,3.3,3.3,0
236,2012-12-12,3.3,3.3,3.3,3.3,0
237,2012-12-13,3.3,3.3,3.3,3.3,0
238,2012-12-14,3.3,3.3,3.3,3.3,0
239,2012-12-17,3.3,3.3,3.3,3.3,0
240,2012-12-18,3.3,3.3,3.3,3.3,0
241,2012-12-19,2.5,3.3,3.3,3.3,0
242,2012-12-20,2.5,3.3,3.3,3.3,0
243,2012-12-21,2.5,3.3,3.3,3.3,0
244,2012-12-24,2.5,3.3,3.3,3.3,0
245,2012-12-25,2.5,3.3,3.3,3.3,0
246,2012-12-26,2.5,3.3,3.3,3.3,0
247,2012-12-27,2.5,3.3,3.3,3.3,0
248,2012-12-28,2.5,3.3,3.3,3.3,0
249,2013-01-02,2.5,3.3,3.3,3.3,0
250,2013-01-03,2.5,3.3,3.3,3.3,0
251,2013-01-04,2.5,3.3,3.3,3.3,0
252,2013-01-07,2.5,3.3,3.3,3.3,0
253,2013-01-08,2.5,3.3,3.3,3.3,0
254,2013-01-09,3.5,3.5,3.5,3.5,200
255,2013-01-10,3.5,3.5,3.5,3.5,0
256,2013-01-11,3.5,3.5,3.5,3.5,0
257,2013-01-14,3.5,3.5,3.5,3.5,0
258,2013-01-15,3.5,3.5,3.5,3.5,0
259,2013-01-16,3.5,3.5,3.5,3.5,0
260,2013-01-17,3.5,3.5,3.5,3.5,0
261,2013-01-18,3.5,3.5,3.5,3.5,0
262,2013-01-21,3.5,3.5,3.5,3.5,0
263,2013-01-22,3.5,3.5,3.5,3.5,0
264,2013-01-23,3.5,3.5,3.5,3.5,0
265,2013-01-24,3.5,3.5,3.5,3.5,0
266,2013-01-25,3.5,3.5,3.5,3.5,0
267,2013-01-28,3.5,3.5,3.5,3.5,0
268,2013-01-29,3.5,3.5,3.5,3.5,0
269,2013-01-30,3.5,3.5,3.5,3.5,0
270,2013-01-31,3.5,3.5,3.5,3.5,0
271,2013-02-01,3.5,3.5,3.5,3.5,0
272,2013-02-04,3.5,3.5,3.5,3.5,0
273,2013-02-05,3.5,3.5,3.5,3.5,0
274,2013-02-06,3.5,3.5,3.5,3.5,0
275,2013-02-07,3.5,3.5,3.5,3.5,0
276,2013-02-08,3.5,3.5,3.5,3.5,0
277,2013-02-18,3.5,3.5,3.5,3.5,0
278,2013-02-19,3.5,3.5,3.5,3.5,0
279,2013-02-20,3.5,3.5,3.5,3.5,0
280,2013-02-21,3.5,3.5,3.5,3.5,0
281,2013-02-22,3.5,3.5,3.5,3.5,0
282,2013-02-25,3.5,3.5,3.5,3.5,0
283,2013-02-26,3.5,3.5,3.5,3.5,0
284,2013-02-27,3.5,3.5,3.5,3.5,0
285,2013-02-28,3.5,3.5,3.5,3.5,0
286,2013-03-01,3.5,3.5,3.5,3.5,0
287,2013-03-04,3.5,3.5,3.5,3.5,0
288,2013-03-05,3.5,3.5,3.5,3.5,0
289,2013-03-06,3.5,3.5,3.5,3.5,0
290,2013-03-07,3.5,3.5,3.5,3.5,0
291,2013-03-08,3.5,3.5,3.5,3.5,0
292,2013-03-11,3.5,3.5,3.5,3.5,0
293,2013-03-12,4.9,4.9,4.9,4.9,100
294,2013-03-13,4.9,4.9,4.9,4.9,0
295,2013-03-14,4.9,4.9,4.9,4.9,0
296,2013-03-15,4.9,4.9,4.9,4.9,0
297,2013-03-18,4.9,4.9,4.9,4.9,0
298,2013-03-19,4.9,4.9,4.9,4.9,0
299,2013-03-20,4.9,4.9,4.9,4.9,0
300,2013-03-21,4.9,4.9,4.9,4.9,0
301,2013-03-22,4.9,4.9,4.9,4.9,0
302,2013-03-25,4.9,4.9,4.9,4.9,0
303,2013-03-26,4.9,4.9,4.9,4.9,0
304,2013-03-27,4.9,4.9,4.9,4.9,0
305,2013-03-28,4.9,4.9,4.9,4.9,0
306,2013-03-29,4.9,4.9,4.9,4.9,0
307,2013-04-01,4.9,4.9,4.9,4.9,0
308,2013-04-02,4.9,4.9,4.9,4.9,0
309,2013-04-03,4.9,4.9,4.9,4.9,0
310,2013-04-04,4.9,4.9,4.9,4.9,0
311,2013-04-05,4.9,4.9,4.9,4.9,0
312,2013-04-08,4.9,4.9,4.9,4.9,0
313,2013-04-09,4.9,4.9,4.9,4.9,0
314,2013-04-10,4.9,4.9,4.9,4.9,0
315,2013-04-11,4.9,4.9,4.9,4.9,0
316,2013-04-12,4.9,4.9,4.9,4.9,0
317,2013-04-15,4.9,4.9,4.9,4.9,0
318,2013-04-16,4.9,4.9,4.9,4.9,0
319,2013-04-17,4.9,4.9,4.9,4.9,0
320,2013-04-18,4.9,4.9,4.9,4.9,0
321,2013-04-22,4.9,4.9,4.9,4.9,0
322,2013-04-23,4.9,4.9,4.9,4.9,0
323,2013-04-24,4.9,4.9,4.9,4.9,0
324,2013-04-25,4.9,4.9,4.9,4.9,0
325,2013-04-26,4.9,4.9,4.9,4.9,0
326,2013-05-02,4.9,4.9,4.9,4.9,0
327,2013-05-03,4.9,4.9,4.9,4.9,0
328,2013-05-06,4.9,4.9,4.9,4.9,0
329,2013-05-07,4.9,4.9,4.9,4.9,0
330,2013-05-08,4.9,4.9,4.9,4.9,0
331,2013-05-09,4.9,4.9,4.9,4.9,0
332,2013-05-10,4.9,4.9,4.9,4.9,0
333,2013-05-13,4.9,4.9,4.9,4.9,0
334,2013-05-14,4.9,4.9,4.9,4.9,0
335,2013-05-15,4.9,4.9,4.9,4.9,0
336,2013-05-16,4.9,4.9,4.9,4.9,0
337,2013-05-17,4.9,4.9,4.9,4.9,0
338,2013-05-20,4.9,4.9,4.9,4.9,0
339,2013-05-21,4.9,4.9,4.9,4.9,0
340,2013-05-22,4.9,4.9,4.9,4.9,0
341,2013-05-23,4.9,4.9,4.9,4.9,0
342,2013-05-24,4.9,4.9,4.9,4.9,0
343,2013-05-27,4.9,4.9,4.9,4.9,0
344,2013-05-28,4.9,4.9,4.9,4.9,0
345,2013-05-29,4.9,4.9,4.9,4.9,0
346,2013-05-30,4.9,4.9,4.9,4.9,0
347,2013-05-31,4.9,4.9,4.9,4.9,0
348,2013-06-03,4.9,4.9,4.9,4.9,0
349,2013-06-04,4.9,4.9,4.9,4.9,0
350,2013-06-05,4.9,4.9,4.9,4.9,0
351,2013-06-06,4.9,4.9,4.9,4.9,0
352,2013-06-07,4.9,4.9,4.9,4.9,0
353,2013-06-10,4.9,4.9,4.9,4.9,0
354,2013-06-11,4.9,4.9,4.9,4.9,0
355,2013-06-12,4.9,4.9,4.9,4.9,0
356,2013-06-13,4.9,4.9,4.9,4.9,0
357,2013-06-14,4.9,4.9,4.9,4.9,0
358,2013-06-17,4.9,4.9,4.9,4.9,0
359,2013-06-18,4.9,4.9,4.9,4.9,0
360,2013-06-19,4.9,4.9,4.9,4.9,0
361,2013-06-20,4.9,4.9,4.9,4.9,0
362,2013-06-21,4.9,4.9,4.9,4.9,0
363,2013-06-24,4.9,4.9,4.9,4.9,0
364,2013-06-25,4.9,4.9,4.9,4.9,0
365,2013-06-26,4.9,4.9,4.9,4.9,0
366,2013-06-27,4.9,4.9,4.9,4.9,0
367,2013-06-28,4.9,4.9,4.9,4.9,0
368,2013-07-01,4.9,4.9,4.9,4.9,0
369,2013-07-02,4.9,4.9,4.9,4.9,0
370,2013-07-03,4.9,4.9,4.9,4.9,0
371,2013-07-04,4.9,4.9,4.9,4.9,0
372,2013-07-05,4.9,4.9,4.9,4.9,0
373,2013-07-08,4.9,4.9,4.9,4.9,0
374,2013-07-09,4.9,4.9,4.9,4.9,0
375,2013-07-10,4.9,4.9,4.9,4.9,0
376,2013-07-11,4.9,4.9,4.9,4.9,0
377,2013-07-12,4.9,4.9,4.9,4.9,0
378,2013-07-15,4.9,4.9,4.9,4.9,0
379,2013-07-16,4.9,4.9,4.9,4.9,0
380,2013-07-17,6.8,6.8,6.8,6.8,0
381,2013-07-18,7.4,7.4,7.4,7.4,0
382,2013-07-19,8.1,8.1,8.1,8.1,0
383,2013-07-22,8.9,8.9,8.9,8.9,0
384,2013-07-23,9.7,9.7,9.7,9.7,0
385,2013-07-24,10.6,10.6,10.6,10.6,0
386,2013-07-25,10.0,10.0,10.0,10.0,0
387,2013-07-26,10.0,10.0,10.0,10.0,0
388,2013-07-29,11.0,11.0,11.0,11.0,100
389,2013-07-30,12.1,12.1,12.1,12.1,100
390,2013-07-31,13.3,13.3,13.3,13.3,100
391,2013-08-01,14.6,14.6,14.6,14.6,1000
392,2013-08-02,16.0,16.0,16.0,16.0,400
393,2013-08-05,17.6,17.6,17.6,17.6,100
394,2013-08-06,15.9,15.9,15.9,15.9,100
395,2013-08-07,14.4,14.4,14.4,14.4,100
396,2013-08-08,13.0,15.0,13.0,13.0,100
397,2013-08-09,12.5,12.5,12.0,12.5,1000
398,2013-08-12,12.5,12.5,12.5,12.5,0
399,2013-08-13,12.5,12.5,12.5,12.5,0
400,2013-08-14,12.5,12.5,12.5,12.5,0
401,2013-08-15,12.5,12.5,12.5,12.5,1000
402,2013-08-16,12.5,12.5,12.5,12.5,0
403,2013-08-19,12.5,12.5,12.5,12.5,0
404,2013-08-20,12.5,12.5,12.5,12.5,0
405,2013-08-21,12.5,12.5,12.5,12.5,0
406,2013-08-22,12.5,12.5,12.5,12.5,0
407,2013-08-23,12.5,12.5,12.5,12.5,0
408,2013-08-26,12.5,12.5,12.5,12.5,0
409,2013-08-27,12.5,12.5,12.5,12.5,0
410,2013-08-28,12.5,12.5,12.5,12.5,0
411,2013-08-29,12.5,12.5,12.5,12.5,0
412,2013-08-30,12.5,12.5,12.5,12.5,0
413,2013-09-03,12.5,12.5,12.5,12.5,0
414,2013-09-04,12.5,12.5,12.5,12.5,0
415,2013-09-05,12.5,12.5,12.5,12.5,0
416,2013-09-06,12.5,12.5,12.5,12.5,0
417,2013-09-09,12.5,12.5,12.5,12.5,0
418,2013-09-10,12.5,12.5,12.5,12.5,0
419,2013-09-11,12.5,12.5,12.5,12.5,0
420,2013-09-12,12.5,12.5,12.5,12.5,0
421,2013-09-13,12.5,12.5,12.5,12.5,0
422,2013-09-16,12.5,12.5,12.5,12.5,0
423,2013-09-17,12.5,12.5,12.5,12.5,0
424,2013-09-18,12.5,12.5,12.5,12.5,0
425,2013-09-19,12.5,12.5,12.5,12.5,0
426,2013-09-20,12.5,12.5,12.5,12.5,0
427,2013-09-23,13.5,13.5,13.5,13.5,1000
428,2013-09-24,13.5,13.5,13.5,13.5,0
429,2013-09-25,13.5,13.5,13.5,13.5,1200
430,2013-09-26,13.5,13.5,13.5,13.5,0
431,2013-09-27,14.8,14.8,14.8,14.8,2600
432,2013-09-30,16.2,16.2,15.0,15.0,1800
433,2013-10-01,15.0,15.0,15.0,15.0,0
434,2013-10-02,15.0,15.0,15.0,15.0,0
435,2013-10-03,17.3,17.3,17.3,17.3,1000
436,2013-10-04,16.0,16.0,16.0,16.0,100
437,2013-10-07,17.6,17.6,17.6,17.6,400
438,2013-10-08,16.0,16.0,16.0,16.0,100
439,2013-10-09,16.0,16.0,16.0,16.0,0
440,2013-10-10,16.0,16.0,16.0,16.0,0
441,2013-10-11,16.0,16.0,16.0,16.0,0
442,2013-10-14,16.0,16.0,16.0,16.0,0
443,2013-10-15,16.0,16.0,16.0,16.0,0
444,2013-10-16,16.0,16.0,16.0,16.0,0
445,2013-10-17,16.0,16.0,16.0,16.0,0
446,2013-10-18,16.0,16.0,16.0,16.0,0
447,2013-10-21,16.0,16.0,16.0,16.0,0
448,2013-10-22,16.0,16.0,16.0,16.0,0
449,2013-10-23,16.0,16.0,16.0,16.0,0
450,2013-10-24,16.0,16.0,16.0,16.0,0
451,2013-10-25,16.0,16.0,16.0,16.0,0
452,2013-10-28,16.0,16.0,16.0,16.0,0
453,2013-10-29,14.5,14.5,14.5,14.5,100
454,2013-10-30,14.5,14.5,14.5,14.5,0
455,2013-10-31,14.5,14.5,14.5,14.5,0
456,2013-11-01,15.9,15.9,15.9,15.9,1000
457,2013-11-04,15.9,15.9,15.9,15.9,0
458,2013-11-05,15.9,15.9,15.9,15.9,0
459,2013-11-06,17.4,17.4,17.4,17.4,700
460,2013-11-07,17.4,17.4,17.4,17.4,0
461,2013-11-08,17.4,17.4,17.4,17.4,0
462,2013-11-11,17.4,17.4,17.4,17.4,0
463,2013-11-12,17.4,17.4,17.4,17.4,0
464,2013-11-13,17.4,17.4,17.4,17.4,0
465,2013-11-14,17.4,17.4,17.4,17.4,0
466,2013-11-15,17.4,17.4,17.4,17.4,0
467,2013-11-18,18.0,18.0,16.1,16.1,9200
468,2013-11-19,16.1,16.1,16.1,16.1,0
469,2013-11-20,16.1,16.1,16.1,16.1,0
470,2013-11-21,16.1,16.1,16.1,16.1,0
471,2013-11-22,16.1,16.1,16.1,16.1,0
472,2013-11-25,16.1,16.1,16.1,16.1,0
473,2013-11-26,16.1,16.1,16.1,16.1,0
474,2013-11-27,16.1,16.1,16.1,16.1,0
475,2013-11-28,16.1,16.1,16.1,16.1,0
476,2013-11-29,16.1,16.1,16.1,16.1,0
477,2013-12-02,16.1,16.1,16.1,16.1,0
478,2013-12-03,16.1,16.1,16.1,16.1,0
479,2013-12-04,16.1,16.1,16.1,16.1,0
480,2013-12-05,16.1,16.1,16.1,16.1,0
481,2013-12-06,16.1,16.1,16.1,16.1,0
482,2013-12-09,16.1,16.1,16.1,16.1,0
483,2013-12-10,16.1,16.1,16.1,16.1,0
484,2013-12-11,16.1,16.1,16.1,16.1,0
485,2013-12-12,16.1,16.1,16.1,16.1,0
486,2013-12-13,16.1,16.1,16.1,16.1,0
487,2013-12-16,16.1,16.1,16.1,16.1,0
488,2013-12-17,16.1,16.1,16.1,16.1,0
489,2013-12-18,16.1,16.1,16.1,16.1,0
490,2013-12-19,16.1,16.1,16.1,16.1,0
491,2013-12-20,16.1,16.1,16.1,16.1,0
492,2013-12-23,16.1,16.1,16.1,16.1,0
493,2013-12-24,16.1,16.1,16.1,16.1,0
494,2013-12-25,16.1,16.1,16.1,16.1,0
495,2013-12-26,16.1,16.1,16.1,16.1,0
496,2013-12-27,16.1,16.1,16.1,16.1,0
497,2013-12-30,16.1,16.1,16.1,16.1,0
498,2013-12-31,16.1,16.1,16.1,16.1,0
499,2014-01-02,16.1,16.1,16.1,16.1,0
500,2014-01-03,10.9,10.9,10.9,10.9,100
501,2014-01-06,10.9,10.9,10.9,10.9,0
502,2014-01-07,10.9,10.9,10.9,10.9,0
503,2014-01-08,10.9,10.9,10.9,10.9,0
504,2014-01-09,10.9,10.9,10.9,10.9,0
505,2014-01-10,10.9,10.9,10.9,10.9,0
506,2014-01-13,10.9,10.9,10.9,10.9,0
507,2014-01-14,10.9,10.9,10.9,10.9,0
508,2014-01-15,10.9,10.9,10.9,10.9,0
509,2014-01-16,10.9,10.9,10.9,10.9,0
510,2014-01-17,10.9,10.9,10.9,10.9,0
511,2014-01-20,10.9,10.9,10.9,10.9,0
512,2014-01-21,10.9,10.9,10.9,10.9,0
513,2014-01-22,10.9,10.9,10.9,10.9,0
514,2014-01-23,10.9,10.9,10.9,10.9,0
515,2014-01-24,10.9,10.9,10.9,10.9,0
516,2014-01-27,10.9,10.9,10.9,10.9,0
517,2014-02-06,10.9,10.9,10.9,10.9,0
518,2014-02-07,10.9,10.9,10.9,10.9,0
519,2014-02-10,10.9,10.9,10.9,10.9,0
520,2014-02-11,10.9,10.9,10.9,10.9,0
521,2014-02-12,10.9,10.9,10.9,10.9,0
522,2014-02-13,10.9,10.9,10.9,10.9,0
523,2014-02-14,10.9,10.9,10.9,10.9,0
524,2014-02-17,10.9,10.9,10.9,10.9,0
525,2014-02-18,10.9,10.9,10.9,10.9,0
526,2014-02-19,10.9,10.9,10.9,10.9,0
527,2014-02-20,10.9,10.9,10.9,10.9,0
528,2014-02-21,10.9,10.9,10.9,10.9,0
529,2014-02-24,10.9,10.9,10.9,10.9,0
530,2014-02-25,10.9,10.9,10.9,10.9,0
531,2014-02-26,10.9,10.9,10.9,10.9,0
532,2014-02-27,10.9,10.9,10.9,10.9,0
533,2014-02-28,10.9,10.9,10.9,10.9,0
534,2014-03-03,10.9,10.9,10.9,10.9,0
535,2014-03-04,10.9,10.9,10.9,10.9,0
536,2014-03-05,10.9,10.9,10.9,10.9,0
537,2014-03-06,10.9,10.9,10.9,10.9,0
538,2014-03-07,9.7,10.9,10.9,10.9,0
539,2014-03-10,10.9,10.9,10.9,10.9,0
540,2014-03-11,13.5,13.5,13.5,13.5,4500
541,2014-03-12,14.8,14.8,14.8,14.8,900
542,2014-03-13,14.8,14.8,14.8,14.8,0
543,2014-03-14,14.8,14.8,14.8,14.8,0
544,2014-03-17,14.8,14.8,14.8,14.8,0
545,2014-03-18,14.8,14.8,14.8,14.8,0
546,2014-03-19,14.8,14.8,14.8,14.8,0
547,2014-03-20,14.8,14.8,14.8,14.8,0
548,2014-03-21,14.8,14.8,14.8,14.8,0
549,2014-03-24,16.0,16.0,16.0,16.0,700
550,2014-03-25,16.0,16.0,16.0,16.0,0
551,2014-03-26,16.0,16.0,16.0,16.0,0
552,2014-03-27,16.0,16.0,16.0,16.0,0
553,2014-03-28,16.0,16.0,16.0,16.0,0
554,2014-03-31,16.0,16.0,16.0,16.0,0
555,2014-04-01,16.0,16.0,16.0,16.0,0
556,2014-04-02,16.0,16.0,16.0,16.0,0
557,2014-04-03,17.6,17.6,17.6,17.6,100
558,2014-04-04,19.0,19.0,19.0,19.0,1900
559,2014-04-07,19.0,19.0,19.0,19.0,0
560,2014-04-08,19.0,19.0,19.0,19.0,0
561,2014-04-10,19.0,19.0,19.0,19.0,0
562,2014-04-11,19.0,19.0,19.0,19.0,8000
563,2014-04-14,19.0,19.0,19.0,19.0,0
564,2014-04-15,19.0,19.0,19.0,19.0,0
565,2014-04-16,19.0,19.0,19.0,19.0,0
566,2014-04-17,19.0,19.0,19.0,19.0,0
567,2014-04-18,19.0,19.0,19.0,19.0,0
568,2014-04-21,17.1,17.1,17.1,17.1,100
569,2014-04-22,17.1,17.1,17.1,17.1,0
570,2014-04-23,15.4,15.4,15.4,15.4,100
571,2014-04-24,15.4,15.4,15.4,15.4,0
572,2014-04-25,15.4,15.4,15.4,15.4,0
573,2014-04-28,15.4,15.4,15.4,15.4,0
574,2014-04-29,13.9,13.9,13.9,13.9,100
575,2014-05-05,13.9,13.9,13.9,13.9,0
576,2014-05-06,12.6,12.6,12.6,12.6,100
577,2014-05-07,12.6,12.6,12.6,12.6,0
578,2014-05-08,12.6,12.6,12.6,12.6,0
579,2014-05-09,12.6,12.6,12.6,12.6,0
580,2014-05-12,12.6,12.6,12.6,12.6,0
581,2014-05-13,12.6,12.6,12.6,12.6,5300
582,2014-05-14,12.6,12.6,12.6,12.6,0
583,2014-05-15,12.6,12.6,12.6,12.6,0
584,2014-05-16,12.7,12.7,12.7,12.7,5300
585,2014-05-19,12.7,12.7,12.7,12.7,0
586,2014-05-20,12.7,12.7,12.7,12.7,0
587,2014-05-21,11.5,11.5,11.5,11.5,4200
588,2014-05-22,11.5,11.5,11.5,11.5,0
589,2014-05-23,10.5,10.5,10.5,10.5,1100
590,2014-05-26,10.5,10.5,10.5,10.5,0
591,2014-05-27,10.5,10.5,10.5,10.5,0
592,2014-05-28,10.5,10.5,10.5,10.5,0
593,2014-05-29,10.5,10.5,10.5,10.5,0
594,2014-05-30,10.5,10.5,10.5,10.5,0
595,2014-06-02,10.5,10.5,10.5,10.5,0
596,2014-06-03,9.5,9.5,9.5,9.5,1100
597,2014-06-04,9.5,9.5,9.5,9.5,0
598,2014-06-05,9.5,9.5,9.5,9.5,0
599,2014-06-06,9.5,9.5,9.5,9.5,0
600,2014-06-09,9.5,9.5,9.5,9.5,0
601,2014-06-10,9.5,9.5,9.5,9.5,0
602,2014-06-11,9.5,9.5,9.5,9.5,0
603,2014-06-12,9.5,9.5,9.5,9.5,0
604,2014-06-13,9.5,9.5,9.5,9.5,0
605,2014-06-16,9.5,9.5,9.5,9.5,0
606,2014-06-17,9.5,9.5,9.5,9.5,0
607,2014-06-18,9.5,9.5,9.5,9.5,0
608,2014-06-19,9.5,9.5,9.5,9.5,0
609,2014-06-20,9.5,9.5,9.5,9.5,0
610,2014-06-23,9.5,9.5,9.5,9.5,0
611,2014-06-24,9.5,9.5,9.5,9.5,0
612,2014-06-25,9.5,9.5,9.5,9.5,0
613,2014-06-26,9.5,9.5,9.5,9.5,0
614,2014-06-27,9.5,9.5,9.5,9.5,0
615,2014-06-30,8.6,8.6,8.6,8.6,400
616,2014-07-01,8.6,8.6,8.6,8.6,0
617,2014-07-02,8.6,8.6,8.6,8.6,0
618,2014-07-03,8.6,8.6,8.6,8.6,0
619,2014-07-04,8.6,8.6,8.6,8.6,0
620,2014-07-07,8.6,8.6,8.6,8.6,0
621,2014-07-08,8.6,8.6,8.6,8.6,0
622,2014-07-09,8.6,8.6,8.6,8.6,0
623,2014-07-10,8.6,8.6,8.6,8.6,0
624,2014-07-11,8.6,8.6,8.6,8.6,0
625,2014-07-14,8.6,8.6,8.6,8.6,0
626,2014-07-15,8.6,8.6,8.6,8.6,0
627,2014-07-16,8.6,8.6,8.6,8.6,0
628,2014-07-17,8.6,8.6,8.6,8.6,0
629,2014-07-18,8.6,8.6,8.6,8.6,0
630,2014-07-21,8.6,8.6,8.6,8.6,0
631,2014-07-22,8.6,8.6,8.6,8.6,0
632,2014-07-23,8.6,8.6,8.6,8.6,0
633,2014-07-24,7.8,7.8,7.8,7.8,1000
634,2014-07-25,7.8,7.8,7.8,7.8,0
635,2014-07-28,7.8,7.8,7.8,7.8,0
636,2014-07-29,7.8,7.8,7.8,7.8,0
637,2014-07-30,7.8,7.8,7.8,7.8,0
638,2014-07-31,7.8,7.8,7.8,7.8,0
639,2014-08-01,7.8,7.8,7.8,7.8,0
640,2014-08-04,7.8,7.8,7.8,7.8,0
641,2014-08-05,7.8,7.8,7.8,7.8,0
642,2014-08-06,7.8,7.8,7.8,7.8,0
643,2014-08-07,7.8,7.8,7.8,7.8,0
644,2014-08-08,7.8,7.8,7.8,7.8,0
645,2014-08-11,7.8,7.8,7.8,7.8,0
646,2014-08-12,7.8,7.8,7.8,7.8,0
647,2014-08-13,7.8,7.8,7.8,7.8,0
648,2014-08-14,7.8,7.8,7.8,7.8,0
649,2014-08-15,7.8,7.8,7.8,7.8,0
650,2014-08-18,8.5,8.5,8.5,8.5,2000
651,2014-08-19,9.3,9.3,9.3,9.3,100
652,2014-08-20,9.3,9.3,9.3,9.3,0
653,2014-08-21,10.2,10.2,10.2,10.2,100
654,2014-08-22,10.2,10.2,10.2,10.2,0
655,2014-08-25,10.2,10.2,10.2,10.2,0
656,2014-08-26,10.2,10.2,10.2,10.2,0
657,2014-08-27,11.2,11.2,11.2,11.2,0
658,2014-08-28,12.3,12.3,12.3,12.3,100
659,2014-08-29,13.5,13.5,13.5,13.5,100
660,2014-09-03,13.5,13.5,13.5,13.5,0
661,2014-09-04,14.8,14.8,14.8,14.8,100
662,2014-09-05,14.8,14.8,14.8,14.8,0
663,2014-09-08,16.2,16.2,16.2,16.2,100
664,2014-09-09,17.8,17.8,17.8,17.8,100
665,2014-09-10,16.1,16.1,16.1,16.1,100
666,2014-09-11,16.1,16.1,16.1,16.1,0
667,2014-09-12,16.1,16.1,16.1,16.1,0
668,2014-09-15,16.1,16.1,16.1,16.1,0
669,2014-09-16,16.1,16.1,16.1,16.1,0
670,2014-09-17,16.1,16.1,16.1,16.1,0
671,2014-09-18,16.1,16.1,16.1,16.1,0
672,2014-09-19,16.1,16.1,16.1,16.1,0
673,2014-09-22,16.1,16.1,16.1,16.1,0
674,2014-09-23,14.5,14.5,14.5,14.5,100
675,2014-09-24,13.1,13.1,13.1,13.1,100
676,2014-09-25,11.8,11.8,11.8,11.8,100
677,2014-09-26,11.8,11.8,11.8,11.8,0
678,2014-09-29,11.8,11.8,11.8,11.8,0
679,2014-09-30,11.8,11.8,11.8,11.8,0
680,2014-10-01,11.8,11.8,11.8,11.8,0
681,2014-10-02,10.7,10.7,10.7,10.7,100
682,2014-10-03,10.7,10.7,10.7,10.7,0
683,2014-10-06,10.7,10.7,10.7,10.7,0
684,2014-10-07,10.7,10.7,10.7,10.7,0
685,2014-10-08,10.7,10.7,10.7,10.7,0
686,2014-10-09,9.7,9.7,9.7,9.7,100
687,2014-10-10,9.7,9.7,9.7,9.7,0
688,2014-10-13,9.7,9.7,9.7,9.7,0
689,2014-10-14,9.7,9.7,9.7,9.7,0
690,2014-10-15,9.7,9.7,9.7,9.7,0
691,2014-10-16,9.7,9.7,9.7,9.7,0
692,2014-10-17,9.7,9.7,9.7,9.7,0
693,2014-10-20,9.7,9.7,9.7,9.7,0
694,2014-10-21,9.7,9.7,9.7,9.7,0
695,2014-10-22,9.7,9.7,9.7,9.7,0
696,2014-10-23,9.7,9.7,9.7,9.7,0
697,2014-10-24,9.7,9.7,9.7,9.7,0
698,2014-10-27,9.7,9.7,9.7,9.7,0
699,2014-10-28,9.7,9.7,9.7,9.7,0
700,2014-10-29,9.7,9.7,9.7,9.7,0
701,2014-10-30,9.7,9.7,9.7,9.7,0
702,2014-10-31,9.0,9.0,9.0,9.0,2300
703,2014-11-03,9.0,9.0,9.0,9.0,0
704,2014-11-04,9.0,9.0,9.0,9.0,0
705,2014-11-05,9.0,9.0,9.0,9.0,5400
706,2014-11-06,9.0,9.0,9.0,9.0,0
707,2014-11-07,9.0,9.0,9.0,9.0,0
708,2014-11-10,9.0,9.0,9.0,9.0,0
709,2014-11-11,9.0,9.0,9.0,9.0,0
710,2014-11-12,8.2,8.2,8.2,8.2,2800
711,2014-11-13,8.2,8.2,8.2,8.2,0
712,2014-11-14,8.2,8.2,8.2,8.2,0
713,2014-11-17,8.2,8.2,8.2,8.2,0
714,2014-11-18,8.0,8.0,8.0,8.0,10400
715,2014-11-19,8.0,8.0,8.0,8.0,1333
716,2014-11-20,8.8,8.8,8.8,8.8,2850
717,2014-11-21,8.8,8.8,8.8,8.8,16200
718,2014-11-24,8.8,8.8,8.8,8.8,11
719,2014-11-25,8.8,8.8,8.8,8.8,0
720,2014-11-26,8.8,8.8,8.8,8.8,0
721,2014-11-27,8.8,8.8,8.8,8.8,0
722,2014-11-28,8.8,8.8,8.8,8.8,0
723,2014-12-01,8.0,8.0,8.0,8.0,1188
724,2014-12-02,8.8,8.8,8.8,8.8,4176
725,2014-12-03,8.8,8.8,8.8,8.8,0
726,2014-12-04,8.8,8.8,8.8,8.8,0
727,2014-12-05,8.0,8.0,8.0,8.0,1200
728,2014-12-08,8.0,8.0,8.0,8.0,0
729,2014-12-09,8.0,8.0,8.0,8.0,0
730,2014-12-10,8.0,8.0,8.0,8.0,0
731,2014-12-11,8.0,8.0,8.0,8.0,0
732,2014-12-12,8.0,8.0,8.0,8.0,0
733,2014-12-15,8.8,8.8,8.8,8.8,1000
734,2014-12-16,8.8,8.8,8.8,8.8,0
735,2014-12-17,8.8,8.8,8.8,8.8,0
736,2014-12-18,8.8,8.8,8.8,8.8,0
737,2014-12-19,8.8,8.8,8.8,8.8,0
738,2014-12-22,8.8,8.8,8.8,8.8,0
739,2014-12-23,8.8,8.8,8.8,8.8,0
740,2014-12-24,8.8,8.8,8.8,8.8,0
741,2014-12-25,9.6,9.6,9.6,9.6,782
742,2014-12-26,9.6,9.6,9.6,9.6,0
743,2014-12-29,9.6,9.6,9.6,9.6,0
744,2014-12-30,9.6,9.6,9.6,9.6,0
745,2014-12-31,10.5,10.5,10.5,10.5,5300
746,2015-01-05,10.5,10.5,10.5,10.5,780
747,2015-01-06,10.5,10.5,10.5,10.5,0
748,2015-01-07,11.5,11.5,11.5,11.5,100
749,2015-01-08,12.6,12.6,12.6,12.6,100
750,2015-01-09,13.8,13.8,13.8,13.8,100
751,2015-01-12,15.1,15.1,15.1,15.1,100
752,2015-01-13,16.6,16.6,16.6,16.6,100
753,2015-01-14,18.2,18.2,18.2,18.2,100
754,2015-01-15,20.0,20.0,20.0,20.0,100
755,2015-01-16,20.0,20.0,20.0,20.0,0
756,2015-01-19,22.0,22.0,22.0,22.0,100
757,2015-01-20,24.2,24.2,24.2,24.2,100
758,2015-01-21,24.2,24.2,24.2,24.2,0
759,2015-01-22,26.6,26.6,26.6,26.6,4300
760,2015-01-23,29.2,29.2,29.2,29.2,100
761,2015-01-26,31.6,31.6,30.0,30.0,1700
762,2015-01-27,30.5,30.5,30.5,30.5,6000
763,2015-01-28,33.5,33.5,33.4,33.5,4400
764,2015-01-29,36.8,36.8,30.2,36.8,32800
765,2015-01-30,40.3,40.4,40.3,40.3,5000
766,2015-02-02,36.3,44.3,36.3,44.3,15900
767,2015-02-03,34.1,41.5,34.1,41.5,28100
768,2015-02-04,40.9,40.9,38.0,40.9,59800
769,2015-02-05,41.0,41.0,36.9,37.0,15400
770,2015-02-06,33.5,33.8,33.5,33.5,22600
771,2015-02-09,30.5,33.6,30.5,30.6,23600
772,2015-02-10,29.3,29.3,29.3,29.3,100
773,2015-02-11,26.4,26.4,26.4,26.4,300
774,2015-02-12,26.4,26.4,26.4,26.4,0
775,2015-02-13,26.4,26.4,26.4,26.4,0
776,2015-02-24,28.6,28.6,28.6,28.6,500
777,2015-02-25,28.6,28.6,28.6,28.6,0
778,2015-02-26,31.4,31.4,31.4,31.4,100
779,2015-02-27,29.0,34.5,29.0,34.5,32500
780,2015-03-02,34.5,34.5,34.5,34.5,0
781,2015-03-03,34.5,34.5,34.5,34.5,0
782,2015-03-04,34.5,34.5,34.5,34.5,0
783,2015-03-05,32.0,32.0,32.0,32.0,5000
784,2015-03-06,35.2,35.2,35.2,35.2,100
785,2015-03-09,35.2,35.2,35.2,35.2,0
786,2015-03-10,36.5,36.5,36.5,36.5,5000
787,2015-03-11,38.0,38.0,38.0,38.0,7000
788,2015-03-12,34.4,38.6,34.4,38.6,7010
789,2015-03-13,33.7,34.2,33.7,34.2,24400
790,2015-03-16,34.2,34.2,34.2,34.2,0
791,2015-03-17,34.2,34.2,34.2,34.2,0
792,2015-03-18,34.2,34.2,34.2,34.2,0
793,2015-03-19,34.2,34.2,34.2,34.2,0
794,2015-03-20,30.6,30.6,30.6,30.6,4500
795,2015-03-23,27.6,27.6,27.6,27.6,2000
796,2015-03-24,27.6,27.6,27.6,27.6,0
797,2015-03-25,27.6,27.6,27.6,27.6,0
798,2015-03-26,27.6,27.6,27.6,27.6,0
799,2015-03-27,24.9,24.9,24.9,24.9,100
800,2015-03-30,24.9,24.9,24.9,24.9,0
801,2015-03-31,22.5,22.5,22.5,24.9,300
802,2015-04-01,22.5,22.5,22.5,22.5,0
803,2015-04-02,20.4,20.4,20.4,20.4,1400
804,2015-04-03,20.4,20.4,20.4,20.4,0
805,2015-04-06,20.4,20.4,20.4,20.4,0
806,2015-04-07,20.4,20.4,20.4,20.4,0
807,2015-04-08,20.4,20.4,20.4,20.4,0
808,2015-04-09,20.4,20.4,20.4,20.4,0
809,2015-04-10,20.4,20.4,20.4,20.4,0
810,2015-04-13,20.4,20.4,20.4,20.4,0
811,2015-04-14,20.4,20.4,20.4,20.4,0
812,2015-04-15,20.4,20.4,20.4,20.4,0
813,2015-04-16,20.4,20.4,20.4,20.4,0
814,2015-04-17,22.4,22.4,22.4,22.4,100
815,2015-04-20,22.4,22.4,22.4,22.4,0
816,2015-04-21,22.4,22.4,22.4,22.4,0
817,2015-04-22,24.6,24.6,24.6,24.6,600
818,2015-04-23,24.6,24.6,24.6,24.6,0
819,2015-04-24,24.6,24.6,24.6,24.6,0
820,2015-04-27,27.0,27.0,27.0,27.0,200
821,2015-05-04,27.0,27.0,27.0,27.0,0
822,2015-05-05,27.0,27.0,27.0,27.0,0
823,2015-05-06,27.0,27.0,27.0,27.0,0
824,2015-05-07,27.0,27.0,27.0,27.0,0
825,2015-05-08,27.0,27.0,27.0,27.0,0
826,2015-05-11,25.0,25.0,25.0,25.0,2000
827,2015-05-12,25.0,25.0,25.0,25.0,0
828,2015-05-13,25.0,25.0,25.0,25.0,0
829,2015-05-14,22.6,22.6,22.6,22.6,4400
830,2015-05-15,22.6,22.6,22.6,22.6,0
831,2015-05-18,22.6,22.6,22.6,22.6,0
832,2015-05-19,22.6,22.6,22.6,22.6,0
833,2015-05-20,24.8,24.8,24.8,24.8,100
834,2015-05-21,22.4,27.2,22.4,27.2,400
835,2015-05-22,27.2,27.2,27.2,27.2,0
836,2015-05-25,27.2,27.2,27.2,27.2,0
837,2015-05-26,25.9,25.9,25.9,25.9,100
838,2015-05-27,28.4,28.4,28.4,28.4,100
839,2015-05-28,31.2,31.2,31.2,31.2,100
840,2015-05-29,34.3,34.3,34.3,34.3,1000
841,2015-06-01,31.0,37.7,31.0,37.7,9500
842,2015-06-02,35.4,35.4,35.4,35.4,100
843,2015-06-03,38.9,38.9,38.9,38.9,4900
844,2015-06-04,41.0,41.0,40.0,40.0,14400
845,2015-06-05,40.5,41.0,40.5,41.0,6904
846,2015-06-08,40.5,40.5,40.5,40.5,500
847,2015-06-09,40.5,40.5,40.5,40.5,0
848,2015-06-10,40.5,40.5,40.5,40.5,0
849,2015-06-11,44.4,44.4,44.4,44.4,3300
850,2015-06-12,45.0,45.0,45.0,45.0,4200
851,2015-06-15,41.5,47.0,41.0,41.0,32305
852,2015-06-16,40.0,40.0,40.0,40.0,200
853,2015-06-17,40.0,40.0,40.0,40.0,0
854,2015-06-18,40.0,40.0,40.0,40.0,0
855,2015-06-19,40.0,40.0,40.0,40.0,0
856,2015-06-22,40.0,40.0,40.0,40.0,0
857,2015-06-23,40.0,40.0,40.0,40.0,0
858,2015-06-24,40.0,40.0,40.0,40.0,0
859,2015-06-25,40.0,40.0,40.0,40.0,0
860,2015-06-26,36.0,36.0,36.0,36.0,4900
861,2015-06-29,36.0,36.0,36.0,36.0,0
862,2015-06-30,36.0,36.0,36.0,36.0,0
863,2015-07-01,36.0,36.0,36.0,36.0,0
864,2015-07-02,36.0,36.0,36.0,36.0,0
865,2015-07-03,36.0,36.0,36.0,36.0,0
866,2015-07-06,36.0,36.0,36.0,36.0,0
867,2015-07-07,36.0,36.0,36.0,36.0,0
868,2015-07-08,36.0,36.0,36.0,36.0,0
869,2015-07-09,36.0,36.0,36.0,36.0,0
870,2015-07-10,36.0,36.0,36.0,36.0,0
871,2015-07-13,36.0,36.0,36.0,36.0,0
872,2015-07-14,36.0,36.0,36.0,36.0,0
873,2015-07-15,36.0,36.0,36.0,36.0,0
874,2015-07-16,36.0,36.0,36.0,36.0,0
875,2015-07-17,36.0,36.0,36.0,36.0,0
876,2015-07-20,36.0,36.0,36.0,36.0,0
877,2015-07-21,40.6,40.6,40.6,40.6,3600
878,2015-07-22,40.6,40.6,40.6,40.6,0
879,2015-07-23,40.6,40.6,40.6,40.6,0
880,2015-07-24,40.6,40.6,40.6,40.6,0
881,2015-07-27,40.6,40.6,40.6,40.6,0
882,2015-07-28,40.6,40.6,40.6,40.6,0
883,2015-07-29,40.6,40.6,40.6,40.6,0
884,2015-07-30,40.6,40.6,40.6,40.6,0
885,2015-07-31,40.6,40.6,40.6,40.6,0
886,2015-08-03,40.6,40.6,40.6,40.6,0
887,2015-08-04,40.6,40.6,40.6,40.6,0
888,2015-08-05,40.6,40.6,40.6,40.6,0
889,2015-08-06,40.6,40.6,40.6,40.6,0
890,2015-08-07,40.6,40.6,40.6,40.6,0
891,2015-08-10,40.6,40.6,40.6,40.6,0
892,2015-08-11,40.6,40.6,40.6,40.6,0
893,2015-08-12,40.6,40.6,40.6,40.6,0
894,2015-08-13,40.6,40.6,40.6,40.6,0
895,2015-08-14,40.6,40.6,40.6,40.6,0
896,2015-08-17,40.6,40.6,40.6,40.6,0
897,2015-08-18,40.6,40.6,40.6,40.6,0
898,2015-08-19,40.6,40.6,40.6,40.6,0
899,2015-08-20,40.6,40.6,40.6,40.6,0
900,2015-08-21,40.6,40.6,40.6,40.6,0
901,2015-08-24,40.6,40.6,40.6,40.6,0
902,2015-08-25,40.6,40.6,40.6,40.6,0
903,2015-08-26,40.6,40.6,40.6,40.6,0
904,2015-08-27,40.6,40.6,40.6,40.6,0
905,2015-08-28,40.6,40.6,40.6,40.6,2100
906,2015-08-31,40.6,40.6,40.6,40.6,0
907,2015-09-01,40.6,40.6,40.6,40.6,0
908,2015-09-03,40.6,40.6,40.6,40.6,0
909,2015-09-04,40.6,40.6,40.6,40.6,0
910,2015-09-07,40.6,40.6,40.6,40.6,0
911,2015-09-08,40.6,40.6,40.6,40.6,500
912,2015-09-09,40.6,40.6,40.6,40.6,0
913,2015-09-10,40.6,40.6,40.6,40.6,0
914,2015-09-11,40.6,40.6,40.6,40.6,0
915,2015-09-14,40.6,40.6,40.6,40.6,0
916,2015-09-15,40.6,40.6,40.6,40.6,0
917,2015-09-16,40.6,40.6,40.6,40.6,0
918,2015-09-17,40.6,40.6,40.6,40.6,0
919,2015-09-18,40.6,40.6,40.6,40.6,0
920,2015-09-21,40.6,40.6,40.6,40.6,0
921,2015-09-22,39.0,39.0,39.0,39.0,11800
922,2015-09-23,39.0,39.0,39.0,39.0,0
923,2015-09-24,33.2,33.2,33.2,33.2,800
924,2015-09-25,33.2,33.2,33.2,33.2,0
925,2015-09-28,33.2,33.2,33.2,33.2,0
926,2015-09-29,33.2,33.2,33.2,33.2,0
927,2015-09-30,33.2,33.2,33.2,33.2,0
928,2015-10-01,33.2,33.2,33.2,33.2,0
929,2015-10-02,33.2,33.2,33.2,33.2,0
930,2015-10-05,33.2,33.2,33.2,33.2,0
931,2015-10-06,33.2,33.2,33.2,33.2,0
932,2015-10-07,33.2,33.2,33.2,33.2,0
933,2015-10-08,33.2,33.2,33.2,33.2,0
934,2015-10-09,33.2,33.2,33.2,33.2,0
935,2015-10-12,33.2,33.2,33.2,33.2,0
936,2015-10-13,33.2,33.2,33.2,33.2,0
937,2015-10-14,33.2,33.2,33.2,33.2,0
938,2015-10-15,33.2,33.2,33.2,33.2,0
939,2015-10-16,33.2,33.2,33.2,33.2,0
940,2015-10-19,33.2,33.2,33.2,33.2,0
941,2015-10-20,33.2,33.2,33.2,33.2,0
942,2015-10-21,33.2,33.2,33.2,33.2,0
943,2015-10-22,33.2,33.2,33.2,33.2,0
944,2015-10-23,33.2,33.2,33.2,33.2,0
945,2015-10-26,33.2,33.2,33.2,33.2,0
946,2015-10-27,33.2,33.2,33.2,33.2,0
947,2015-10-28,33.2,33.2,33.2,33.2,0
948,2015-10-29,33.2,33.2,33.2,33.2,0
949,2015-10-30,33.2,33.2,33.2,33.2,0
950,2015-11-02,33.2,33.2,33.2,33.2,0
951,2015-11-03,33.2,33.2,33.2,33.2,0
952,2015-11-04,33.2,33.2,33.2,33.2,0
953,2015-11-05,33.2,33.2,33.2,33.2,0
954,2015-11-06,33.2,33.2,33.2,33.2,0
955,2015-11-09,33.2,33.2,33.2,33.2,0
956,2015-11-10,33.2,33.2,33.2,33.2,0
957,2015-11-11,33.2,33.2,33.2,33.2,0
958,2015-11-12,33.2,33.2,33.2,33.2,0
959,2015-11-13,33.2,33.2,33.2,33.2,0
960,2015-11-16,33.2,33.2,33.2,33.2,0
961,2015-11-17,33.2,33.2,33.2,33.2,0
962,2015-11-18,33.2,33.2,33.2,33.2,0
963,2015-11-19,33.2,33.2,33.2,33.2,0
964,2015-11-20,33.2,33.2,33.2,33.2,0
965,2015-11-23,33.2,33.2,33.2,33.2,0
966,2015-11-24,33.2,33.2,33.2,33.2,0
967,2015-11-25,33.2,33.2,33.2,33.2,0
968,2015-11-26,33.2,33.2,33.2,33.2,0
969,2015-11-27,33.2,33.2,33.2,33.2,0
970,2015-11-30,33.2,33.2,33.2,33.2,0
971,2015-12-01,33.2,33.2,33.2,33.2,0
972,2015-12-02,33.2,33.2,33.2,33.2,0
973,2015-12-03,33.2,33.2,33.2,33.2,0
974,2015-12-04,33.2,33.2,33.2,33.2,0
975,2015-12-07,33.2,33.2,33.2,33.2,0
976,2015-12-08,33.2,33.2,33.2,33.2,0
977,2015-12-09,33.2,33.2,33.2,33.2,0
978,2015-12-10,33.2,33.2,33.2,33.2,0
979,2015-12-11,33.2,33.2,33.2,33.2,0
980,2015-12-14,33.2,33.2,33.2,33.2,0
981,2015-12-15,33.2,33.2,33.2,33.2,0
982,2015-12-16,33.2,33.2,33.2,33.2,0
983,2015-12-17,33.2,33.2,33.2,33.2,0
984,2015-12-18,33.2,33.2,33.2,33.2,0
985,2015-12-21,33.2,33.2,33.2,33.2,0
986,2015-12-22,33.2,33.2,33.2,33.2,0
987,2015-12-23,33.2,33.2,33.2,33.2,0
988,2015-12-24,33.2,33.2,33.2,33.2,0
989,2015-12-25,33.2,33.2,33.2,33.2,0
990,2015-12-28,33.2,33.2,33.2,33.2,0
991,2015-12-29,33.2,33.2,33.2,33.2,0
992,2015-12-30,33.2,33.2,33.2,33.2,0
993,2015-12-31,33.2,33.2,33.2,33.2,0
994,2016-01-04,33.2,33.2,33.2,33.2,0
995,2016-01-05,33.2,33.2,33.2,33.2,0
996,2016-01-06,33.2,33.2,33.2,33.2,0
997,2016-01-07,33.2,33.2,33.2,33.2,0
998,2016-01-08,33.2,33.2,33.2,33.2,0
999,2016-01-11,33.2,33.2,33.2,33.2,0
1000,2016-01-12,33.2,33.2,33.2,33.2,0
1001,2016-01-13,33.2,33.2,33.2,33.2,0
1002,2016-01-14,33.2,33.2,33.2,33.2,0
1003,2016-01-15,33.2,33.2,33.2,33.2,0
1004,2016-01-18,33.2,33.2,33.2,33.2,0
1005,2016-01-19,33.2,33.2,33.2,33.2,0
1006,2016-01-20,33.2,33.2,33.2,33.2,0
1007,2016-01-21,33.2,33.2,33.2,33.2,0
1008,2016-01-22,33.2,33.2,33.2,33.2,0
1009,2016-01-25,33.2,33.2,33.2,33.2,0
1010,2016-01-26,33.2,33.2,33.2,33.2,0
1011,2016-01-27,33.2,33.2,33.2,33.2,0
1012,2016-01-28,33.2,33.2,33.2,33.2,0
1013,2016-01-29,33.2,33.2,33.2,33.2,0
1014,2016-02-01,33.2,33.2,33.2,33.2,0
1015,2016-02-02,33.2,33.2,33.2,33.2,0
1016,2016-02-03,33.2,33.2,33.2,33.2,0
1017,2016-02-04,33.2,33.2,33.2,33.2,0
1018,2016-02-05,33.2,33.2,33.2,33.2,0
1019,2016-02-15,20.0,20.0,20.0,20.0,200
1020,2016-02-16,20.0,20.0,20.0,20.0,0
1021,2016-02-17,20.0,20.0,20.0,20.0,0
1022,2016-02-18,20.0,20.0,20.0,20.0,0
1023,2016-02-19,20.0,20.0,20.0,20.0,0
1024,2016-02-22,20.0,20.0,20.0,20.0,0
1025,2016-02-23,23.0,23.0,23.0,23.0,200
1026,2016-02-24,23.2,26.3,23.2,26.3,200
1027,2016-02-25,28.5,28.5,28.5,28.5,100
1028,2016-02-26,32.7,32.7,32.7,32.7,100
1029,2016-02-29,32.7,32.7,32.7,32.7,0
1030,2016-03-01,32.7,32.7,32.7,32.7,0
1031,2016-03-02,37.6,37.6,37.6,37.6,100
1032,2016-03-03,37.6,37.6,37.6,37.6,0
1033,2016-03-04,34.9,39.6,34.9,39.6,200
1034,2016-03-07,39.6,39.6,39.6,39.6,0
1035,2016-03-08,39.6,39.6,39.6,39.6,0
1036,2016-03-09,39.6,39.6,39.6,39.6,0
1037,2016-03-10,37.0,42.5,37.0,42.5,200
1038,2016-03-11,42.5,42.5,42.5,42.5,0
1039,2016-03-14,42.5,42.5,42.5,42.5,0
1040,2016-03-15,40.5,45.2,40.5,45.2,200
1041,2016-03-16,45.2,45.2,45.2,45.2,0
1042,2016-03-17,40.7,40.7,40.7,40.7,100
1043,2016-03-18,39.5,39.5,39.5,39.5,100
1044,2016-03-21,39.5,39.5,39.5,39.5,0
1045,2016-03-22,39.5,39.5,39.5,39.5,0
1046,2016-03-23,39.5,39.5,39.5,39.5,0
1047,2016-03-24,39.5,39.5,39.5,39.5,0
1048,2016-03-25,39.5,39.5,39.5,39.5,0
1049,2016-03-28,39.5,39.5,39.5,39.5,0
1050,2016-03-29,39.3,42.0,39.3,42.0,200
1051,2016-03-30,42.0,42.0,42.0,42.0,0
1052,2016-03-31,42.0,42.0,42.0,42.0,0
1053,2016-04-01,40.0,44.0,40.0,44.0,200
1054,2016-04-04,44.0,44.0,44.0,44.0,0
1055,2016-04-05,44.0,44.0,44.0,44.0,0
1056,2016-04-06,44.0,44.0,44.0,44.0,0
1057,2016-04-07,44.0,44.0,44.0,44.0,0
1058,2016-04-08,41.0,41.0,40.0,40.0,600
1059,2016-04-11,40.0,40.0,40.0,40.0,100
1060,2016-04-12,40.0,40.0,40.0,40.0,0
1061,2016-04-13,40.0,40.0,40.0,40.0,0
1062,2016-04-14,40.0,40.0,40.0,40.0,0
1063,2016-04-15,40.0,40.0,40.0,40.0,0
1064,2016-04-19,40.0,40.0,40.0,40.0,0
1065,2016-04-20,40.0,40.0,40.0,40.0,0
1066,2016-04-21,40.0,40.0,40.0,40.0,0
1067,2016-04-22,40.0,40.0,40.0,40.0,0
1068,2016-04-25,40.0,40.0,40.0,40.0,0
1069,2016-04-26,40.2,40.2,40.2,40.2,100
1070,2016-04-27,40.2,40.2,40.2,40.2,0
1071,2016-04-28,40.2,40.2,40.2,40.2,0
1072,2016-04-29,40.2,40.2,40.2,40.2,0
1073,2016-05-04,40.2,40.2,40.2,40.2,0
1074,2016-05-05,40.2,40.2,40.2,40.2,0
1075,2016-05-06,40.2,40.2,40.2,40.2,0
1076,2016-05-09,40.5,40.9,40.5,40.9,200
1077,2016-05-10,40.9,40.9,40.9,40.9,0
1078,2016-05-11,40.9,40.9,40.9,40.9,0
1079,2016-05-12,40.9,40.9,40.9,40.9,0
1080,2016-05-13,40.9,40.9,40.9,40.9,0
1081,2016-05-16,40.9,40.9,40.9,40.9,0
1082,2016-05-17,40.9,40.9,40.9,40.9,0
1083,2016-05-18,40.9,40.9,40.9,40.9,0
1084,2016-05-19,41.0,42.6,41.0,42.6,500
1085,2016-05-20,42.6,42.6,42.6,42.6,0
1086,2016-05-23,42.6,42.6,42.6,42.6,0
1087,2016-05-24,42.6,42.6,42.6,42.6,0
1088,2016-05-25,42.6,42.6,42.6,42.6,0
1089,2016-05-26,42.6,42.6,42.6,42.6,0
1090,2016-05-27,42.6,42.6,42.6,42.6,0
1091,2016-05-30,42.6,42.6,42.6,42.6,0
1092,2016-05-31,42.6,42.6,42.6,42.6,0
1093,2016-06-01,42.6,42.6,42.6,42.6,0
1094,2016-06-02,42.6,42.6,42.6,42.6,0
1095,2016-06-03,41.0,46.0,41.0,46.0,200
1096,2016-06-06,46.0,46.0,46.0,46.0,0
1097,2016-06-07,46.0,46.0,46.0,46.0,0
1098,2016-06-08,46.0,46.0,46.0,46.0,0
1099,2016-06-09,46.0,46.0,46.0,46.0,0
1100,2016-06-10,46.0,46.0,46.0,46.0,0
1101,2016-06-13,43.8,46.5,37.0,46.5,500
1102,2016-06-14,35.8,48.2,35.8,48.2,300
1103,2016-06-15,46.8,46.8,37.6,46.8,300
1104,2016-06-16,50.2,50.2,48.5,48.5,200
1105,2016-06-17,49.0,53.0,49.0,53.0,300
1106,2016-06-20,43.6,43.6,43.6,43.6,1000
1107,2016-06-21,43.6,43.6,43.6,43.6,0
1108,2016-06-22,43.6,43.6,43.6,43.6,0
1109,2016-06-23,43.6,43.6,43.6,43.6,0
1110,2016-06-24,43.6,43.6,43.6,43.6,0
1111,2016-06-27,43.6,43.6,43.6,43.6,0
1112,2016-06-28,43.6,43.6,43.6,43.6,0
1113,2016-06-29,43.6,43.6,43.6,43.6,0
1114,2016-06-30,41.0,45.0,41.0,45.0,200
1115,2016-07-01,45.0,45.0,45.0,45.0,0
1116,2016-07-04,45.0,45.0,45.0,45.0,0
1117,2016-07-05,45.0,45.0,45.0,45.0,0
1118,2016-07-06,45.0,45.0,45.0,45.0,0
1119,2016-07-07,45.0,45.0,45.0,45.0,0
1120,2016-07-08,45.0,45.0,45.0,45.0,0
1121,2016-07-11,45.0,45.0,45.0,45.0,0
1122,2016-07-12,45.0,45.0,45.0,45.0,0
1123,2016-07-13,45.0,45.0,45.0,45.0,0
1124,2016-07-14,45.0,45.0,45.0,45.0,0
1125,2016-07-15,45.0,45.0,45.0,45.0,0
1126,2016-07-18,45.0,45.0,45.0,45.0,0
1127,2016-07-19,45.0,45.0,45.0,45.0,0
1128,2016-07-20,45.0,45.0,45.0,45.0,0
1129,2016-07-21,45.0,45.0,45.0,45.0,0
1130,2016-07-22,45.0,45.0,45.0,45.0,0
1131,2016-07-25,45.0,45.0,45.0,45.0,0
1132,2016-07-26,45.0,45.0,45.0,45.0,0
1133,2016-07-27,43.5,45.0,43.5,45.0,200
1134,2016-07-28,45.0,45.0,45.0,45.0,0
1135,2016-07-29,45.0,45.0,45.0,45.0,0
1136,2016-08-01,45.0,45.0,45.0,45.0,0
1137,2016-08-02,45.0,45.0,45.0,45.0,0
1138,2016-08-03,45.0,45.0,45.0,45.0,0
1139,2016-08-04,45.0,45.0,45.0,45.0,0
1140,2016-08-05,45.0,45.0,45.0,45.0,0
1141,2016-08-08,45.0,45.0,45.0,45.0,0
1142,2016-08-09,45.0,45.0,45.0,45.0,0
1143,2016-08-10,45.0,45.0,45.0,45.0,0
1144,2016-08-11,45.0,45.0,45.0,45.0,0
1145,2016-08-12,45.0,45.0,45.0,45.0,0
1146,2016-08-15,45.0,45.0,45.0,45.0,0
1147,2016-08-16,45.0,45.0,45.0,45.0,0
1148,2016-08-17,45.0,45.0,45.0,45.0,0
1149,2016-08-18,45.0,45.0,45.0,45.0,0
1150,2016-08-19,45.0,45.0,45.0,45.0,0
1151,2016-08-22,45.0,45.0,45.0,45.0,0
1152,2016-08-23,45.0,45.0,45.0,45.0,0
1153,2016-08-24,45.0,45.0,45.0,45.0,0
1154,2016-08-25,45.0,45.0,45.0,45.0,0
1155,2016-08-26,45.0,45.0,45.0,45.0,0
1156,2016-08-29,45.0,45.0,45.0,45.0,0
1157,2016-08-30,45.0,45.0,45.0,45.0,0
1158,2016-08-31,45.0,45.0,45.0,45.0,0
1159,2016-09-01,45.0,45.0,45.0,45.0,0
1160,2016-09-05,45.0,45.0,45.0,45.0,100
1161,2016-09-06,45.0,45.0,45.0,45.0,0
1162,2016-09-07,45.0,45.0,45.0,45.0,0
1163,2016-09-08,45.0,45.0,45.0,45.0,0
1164,2016-09-09,45.0,45.0,45.0,45.0,0
1165,2016-09-12,45.0,45.0,45.0,45.0,0
1166,2016-09-13,45.0,45.0,45.0,45.0,0
1167,2016-09-14,45.0,45.0,45.0,45.0,0
1168,2016-09-15,45.0,45.0,45.0,45.0,0
1169,2016-09-16,45.0,45.0,45.0,45.0,0
1170,2016-09-19,46.0,46.0,46.0,46.0,100
1171,2016-09-20,46.0,46.0,46.0,46.0,0
1172,2016-09-21,46.0,46.0,46.0,46.0,0
1173,2016-09-22,46.0,46.0,46.0,46.0,0
1174,2016-09-23,46.0,46.0,46.0,46.0,0
1175,2016-09-26,46.0,46.0,46.0,46.0,0
1176,2016-09-27,46.0,46.0,46.0,46.0,0
1177,2016-09-28,46.0,46.0,46.0,46.0,0
1178,2016-09-29,46.0,46.0,46.0,46.0,0
1179,2016-09-30,46.0,46.0,46.0,46.0,0
1180,2016-10-03,46.0,46.0,46.0,46.0,0
1181,2016-10-04,46.0,46.0,46.0,46.0,0
1182,2016-10-05,46.0,46.0,46.0,46.0,0
1183,2016-10-06,46.0,46.0,46.0,46.0,0
1184,2016-10-07,47.0,47.0,47.0,47.0,100
1185,2016-10-10,47.0,47.0,47.0,47.0,0
1186,2016-10-11,47.0,47.0,47.0,47.0,0
1187,2016-10-12,47.0,47.0,47.0,47.0,0
1188,2016-10-13,47.0,47.0,47.0,47.0,0
1189,2016-10-14,47.0,47.0,47.0,47.0,0
1190,2016-10-17,47.0,47.0,47.0,47.0,0
1191,2016-10-18,47.0,47.0,47.0,47.0,0
1192,2016-10-19,47.0,47.0,47.0,47.0,0
1193,2016-10-20,47.0,47.0,47.0,47.0,0
1194,2016-10-21,47.0,47.0,47.0,47.0,0
1195,2016-10-24,47.0,47.0,47.0,47.0,0
1196,2016-10-25,42.0,42.0,42.0,42.0,100
1197,2016-10-26,42.0,42.0,42.0,42.0,0
1198,2016-10-27,42.0,42.0,42.0,42.0,0
1199,2016-10-28,42.0,42.0,42.0,42.0,0
1200,2016-10-31,42.0,42.0,42.0,42.0,0
1201,2016-11-01,42.0,42.0,42.0,42.0,0
1202,2016-11-02,42.0,42.0,42.0,42.0,0
1203,2016-11-03,42.0,42.0,42.0,42.0,0
1204,2016-11-04,42.0,42.0,42.0,42.0,0
1205,2016-11-07,42.0,42.0,42.0,42.0,0
1206,2016-11-08,42.0,42.0,42.0,42.0,0
1207,2016-11-09,42.0,42.0,42.0,42.0,0
1208,2016-11-10,42.0,42.0,42.0,42.0,0
1209,2016-11-11,42.0,42.0,42.0,42.0,0
1210,2016-11-14,42.0,42.0,42.0,42.0,0
1211,2016-11-15,42.0,42.0,42.0,42.0,0
1212,2016-11-16,42.0,42.0,42.0,42.0,0
1213,2016-11-17,42.0,42.0,42.0,42.0,0
1214,2016-11-18,42.0,42.0,42.0,42.0,0
1215,2016-11-21,42.0,42.0,42.0,42.0,0
1216,2016-11-22,42.0,42.0,42.0,42.0,0
1217,2016-11-23,42.0,42.0,42.0,42.0,0
1218,2016-11-24,42.0,42.0,42.0,42.0,0
1219,2016-11-25,42.0,42.0,42.0,42.0,0
1220,2016-11-28,43.0,43.0,43.0,43.0,100
1221,2016-11-29,43.0,43.0,43.0,43.0,0
1222,2016-11-30,43.0,43.0,43.0,43.0,0
1223,2016-12-01,43.0,43.0,43.0,43.0,0
1224,2016-12-02,43.0,43.0,43.0,43.0,0
1225,2016-12-05,43.0,43.0,43.0,43.0,0
1226,2016-12-06,43.0,43.0,43.0,43.0,0
1227,2016-12-07,43.0,43.0,43.0,43.0,0
1228,2016-12-08,43.0,43.0,43.0,43.0,0
1229,2016-12-09,43.0,43.0,43.0,43.0,0
1230,2016-12-12,42.0,42.0,42.0,42.0,100
1231,2016-12-13,42.0,42.0,42.0,42.0,0
1232,2016-12-14,42.0,42.0,42.0,42.0,0
1233,2016-12-15,42.0,42.0,42.0,42.0,0
1234,2016-12-16,42.0,42.0,42.0,42.0,0
1235,2016-12-19,42.0,42.0,42.0,42.0,0
1236,2016-12-20,42.0,42.0,42.0,42.0,0
1237,2016-12-21,42.0,42.0,42.0,42.0,0
1238,2016-12-22,42.0,42.0,42.0,42.0,0
1239,2016-12-23,42.0,42.0,42.0,42.0,0
1240,2016-12-26,42.0,42.0,42.0,42.0,0
1241,2016-12-27,42.0,42.0,42.0,42.0,0
1242,2016-12-28,42.0,42.0,42.0,42.0,0
1243,2016-12-29,42.0,42.0,42.0,42.0,0
1244,2016-12-30,42.0,42.0,42.0,42.0,0
1245,2017-01-03,42.0,42.0,42.0,42.0,0
1246,2017-01-04,42.0,42.0,42.0,42.0,0
1247,2017-01-05,42.0,42.0,42.0,42.0,0
1248,2017-01-06,42.0,42.0,42.0,42.0,0
1249,2017-01-09,42.0,42.0,42.0,42.0,0
1250,2017-01-10,42.0,42.0,42.0,42.0,0
1251,2017-01-11,42.0,42.0,42.0,42.0,0
1252,2017-01-12,42.0,42.0,42.0,42.0,0
1253,2017-01-13,42.0,42.0,42.0,42.0,0
1254,2017-01-16,42.0,42.0,42.0,42.0,0
1255,2017-01-17,42.0,42.0,42.0,42.0,0
1256,2017-01-18,42.0,42.0,42.0,42.0,0
1257,2017-01-19,42.0,42.0,42.0,42.0,0
1258,2017-01-20,42.0,42.0,42.0,42.0,0
1259,2017-01-23,42.0,42.0,42.0,42.0,0
1260,2017-01-24,42.0,42.0,42.0,42.0,0
1261,2017-01-25,42.0,42.0,42.0,42.0,0
1262,2017-02-02,42.0,42.0,42.0,42.0,0
1263,2017-02-03,42.0,42.0,42.0,42.0,0
1264,2017-02-06,42.0,42.0,42.0,42.0,0
1265,2017-02-07,42.0,42.0,42.0,42.0,0
1266,2017-02-08,42.0,42.0,42.0,42.0,0
1267,2017-02-09,42.0,42.0,42.0,42.0,0
1268,2017-02-10,42.0,42.0,42.0,42.0,0
1269,2017-02-13,42.0,42.0,42.0,42.0,0
1270,2017-02-14,42.0,42.0,42.0,42.0,0
1271,2017-02-15,42.0,42.0,42.0,42.0,0
1272,2017-02-16,42.0,42.0,42.0,42.0,0
1273,2017-02-17,42.0,42.0,42.0,42.0,0
1274,2017-02-20,42.0,42.0,42.0,42.0,0
1275,2017-02-21,42.0,42.0,42.0,42.0,0
1276,2017-02-22,42.0,42.0,42.0,42.0,0
1277,2017-02-23,42.0,42.0,42.0,42.0,0
1278,2017-02-24,42.0,42.0,42.0,42.0,0
1279,2017-02-27,42.0,42.0,42.0,42.0,0
1280,2017-02-28,42.0,42.0,42.0,42.0,0
1281,2017-03-01,42.0,42.0,42.0,42.0,0
1282,2017-03-02,42.0,42.0,42.0,42.0,0
1283,2017-03-03,42.0,42.0,42.0,42.0,0
1284,2017-03-06,42.0,42.0,42.0,42.0,0
1285,2017-03-07,42.0,42.0,42.0,42.0,0
1286,2017-03-08,42.0,42.0,42.0,42.0,0
1287,2017-03-09,42.0,42.0,42.0,42.0,0
1288,2017-03-10,42.0,42.0,42.0,42.0,0
1289,2017-03-13,42.0,42.0,42.0,42.0,0
1290,2017-03-14,42.0,42.0,42.0,42.0,0
1291,2017-03-15,42.0,42.0,42.0,42.0,0
1292,2017-03-16,42.0,42.0,42.0,42.0,0
1293,2017-03-17,42.0,42.0,42.0,42.0,0
1294,2017-03-20,42.0,42.0,42.0,42.0,0
1295,2017-03-21,45.0,45.0,45.0,45.0,100
1296,2017-03-22,45.0,45.0,45.0,45.0,0
1297,2017-03-23,45.0,45.0,45.0,45.0,0
1298,2017-03-24,45.0,45.0,45.0,45.0,0
1299,2017-03-27,45.0,45.0,45.0,45.0,0
1300,2017-03-28,45.0,45.0,45.0,45.0,0
1301,2017-03-29,45.0,45.0,45.0,45.0,0
1302,2017-03-30,45.0,45.0,45.0,45.0,0
1303,2017-03-31,45.0,45.0,45.0,45.0,0
1304,2017-04-03,45.0,45.0,45.0,45.0,0
1305,2017-04-04,45.0,45.0,45.0,45.0,0
1306,2017-04-05,45.0,45.0,45.0,45.0,0
1307,2017-04-07,45.0,45.0,45.0,45.0,0
1308,2017-04-10,45.0,45.0,45.0,45.0,0
1309,2017-04-11,45.0,45.0,45.0,45.0,0
1310,2017-04-12,45.0,45.0,45.0,45.0,0
1311,2017-04-13,45.0,45.0,45.0,45.0,0
1312,2017-04-14,45.0,45.0,45.0,45.0,0
1313,2017-04-17,45.0,45.0,45.0,45.0,0
1314,2017-04-18,45.0,45.0,45.0,45.0,0
1315,2017-04-19,40.0,40.0,40.0,40.0,100
1316,2017-04-20,40.0,40.0,40.0,40.0,0
1317,2017-04-21,40.0,40.0,40.0,40.0,0
1318,2017-04-24,35.0,35.0,35.0,35.0,120
1319,2017-04-25,35.0,35.0,35.0,35.0,0
1320,2017-04-26,35.0,35.0,35.0,35.0,0
1321,2017-04-27,35.0,35.0,35.0,35.0,0
1322,2017-04-28,35.0,35.0,35.0,35.0,0
1323,2017-05-03,35.0,35.0,35.0,35.0,20
1324,2017-05-04,35.0,35.0,35.0,35.0,0
1325,2017-05-05,35.0,35.0,35.0,35.0,0
1326,2017-05-08,35.0,35.0,35.0,35.0,0
1327,2017-05-09,35.0,35.0,35.0,35.0,0
1328,2017-05-10,35.0,35.0,35.0,35.0,0
1329,2017-05-11,35.0,35.0,35.0,35.0,0
1330,2017-05-12,35.0,35.0,35.0,35.0,0
1331,2017-05-15,35.0,35.0,35.0,35.0,0
1332,2017-05-16,35.0,35.0,35.0,35.0,0
1333,2017-05-17,35.0,35.0,35.0,35.0,0
1334,2017-05-18,35.0,35.0,35.0,35.0,0
1335,2017-05-19,35.0,35.0,35.0,35.0,0
1336,2017-05-22,35.0,35.0,35.0,35.0,0
1337,2017-05-23,35.0,35.0,35.0,35.0,0
1338,2017-05-24,35.0,35.0,35.0,35.0,0
1339,2017-05-25,35.0,35.0,35.0,35.0,0
1340,2017-05-26,35.0,35.0,35.0,35.0,0
1341,2017-05-29,35.0,35.0,35.0,35.0,0
1342,2017-05-30,35.0,35.0,35.0,35.0,0
1343,2017-05-31,35.0,35.0,35.0,35.0,0
1344,2017-06-01,35.0,35.0,35.0,35.0,0
1345,2017-06-02,35.0,35.0,35.0,35.0,0
1346,2017-06-05,35.0,35.0,35.0,35.0,0
1347,2017-06-06,35.0,35.0,35.0,35.0,0
1348,2017-06-07,35.0,35.0,35.0,35.0,0
1349,2017-06-08,35.0,35.0,35.0,35.0,0
1350,2017-06-09,35.0,35.0,35.0,35.0,0
1351,2017-06-12,35.0,35.0,35.0,35.0,0
1352,2017-06-13,35.0,35.0,35.0,35.0,0
1353,2017-06-14,35.0,35.0,35.0,35.0,0
1354,2017-06-15,35.0,35.0,35.0,35.0,0
1355,2017-06-16,35.0,35.0,35.0,35.0,0
1356,2017-06-19,35.0,35.0,35.0,35.0,0
1357,2017-06-20,35.0,35.0,35.0,35.0,0
1358,2017-06-21,35.0,35.0,35.0,35.0,0
1359,2017-06-22,35.0,35.0,35.0,35.0,0
1360,2017-06-23,35.0,35.0,35.0,35.0,0
1361,2017-06-26,35.0,35.0,35.0,35.0,0
1362,2017-06-27,35.0,35.0,35.0,35.0,0
1363,2017-06-28,35.0,35.0,35.0,35.0,0
1364,2017-06-29,35.0,35.0,35.0,35.0,0
1365,2017-06-30,35.0,35.0,35.0,35.0,0
1366,2017-07-03,35.0,35.0,35.0,35.0,0
1367,2017-07-04,35.0,35.0,35.0,35.0,0
1368,2017-07-05,35.0,35.0,35.0,35.0,0
1369,2017-07-06,35.0,35.0,35.0,35.0,0
1370,2017-07-07,35.0,35.0,35.0,35.0,0
1371,2017-07-10,35.0,35.0,35.0,35.0,0
1372,2017-07-11,35.0,35.0,35.0,35.0,0
1373,2017-07-12,35.0,35.0,35.0,35.0,0
1374,2017-07-13,35.0,35.0,35.0,35.0,0
1375,2017-07-14,35.0,35.0,35.0,35.0,0
1376,2017-07-17,35.0,35.0,35.0,35.0,0
1377,2017-07-18,35.0,35.0,35.0,35.0,0
1378,2017-07-19,35.0,35.0,35.0,35.0,0
1379,2017-07-20,35.0,35.0,35.0,35.0,0
1380,2017-07-21,35.0,35.0,35.0,35.0,0
1381,2017-07-24,35.0,35.0,35.0,35.0,0
1382,2017-07-25,35.0,35.0,35.0,35.0,0
1383,2017-07-26,35.0,35.0,35.0,35.0,0
1384,2017-07-27,35.0,35.0,35.0,35.0,0
1385,2017-07-28,35.0,35.0,35.0,35.0,0
1386,2017-07-31,35.0,35.0,35.0,35.0,0
1387,2017-08-01,35.0,35.0,35.0,35.0,0
1388,2017-08-02,35.0,35.0,35.0,35.0,0
1389,2017-08-03,35.0,35.0,35.0,35.0,0
1390,2017-08-04,35.0,35.0,35.0,35.0,0
1391,2017-08-07,35.0,35.0,35.0,35.0,0
1392,2017-08-08,35.0,35.0,35.0,35.0,0
1393,2017-08-09,35.0,35.0,35.0,35.0,0
1394,2017-08-10,35.0,35.0,35.0,35.0,0
1395,2017-08-11,35.0,35.0,35.0,35.0,0
1396,2017-08-14,35.0,35.0,35.0,35.0,0
1397,2017-08-15,35.0,35.0,35.0,35.0,0
1398,2017-08-16,35.0,35.0,35.0,35.0,0
1399,2017-08-17,35.0,35.0,35.0,35.0,0
1400,2017-08-18,35.0,35.0,35.0,35.0,0
1401,2017-08-21,35.0,35.0,35.0,35.0,0
1402,2017-08-22,35.0,35.0,35.0,35.0,0
1403,2017-08-23,35.0,35.0,35.0,35.0,0
1404,2017-08-24,35.0,35.0,35.0,35.0,0
1405,2017-08-25,35.0,35.0,35.0,35.0,0
1406,2017-08-28,35.0,35.0,35.0,35.0,0
1407,2017-08-29,35.0,35.0,35.0,35.0,0
1408,2017-08-30,35.0,35.0,35.0,35.0,0
1409,2017-08-31,35.0,35.0,35.0,35.0,0
1410,2017-09-01,35.0,35.0,35.0,35.0,0
1411,2017-09-05,35.0,35.0,35.0,35.0,0
1412,2017-09-06,35.0,35.0,35.0,35.0,0
1413,2017-09-07,35.0,35.0,35.0,35.0,0
1414,2017-09-08,35.0,35.0,35.0,35.0,0
1415,2017-09-11,35.0,35.0,35.0,35.0,0
1416,2017-09-12,35.0,35.0,35.0,35.0,0
1417,2017-09-13,35.0,35.0,35.0,35.0,0
1418,2017-09-14,35.0,35.0,35.0,35.0,0
1419,2017-09-15,35.0,35.0,35.0,35.0,0
1420,2017-09-18,35.0,35.0,35.0,35.0,0
1421,2017-09-19,35.0,35.0,35.0,35.0,0
1422,2017-09-20,35.0,35.0,35.0,35.0,0
1423,2017-09-21,35.0,35.0,35.0,35.0,0
1424,2017-09-22,35.0,35.0,35.0,35.0,0
1425,2017-09-25,35.0,35.0,35.0,35.0,0
1426,2017-09-26,35.0,35.0,35.0,35.0,0
1427,2017-09-27,35.0,35.0,35.0,35.0,0
1428,2017-09-28,35.0,35.0,35.0,35.0,0
1429,2017-09-29,35.0,35.0,35.0,35.0,0
1430,2017-10-02,35.0,35.0,35.0,35.0,0
1431,2017-10-03,35.0,35.0,35.0,35.0,0
1432,2017-10-04,35.0,35.0,35.0,35.0,0
1433,2017-10-05,35.0,35.0,35.0,35.0,0
1434,2017-10-06,35.0,35.0,35.0,35.0,0
1435,2017-10-09,35.0,35.0,35.0,35.0,0
1436,2017-10-10,35.0,35.0,35.0,35.0,0
1437,2017-10-11,35.0,35.0,35.0,35.0,0
1438,2017-10-12,35.0,35.0,35.0,35.0,0
1439,2017-10-13,35.0,35.0,35.0,35.0,0
1440,2017-10-16,35.0,35.0,35.0,35.0,0
1441,2017-10-17,35.0,35.0,35.0,35.0,0
1442,2017-10-18,35.0,35.0,35.0,35.0,0
1443,2017-10-19,35.0,35.0,35.0,35.0,0
1444,2017-10-20,35.0,35.0,35.0,35.0,0
1445,2017-10-23,35.0,35.0,35.0,35.0,0
1446,2017-10-24,35.0,35.0,35.0,35.0,0
1447,2017-10-25,35.0,35.0,35.0,35.0,0
1448,2017-10-26,35.0,35.0,35.0,35.0,0
1449,2017-10-27,35.0,35.0,35.0,35.0,0
1450,2017-10-30,35.0,35.0,35.0,35.0,0
1451,2017-10-31,35.0,35.0,35.0,35.0,0
1452,2017-11-01,35.0,35.0,35.0,35.0,0
1453,2017-11-02,35.0,35.0,35.0,35.0,0
1454,2017-11-03,35.0,35.0,35.0,35.0,0
1455,2017-11-06,35.0,35.0,35.0,35.0,0
1456,2017-11-07,35.0,35.0,35.0,35.0,0
1457,2017-11-08,35.0,35.0,35.0,35.0,0
1458,2017-11-09,35.0,35.0,35.0,35.0,0
1459,2017-11-10,35.0,35.0,35.0,35.0,0
1460,2017-11-13,35.0,35.0,35.0,35.0,0
1461,2017-11-14,35.0,35.0,35.0,35.0,0
1462,2017-11-15,35.0,35.0,35.0,35.0,0
1463,2017-11-16,35.0,35.0,35.0,35.0,0
1464,2017-11-17,35.0,35.0,35.0,35.0,0
1465,2017-11-20,35.0,35.0,35.0,35.0,0
1466,2017-11-21,35.0,35.0,35.0,35.0,0
1467,2017-11-22,35.0,35.0,35.0,35.0,0
1468,2017-11-23,35.0,35.0,35.0,35.0,0
1469,2017-11-24,35.0,35.0,35.0,35.0,0
1470,2017-11-27,35.0,35.0,35.0,35.0,0
1471,2017-11-28,35.0,35.0,35.0,35.0,0
1472,2017-11-29,35.0,35.0,35.0,35.0,0
1473,2017-11-30,35.0,35.0,35.0,35.0,0
1474,2017-12-01,35.0,35.0,35.0,35.0,0
1475,2017-12-04,35.0,35.0,35.0,35.0,0
1476,2017-12-05,35.0,35.0,35.0,35.0,0
1477,2017-12-06,35.0,35.0,35.0,35.0,0
1478,2017-12-07,35.0,35.0,35.0,35.0,0
1479,2017-12-08,35.0,35.0,35.0,35.0,0
1480,2017-12-11,35.0,35.0,35.0,35.0,0
1481,2017-12-12,35.0,35.0,35.0,35.0,0
1482,2017-12-13,35.0,35.0,35.0,35.0,0
1483,2017-12-14,35.0,35.0,35.0,35.0,0
1484,2017-12-15,21.0,21.0,21.0,21.0,100
1485,2017-12-18,21.0,21.0,21.0,21.0,0
1486,2017-12-19,21.0,21.0,21.0,21.0,0
1487,2017-12-20,21.0,21.0,21.0,21.0,0
1488,2017-12-21,21.0,21.0,21.0,21.0,0
1489,2017-12-22,21.0,21.0,21.0,21.0,0
1490,2017-12-25,21.0,21.0,21.0,21.0,0
1491,2017-12-26,21.0,21.0,21.0,21.0,0
1492,2017-12-27,21.0,21.0,21.0,21.0,0
1493,2017-12-28,21.0,21.0,21.0,21.0,0
1494,2017-12-29,21.0,21.0,21.0,21.0,0
1495,2018-01-02,21.0,21.0,21.0,21.0,0
1496,2018-01-03,21.0,21.0,21.0,21.0,0
1497,2018-01-04,21.0,21.0,21.0,21.0,0
1498,2018-01-05,21.0,21.0,21.0,21.0,0
1499,2018-01-08,21.0,21.0,21.0,21.0,0
1500,2018-01-09,21.0,21.0,21.0,21.0,0
1501,2018-01-10,21.0,21.0,21.0,21.0,0
1502,2018-01-11,21.0,21.0,21.0,21.0,0
1503,2018-01-12,21.0,21.0,21.0,21.0,0
1504,2018-01-15,21.0,21.0,21.0,21.0,0
1505,2018-01-16,21.0,21.0,21.0,21.0,0
1506,2018-01-17,21.0,21.0,21.0,21.0,0
1507,2018-01-18,21.0,21.0,21.0,21.0,0
1508,2018-01-19,21.0,21.0,21.0,21.0,0
1509,2018-01-22,21.0,21.0,21.0,21.0,0
1510,2018-01-23,21.0,21.0,21.0,21.0,0
1511,2018-01-24,21.0,21.0,21.0,21.0,0
1512,2018-01-25,21.0,21.0,21.0,21.0,0
1513,2018-01-26,21.0,21.0,21.0,21.0,0
1514,2018-01-29,21.0,21.0,21.0,21.0,0
1515,2018-01-30,21.0,21.0,21.0,21.0,0
1516,2018-01-31,21.0,21.0,21.0,21.0,0
1517,2018-02-01,21.0,21.0,21.0,21.0,0
1518,2018-02-02,21.0,21.0,21.0,21.0,0
1519,2018-02-05,21.0,21.0,21.0,21.0,0
1520,2018-02-06,21.0,21.0,21.0,21.0,0
1521,2018-02-07,21.0,21.0,21.0,21.0,0
1522,2018-02-08,21.0,21.0,21.0,21.0,0
1523,2018-02-09,21.0,21.0,21.0,21.0,0
1524,2018-02-12,21.0,21.0,21.0,21.0,0
1525,2018-02-13,21.0,21.0,21.0,21.0,0
1526,2018-02-21,21.0,21.0,21.0,21.0,0
1527,2018-02-22,21.0,21.0,21.0,21.0,0
1528,2018-02-23,21.0,21.0,21.0,21.0,0
1529,2018-02-26,21.0,21.0,21.0,21.0,0
1530,2018-02-27,21.0,21.0,21.0,21.0,0
1531,2018-02-28,21.0,21.0,21.0,21.0,0
1532,2018-03-01,21.0,21.0,21.0,21.0,0
1533,2018-03-02,19.4,19.4,19.4,19.4,100
1534,2018-03-05,19.4,19.4,19.4,19.4,0
1535,2018-03-06,19.4,19.4,19.4,19.4,0
1536,2018-03-07,19.4,19.4,19.4,19.4,0
1537,2018-03-08,19.4,19.4,19.4,19.4,0
1538,2018-03-09,19.4,19.4,19.4,19.4,0
1539,2018-03-12,19.4,19.4,19.4,19.4,0
1540,2018-03-13,19.4,19.4,19.4,19.4,0
1541,2018-03-14,19.4,19.4,19.4,19.4,0
1542,2018-03-15,19.4,19.4,19.4,19.4,90
1543,2018-03-16,19.4,19.4,19.4,19.4,0
1544,2018-03-19,19.4,19.4,19.4,19.4,0
1545,2018-03-20,19.4,19.4,19.4,19.4,0
1546,2018-03-21,19.4,19.4,19.4,19.4,0
1547,2018-03-22,19.4,19.4,19.4,19.4,0
1548,2018-03-23,19.4,19.4,19.4,19.4,0
1549,2018-03-26,19.4,19.4,19.4,19.4,0
1550,2018-03-27,19.4,19.4,19.4,19.4,0
1551,2018-03-28,19.4,19.4,19.4,19.4,0
1552,2018-03-29,19.4,19.4,19.4,19.4,0
1553,2018-03-30,19.4,19.4,19.4,19.4,0
1554,2018-04-02,19.4,19.4,19.4,19.4,0
1555,2018-04-03,19.4,19.4,19.4,19.4,10
1556,2018-04-04,19.4,19.4,19.4,19.4,0
1557,2018-04-05,19.4,19.4,19.4,19.4,0
1558,2018-04-06,19.4,19.4,19.4,19.4,0
1559,2018-04-09,16.8,16.8,16.8,16.8,100
1560,2018-04-10,16.8,16.8,16.8,16.8,0
1561,2018-04-11,16.8,16.8,16.8,16.8,0
1562,2018-04-12,16.8,16.8,16.8,16.8,0
1563,2018-04-13,16.8,16.8,16.8,16.8,0
1564,2018-04-16,16.8,16.8,16.8,16.8,0
1565,2018-04-17,16.8,16.8,16.8,16.8,0
1566,2018-04-18,16.8,16.8,16.8,16.8,0
1567,2018-04-19,16.8,16.8,16.8,16.8,0
1568,2018-04-20,16.8,16.8,16.8,16.8,0
1569,2018-04-23,16.8,16.8,16.8,16.8,15
1570,2018-04-24,16.8,16.8,16.8,16.8,0
1571,2018-04-26,16.8,16.8,16.8,16.8,0
1572,2018-04-27,16.8,16.8,16.8,16.8,0
1573,2018-05-02,16.8,16.8,16.8,16.8,0
1574,2018-05-03,16.8,16.8,16.8,16.8,15
1575,2018-05-04,16.8,16.8,16.8,16.8,3
1576,2018-05-07,16.8,16.8,16.8,16.8,0
1577,2018-05-08,16.8,16.8,16.8,16.8,0
1578,2018-05-09,16.8,16.8,16.8,16.8,0
1579,2018-05-10,16.8,16.8,16.8,16.8,0
1580,2018-05-11,16.8,16.8,16.8,16.8,0
1581,2018-05-14,16.8,16.8,16.8,16.8,0
1582,2018-05-15,16.8,16.8,16.8,16.8,0
1583,2018-05-16,16.8,16.8,16.8,16.8,0
1584,2018-05-17,16.8,16.8,16.8,16.8,0
1585,2018-05-18,16.8,16.8,16.8,16.8,0
1586,2018-05-21,16.8,16.8,16.8,16.8,0
1587,2018-05-22,16.8,16.8,16.8,16.8,0
1588,2018-05-23,16.8,16.8,16.8,16.8,0
1589,2018-05-24,16.8,16.8,16.8,16.8,0
1590,2018-05-25,16.8,16.8,16.8,16.8,0
1591,2018-05-28,16.8,16.8,16.8,16.8,0
1592,2018-05-29,16.8,16.8,16.8,16.8,0
1593,2018-05-30,16.8,16.8,16.8,16.8,0
1594,2018-05-31,16.8,16.8,16.8,16.8,0
1595,2018-06-01,16.8,16.8,16.8,16.8,0
1596,2018-06-04,16.8,16.8,16.8,16.8,0
1597,2018-06-05,16.8,16.8,16.8,16.8,0
1598,2018-06-06,16.8,16.8,16.8,16.8,0
1599,2018-06-07,16.8,16.8,16.8,16.8,0
1600,2018-06-08,16.8,16.8,16.8,16.8,0
1601,2018-06-11,16.8,16.8,16.8,16.8,0
1602,2018-06-12,16.8,16.8,16.8,16.8,0
1603,2018-06-13,16.8,16.8,16.8,16.8,0
1604,2018-06-14,16.8,16.8,16.8,16.8,0
1605,2018-06-15,16.8,16.8,16.8,16.8,0
1606,2018-06-18,16.8,16.8,16.8,16.8,0
1607,2018-06-19,16.8,16.8,16.8,16.8,0
1608,2018-06-20,16.8,16.8,16.8,16.8,0
1609,2018-06-21,16.8,16.8,16.8,16.8,0
1610,2018-06-22,16.8,16.8,16.8,16.8,0
1611,2018-06-25,16.8,16.8,16.8,16.8,0
1612,2018-06-26,16.8,16.8,16.8,16.8,0
1613,2018-06-27,16.8,16.8,16.8,16.8,0
1614,2018-06-28,16.8,16.8,16.8,16.8,0
1615,2018-06-29,16.8,16.8,16.8,16.8,0
1616,2018-07-02,16.8,16.8,16.8,16.8,0
1617,2018-07-03,16.8,16.8,16.8,16.8,0
1618,2018-07-04,16.8,16.8,16.8,16.8,0
1619,2018-07-05,16.8,16.8,16.8,16.8,0
1620,2018-07-06,16.8,16.8,16.8,16.8,0
1621,2018-07-09,16.8,16.8,16.8,16.8,0
1622,2018-07-10,16.8,16.8,16.8,16.8,0
1623,2018-07-11,16.8,16.8,16.8,16.8,0
1624,2018-07-12,16.8,16.8,16.8,16.8,0
1625,2018-07-13,16.8,16.8,16.8,16.8,0
1626,2018-07-16,16.8,16.8,16.8,16.8,0
1627,2018-07-17,16.8,16.8,16.8,16.8,0
1628,2018-07-18,16.8,16.8,16.8,16.8,0
1629,2018-07-19,16.8,16.8,16.8,16.8,0
1630,2018-07-20,16.8,16.8,16.8,16.8,0
1631,2018-07-23,16.8,16.8,16.8,16.8,0
1632,2018-07-24,16.8,16.8,16.8,16.8,0
1633,2018-07-25,16.8,16.8,16.8,16.8,0
1634,2018-07-26,16.8,16.8,16.8,16.8,0
1635,2018-07-27,16.8,16.8,16.8,16.8,0
1636,2018-07-30,16.8,16.8,16.8,16.8,0
1637,2018-07-31,16.8,16.8,16.8,16.8,0
1638,2018-08-01,10.1,10.1,10.1,10.1,100
1639,2018-08-02,10.1,10.1,10.1,10.1,0
1640,2018-08-03,10.1,10.1,10.1,10.1,0
1641,2018-08-06,10.1,10.1,10.1,10.1,0
1642,2018-08-07,10.1,10.1,10.1,10.1,0
1643,2018-08-08,10.1,10.1,10.1,10.1,0
1644,2018-08-09,11.6,11.6,11.6,11.6,100
1645,2018-08-10,11.6,11.6,11.6,11.6,0
1646,2018-08-13,11.6,11.6,11.6,11.6,0
1647,2018-08-14,11.6,11.6,11.6,11.6,0
1648,2018-08-15,11.6,11.6,11.6,11.6,0
1649,2018-08-16,11.6,11.6,11.6,11.6,0
1650,2018-08-17,11.6,11.6,11.6,11.6,0
1651,2018-08-20,11.6,11.6,11.6,11.6,0
1652,2018-08-21,11.6,11.6,11.6,11.6,0
1653,2018-08-22,11.6,11.6,11.6,11.6,0
1654,2018-08-23,11.6,11.6,11.6,11.6,0
1655,2018-08-24,11.6,11.6,11.6,11.6,0
1656,2018-08-27,11.6,11.6,11.6,11.6,0
1657,2018-08-28,11.6,11.6,11.6,11.6,0
1658,2018-08-29,11.6,11.6,11.6,11.6,0
1659,2018-08-30,11.6,11.6,11.6,11.6,0
1660,2018-08-31,9.9,9.9,9.9,9.9,100
1661,2018-09-04,9.9,9.9,9.9,9.9,0
1662,2018-09-05,9.9,9.9,9.9,9.9,0
1663,2018-09-06,8.5,8.5,8.5,8.5,100
1664,2018-09-07,8.5,8.5,8.5,8.5,0
1665,2018-09-10,8.5,8.5,8.5,8.5,0
1666,2018-09-11,8.5,8.5,8.5,8.5,0
1667,2018-09-12,8.5,8.5,8.5,8.5,0
1668,2018-09-13,8.5,8.5,8.5,8.5,0
1669,2018-09-14,8.5,8.5,8.5,8.5,0
1670,2018-09-17,8.5,8.5,8.5,8.5,0
1671,2018-09-18,8.5,8.5,8.5,8.5,0
1672,2018-09-19,8.5,8.5,8.5,8.5,0
1673,2018-09-20,8.5,8.5,8.5,8.5,0
1674,2018-09-21,8.5,8.5,8.5,8.5,0
1675,2018-09-24,8.5,8.5,8.5,8.5,0
1676,2018-09-25,8.5,8.5,8.5,8.5,0
1677,2018-09-26,8.5,8.5,8.5,8.5,0
1678,2018-09-27,8.5,8.5,8.5,8.5,0
1679,2018-09-28,8.5,8.5,8.5,8.5,0
1680,2018-10-01,8.5,8.5,8.5,8.5,0
1681,2018-10-02,8.5,8.5,8.5,8.5,0
1682,2018-10-03,8.5,8.5,8.5,8.5,0
1683,2018-10-04,8.5,8.5,8.5,8.5,0
1684,2018-10-05,8.5,8.5,8.5,8.5,0
1685,2018-10-08,8.5,8.5,8.5,8.5,0
1686,2018-10-09,8.5,8.5,8.5,8.5,0
1687,2018-10-10,8.5,8.5,8.5,8.5,0
1688,2018-10-11,8.5,8.5,8.5,8.5,0
1689,2018-10-12,8.5,8.5,8.5,8.5,0
1690,2018-10-15,8.5,8.5,8.5,8.5,0
1691,2018-10-16,8.5,8.5,8.5,8.5,0
1692,2018-10-17,8.5,8.5,8.5,8.5,0
1693,2018-10-18,8.5,8.5,8.5,8.5,0
1694,2018-10-19,8.5,8.5,8.5,8.5,0
1695,2018-10-22,8.5,8.5,8.5,8.5,0
1696,2018-10-23,8.5,8.5,8.5,8.5,0
1697,2018-10-24,8.5,8.5,8.5,8.5,0
1698,2018-10-25,8.5,8.5,8.5,8.5,0
1699,2018-10-26,8.5,8.5,8.5,8.5,0
1700,2018-10-29,8.5,8.5,8.5,8.5,0
1701,2018-10-30,8.5,8.5,8.5,8.5,0
1702,2018-10-31,8.5,8.5,8.5,8.5,0
1703,2018-11-01,8.5,8.5,8.5,8.5,0
1704,2018-11-02,8.5,8.5,8.5,8.5,0
1705,2018-11-05,8.5,8.5,8.5,8.5,0
1706,2018-11-06,8.5,8.5,8.5,8.5,0
1707,2018-11-07,8.5,8.5,8.5,8.5,0
1708,2018-11-08,8.5,8.5,8.5,8.5,0
1709,2018-11-09,8.5,8.5,8.5,8.5,0
1710,2018-11-12,8.5,8.5,8.5,8.5,0
1711,2018-11-13,8.5,8.5,8.5,8.5,0
1712,2018-11-14,8.5,8.5,8.5,8.5,0
1713,2018-11-15,8.5,8.5,8.5,8.5,0
1714,2018-11-16,8.5,8.5,8.5,8.5,0
1715,2018-11-19,8.5,8.5,8.5,8.5,0
1716,2018-11-20,8.5,8.5,8.5,8.5,0
1717,2018-11-21,8.5,8.5,8.5,8.5,0
1718,2018-11-22,8.5,8.5,8.5,8.5,0
1719,2018-11-23,8.5,8.5,8.5,8.5,0
1720,2018-11-26,8.5,8.5,8.5,8.5,0
1721,2018-11-27,8.5,8.5,8.5,8.5,0
1722,2018-11-28,8.5,8.5,8.5,8.5,0
1723,2018-11-29,8.5,8.5,8.5,8.5,0
1724,2018-11-30,8.5,8.5,8.5,8.5,0
1725,2018-12-03,8.5,8.5,8.5,8.5,0
1726,2018-12-04,8.5,8.5,8.5,8.5,0
1727,2018-12-05,8.5,8.5,8.5,8.5,0
1728,2018-12-06,10.0,10.0,10.0,10.0,100
1729,2018-12-07,10.0,10.0,10.0,10.0,0
1730,2018-12-10,10.0,10.0,10.0,10.0,0
1731,2018-12-11,10.0,10.0,10.0,10.0,0
1732,2018-12-12,10.0,10.0,10.0,10.0,0
1733,2018-12-13,10.0,10.0,10.0,10.0,0
1734,2018-12-14,10.0,10.0,10.0,10.0,0
1735,2018-12-17,10.0,10.0,10.0,10.0,0
1736,2018-12-18,10.0,10.0,10.0,10.0,0
1737,2018-12-19,10.0,10.0,10.0,10.0,0
1738,2018-12-20,10.0,10.0,10.0,10.0,0
1739,2018-12-21,10.0,10.0,10.0,10.0,0
1740,2018-12-24,10.0,10.0,10.0,10.0,0
1741,2018-12-25,10.0,10.0,10.0,10.0,0
1742,2018-12-26,10.0,10.0,10.0,10.0,0
1743,2018-12-27,10.0,10.0,10.0,10.0,0
1744,2018-12-28,10.0,10.0,10.0,10.0,0
1745,2019-01-02,10.0,10.0,10.0,10.0,0
1746,2019-01-03,10.0,10.0,10.0,10.0,0
1747,2019-01-04,10.0,10.0,10.0,10.0,0
1748,2019-01-07,10.0,10.0,10.0,10.0,0
1749,2019-01-08,10.0,10.0,10.0,10.0,0
1750,2019-01-09,10.0,10.0,10.0,10.0,0
1751,2019-01-10,10.0,10.0,10.0,10.0,0
1752,2019-01-11,10.0,10.0,10.0,10.0,0
1753,2019-01-14,10.0,10.0,10.0,10.0,0
1754,2019-01-15,10.0,10.0,10.0,10.0,0
1755,2019-01-16,14.0,14.0,14.0,14.0,200
1756,2019-01-17,14.0,14.0,14.0,14.0,0
1757,2019-01-18,14.0,14.0,14.0,14.0,0
1758,2019-01-21,14.0,14.0,14.0,14.0,0
1759,2019-01-22,14.0,14.0,14.0,14.0,0
1760,2019-01-23,14.0,14.0,14.0,14.0,0
1761,2019-01-24,14.0,14.0,14.0,14.0,0
1762,2019-01-25,14.0,14.0,14.0,14.0,0
1763,2019-01-28,14.0,14.0,14.0,14.0,0
1764,2019-01-29,14.0,14.0,14.0,14.0,0
1765,2019-01-30,14.0,14.0,14.0,14.0,0
1766,2019-01-31,14.0,14.0,14.0,14.0,0
1767,2019-02-01,14.0,14.0,14.0,14.0,0
1768,2019-02-11,14.0,14.0,14.0,14.0,0
1769,2019-02-12,14.0,14.0,14.0,14.0,0
1770,2019-02-13,14.0,14.0,14.0,14.0,0
1771,2019-02-14,14.0,14.0,14.0,14.0,0
1772,2019-02-15,14.0,14.0,14.0,14.0,0
1773,2019-02-18,14.0,14.0,14.0,14.0,0
1774,2019-02-19,14.0,14.0,14.0,14.0,0
1775,2019-02-20,14.0,14.0,14.0,14.0,0
1776,2019-02-21,14.0,14.0,14.0,14.0,0
1777,2019-02-22,14.0,14.0,14.0,14.0,0
1778,2019-02-25,14.0,14.0,14.0,14.0,0
1779,2019-02-26,14.0,14.0,14.0,14.0,0
1780,2019-02-27,14.0,14.0,14.0,14.0,0
1781,2019-02-28,14.0,14.0,14.0,14.0,0
1782,2019-03-01,14.0,14.0,14.0,14.0,0
1783,2019-03-04,14.0,14.0,14.0,14.0,0
1784,2019-03-05,14.0,14.0,14.0,14.0,0
1785,2019-03-06,14.0,14.0,14.0,14.0,0
1786,2019-03-07,14.0,14.0,14.0,14.0,0
1787,2019-03-08,14.0,14.0,14.0,14.0,0
1788,2019-03-11,14.0,14.0,14.0,14.0,0
1789,2019-03-12,14.0,14.0,14.0,14.0,0
1790,2019-03-13,14.0,14.0,14.0,14.0,0
1791,2019-03-14,14.0,14.0,14.0,14.0,0
1792,2019-03-15,14.0,14.0,14.0,14.0,0
1793,2019-03-18,14.0,14.0,14.0,14.0,0
1794,2019-03-19,14.0,14.0,14.0,14.0,0
1795,2019-03-20,14.0,14.0,14.0,14.0,0
1796,2019-03-21,14.0,14.0,14.0,14.0,0
1797,2019-03-22,14.0,14.0,14.0,14.0,0
1798,2019-03-25,14.0,14.0,14.0,14.0,0
1799,2019-03-26,14.0,14.0,14.0,14.0,0
1800,2019-03-27,14.0,14.0,14.0,14.0,0
1801,2019-03-28,14.0,14.0,14.0,14.0,0
1802,2019-03-29,14.0,14.0,14.0,14.0,0
1803,2019-04-01,14.0,14.0,14.0,14.0,0
1804,2019-04-02,14.0,14.0,14.0,14.0,0
1805,2019-04-03,14.0,14.0,14.0,14.0,0
1806,2019-04-04,14.0,14.0,14.0,14.0,0
1807,2019-04-05,14.0,14.0,14.0,14.0,0
1808,2019-04-08,14.0,14.0,14.0,14.0,0
1809,2019-04-09,14.0,14.0,14.0,14.0,0
1810,2019-04-10,14.0,14.0,14.0,14.0,0
1811,2019-04-11,14.0,14.0,14.0,14.0,0
1812,2019-04-12,14.0,14.0,14.0,14.0,0
1813,2019-04-16,14.0,14.0,14.0,14.0,0
1814,2019-04-17,14.0,14.0,14.0,14.0,0
1815,2019-04-18,14.0,14.0,14.0,14.0,0
1816,2019-04-19,14.0,14.0,14.0,14.0,0
1817,2019-04-22,14.0,14.0,14.0,14.0,0
1818,2019-04-23,14.0,14.0,14.0,14.0,0
1819,2019-04-24,14.0,14.0,14.0,14.0,0
1820,2019-04-25,14.0,14.0,14.0,14.0,0
1821,2019-04-26,14.0,14.0,14.0,14.0,0
1822,2019-05-02,14.0,14.0,14.0,14.0,0
1823,2019-05-03,14.0,14.0,14.0,14.0,0
1824,2019-05-06,14.0,14.0,14.0,14.0,0
1825,2019-05-07,14.0,14.0,14.0,14.0,0
1826,2019-05-08,14.0,14.0,14.0,14.0,0
1827,2019-05-09,14.0,14.0,14.0,14.0,0
1828,2019-05-10,14.0,14.0,14.0,14.0,0
1829,2019-05-13,14.0,14.0,14.0,14.0,0
1830,2019-05-14,14.0,14.0,14.0,14.0,0
1831,2019-05-15,14.0,14.0,14.0,14.0,0
1832,2019-05-16,14.0,14.0,14.0,14.0,0
1833,2019-05-17,14.0,14.0,14.0,14.0,0
1834,2019-05-20,14.0,14.0,14.0,14.0,0
1835,2019-05-21,14.0,14.0,14.0,14.0,0
1836,2019-05-22,14.0,14.0,14.0,14.0,0
1837,2019-05-23,14.0,14.0,14.0,14.0,0
1838,2019-05-24,14.0,14.0,14.0,14.0,0
1839,2019-05-27,14.0,14.0,14.0,14.0,0
1840,2019-05-28,14.0,14.0,14.0,14.0,0
1841,2019-05-29,14.0,14.0,14.0,14.0,0
1842,2019-05-30,14.0,14.0,14.0,14.0,0
1843,2019-05-31,14.0,14.0,14.0,14.0,0
1844,2019-06-03,14.0,14.0,14.0,14.0,0
1845,2019-06-04,14.0,14.0,14.0,14.0,0
1846,2019-06-05,14.0,14.0,14.0,14.0,0
1847,2019-06-06,14.0,14.0,14.0,14.0,0
1848,2019-06-07,14.0,14.0,14.0,14.0,0
1849,2019-06-10,14.0,14.0,14.0,14.0,0
1850,2019-06-11,14.0,14.0,14.0,14.0,0
1851,2019-06-12,14.0,14.0,14.0,14.0,0
1852,2019-06-13,14.0,14.0,14.0,14.0,0
1853,2019-06-14,14.0,14.0,14.0,14.0,0
1854,2019-06-17,14.0,14.0,14.0,14.0,0
1855,2019-06-18,14.0,14.0,14.0,14.0,0
1856,2019-06-19,14.0,14.0,14.0,14.0,0
1857,2019-06-20,14.0,14.0,14.0,14.0,0
1858,2019-06-21,14.0,14.0,14.0,14.0,0
1859,2019-06-24,14.0,14.0,14.0,14.0,0
1860,2019-06-25,14.0,14.0,14.0,14.0,0
1861,2019-06-26,14.0,14.0,14.0,14.0,0
1862,2019-06-27,14.0,14.0,14.0,14.0,0
1863,2019-06-28,14.0,14.0,14.0,14.0,0
1864,2019-07-01,14.0,14.0,14.0,14.0,0
1865,2019-07-02,14.0,14.0,14.0,14.0,0
1866,2019-07-03,14.0,14.0,14.0,14.0,0
1867,2019-07-04,14.0,14.0,14.0,14.0,0
1868,2019-07-05,14.0,14.0,14.0,14.0,0
1869,2019-07-08,14.0,14.0,14.0,14.0,0
1870,2019-07-09,14.0,14.0,14.0,14.0,0
1871,2019-07-10,14.0,14.0,14.0,14.0,0
1872,2019-07-11,14.0,14.0,14.0,14.0,0
1873,2019-07-12,14.0,14.0,14.0,14.0,0
1874,2019-07-15,14.0,14.0,14.0,14.0,0
1875,2019-07-16,14.0,14.0,14.0,14.0,0
1876,2019-07-17,14.0,14.0,14.0,14.0,0
1877,2019-07-18,14.0,14.0,14.0,14.0,0
1878,2019-07-19,14.0,14.0,14.0,14.0,0
1879,2019-07-22,14.0,14.0,14.0,14.0,0
1880,2019-07-23,14.0,14.0,14.0,14.0,0
1881,2019-07-24,14.0,14.0,14.0,14.0,0
1882,2019-07-25,14.0,14.0,14.0,14.0,0
1883,2019-07-26,14.0,14.0,14.0,14.0,0
1884,2019-07-29,14.0,14.0,14.0,14.0,0
1885,2019-07-30,14.0,14.0,14.0,14.0,0
1886,2019-07-31,14.0,14.0,14.0,14.0,0
1887,2019-08-01,14.0,14.0,14.0,14.0,0
1888,2019-08-02,14.0,14.0,14.0,14.0,0
1889,2019-08-05,14.0,14.0,14.0,14.0,0
1890,2019-08-06,14.0,14.0,14.0,14.0,0
1891,2019-08-07,14.0,14.0,14.0,14.0,0
1892,2019-08-08,14.0,14.0,14.0,14.0,0
1893,2019-08-09,14.0,14.0,14.0,14.0,0
1894,2019-08-12,14.0,14.0,14.0,14.0,0
1895,2019-08-13,14.0,14.0,14.0,14.0,0
1896,2019-08-14,14.0,14.0,14.0,14.0,0
1897,2019-08-15,14.0,14.0,14.0,14.0,0
1898,2019-08-16,14.0,14.0,14.0,14.0,0
1899,2019-08-19,14.0,14.0,14.0,14.0,0
1900,2019-08-20,14.0,14.0,14.0,14.0,0
1901,2019-08-21,14.0,14.0,14.0,14.0,0
1902,2019-08-22,14.0,14.0,14.0,14.0,0
1903,2019-08-23,14.0,14.0,14.0,14.0,0
1904,2019-08-26,14.0,14.0,14.0,14.0,0
1905,2019-08-27,14.0,14.0,14.0,14.0,0
1906,2019-08-28,14.0,14.0,14.0,14.0,0
1907,2019-08-29,14.0,14.0,14.0,14.0,0
1908,2019-08-30,14.0,14.0,14.0,14.0,0
1909,2019-09-03,14.0,14.0,14.0,14.0,0
1910,2019-09-04,14.0,14.0,14.0,14.0,0
1911,2019-09-05,14.0,14.0,14.0,14.0,0
1912,2019-09-06,14.0,14.0,14.0,14.0,0
1913,2019-09-09,14.0,14.0,14.0,14.0,0
1914,2019-09-10,14.0,14.0,14.0,14.0,0
1915,2019-09-11,14.0,14.0,14.0,14.0,0
1916,2019-09-12,14.0,14.0,14.0,14.0,0
1917,2019-09-13,14.0,14.0,14.0,14.0,0
1918,2019-09-16,14.0,14.0,14.0,14.0,0
1919,2019-09-17,14.0,14.0,14.0,14.0,0
1920,2019-09-18,14.0,14.0,14.0,14.0,0
1921,2019-09-19,14.0,14.0,14.0,14.0,0
1922,2019-09-20,14.0,14.0,14.0,14.0,0
1923,2019-09-23,14.0,14.0,14.0,14.0,0
1924,2019-09-24,14.0,14.0,14.0,14.0,0
1925,2019-09-25,14.0,14.0,14.0,14.0,0
1926,2019-09-26,14.0,14.0,14.0,14.0,0
1927,2019-09-27,14.0,14.0,14.0,14.0,0
1928,2019-09-30,14.0,14.0,14.0,14.0,0
1929,2019-10-01,14.0,14.0,14.0,14.0,0
1930,2019-10-02,14.0,14.0,14.0,14.0,0
1931,2019-10-03,14.0,14.0,14.0,14.0,0
1932,2019-10-04,14.0,14.0,14.0,14.0,0
1933,2019-10-07,14.0,14.0,14.0,14.0,0
1934,2019-10-08,14.0,14.0,14.0,14.0,0
1935,2019-10-09,14.0,14.0,14.0,14.0,0
1936,2019-10-10,14.0,14.0,14.0,14.0,0
1937,2019-10-11,14.0,14.0,14.0,14.0,0
1938,2019-10-14,14.0,14.0,14.0,14.0,0
1939,2019-10-15,14.0,14.0,14.0,14.0,0
1940,2019-10-16,14.0,14.0,14.0,14.0,0
1941,2019-10-17,14.0,14.0,14.0,14.0,0
1942,2019-10-18,14.0,14.0,14.0,14.0,0
1943,2019-10-21,14.0,14.0,14.0,14.0,0
1944,2019-10-22,14.0,14.0,14.0,14.0,0
1945,2019-10-23,14.0,14.0,14.0,14.0,0
1946,2019-10-24,14.0,14.0,14.0,14.0,0
1947,2019-10-25,14.0,14.0,14.0,14.0,0
1948,2019-10-28,14.0,14.0,14.0,14.0,0
1949,2019-10-29,14.0,14.0,14.0,14.0,0
1950,2019-10-30,14.0,14.0,14.0,14.0,0
1951,2019-10-31,14.0,14.0,14.0,14.0,0
1952,2019-11-01,14.0,14.0,14.0,14.0,0
1953,2019-11-04,14.0,14.0,14.0,14.0,0
1954,2019-11-05,14.0,14.0,14.0,14.0,0
1955,2019-11-06,14.0,14.0,14.0,14.0,0
1956,2019-11-07,14.0,14.0,14.0,14.0,0
1957,2019-11-08,14.0,14.0,14.0,14.0,0
1958,2019-11-11,14.0,14.0,14.0,14.0,0
1959,2019-11-12,14.0,14.0,14.0,14.0,0
1960,2019-11-13,14.0,14.0,14.0,14.0,0
1961,2019-11-14,14.0,14.0,14.0,14.0,0
1962,2019-11-15,14.0,14.0,14.0,14.0,0
1963,2019-11-18,14.0,14.0,14.0,14.0,0
1964,2019-11-19,14.0,14.0,14.0,14.0,0
1965,2019-11-20,14.0,14.0,14.0,14.0,0
1966,2019-11-21,14.0,14.0,14.0,14.0,0
1967,2019-11-22,14.0,14.0,14.0,14.0,0
1968,2019-11-25,14.0,14.0,14.0,14.0,0
1969,2019-11-26,14.0,14.0,14.0,14.0,0
1970,2019-11-27,14.0,14.0,14.0,14.0,0
1971,2019-11-28,14.0,14.0,14.0,14.0,0
1972,2019-11-29,14.0,14.0,14.0,14.0,0
1973,2019-12-02,14.0,14.0,14.0,14.0,0
1974,2019-12-03,14.0,14.0,14.0,14.0,0
1975,2019-12-04,14.0,14.0,14.0,14.0,0
1976,2019-12-05,14.0,14.0,14.0,14.0,0
1977,2019-12-06,14.0,14.0,14.0,14.0,0
1978,2019-12-09,14.0,14.0,14.0,14.0,0
1979,2019-12-10,14.0,14.0,14.0,14.0,0
1980,2019-12-11,14.0,14.0,14.0,14.0,0
1981,2019-12-12,14.0,14.0,14.0,14.0,0
1982,2019-12-13,14.0,14.0,14.0,14.0,0
1983,2019-12-16,14.0,14.0,14.0,14.0,0
1984,2019-12-17,14.0,14.0,14.0,14.0,0
1985,2019-12-18,14.0,14.0,14.0,14.0,0
1986,2019-12-19,14.0,14.0,14.0,14.0,0
1987,2019-12-20,14.0,14.0,14.0,14.0,0
1988,2019-12-23,14.0,14.0,14.0,14.0,0
1989,2019-12-24,14.0,14.0,14.0,14.0,0
1990,2019-12-25,14.0,14.0,14.0,14.0,0
1991,2019-12-26,14.0,14.0,14.0,14.0,0
1992,2019-12-27,14.0,14.0,14.0,14.0,0
1993,2019-12-30,14.0,14.0,14.0,14.0,0
1994,2019-12-31,14.0,14.0,14.0,14.0,0
1995,2020-01-02,14.0,14.0,14.0,14.0,0
1996,2020-01-03,14.0,14.0,14.0,14.0,0
1997,2020-01-06,14.0,14.0,14.0,14.0,0
1998,2020-01-07,14.0,14.0,14.0,14.0,0
1999,2020-01-08,14.0,14.0,14.0,14.0,0
2000,2020-01-09,14.0,14.0,14.0,14.0,0
2001,2020-01-10,14.0,14.0,14.0,14.0,0
2002,2020-01-13,14.0,14.0,14.0,14.0,0
2003,2020-01-14,14.0,14.0,14.0,14.0,0
2004,2020-01-15,14.0,14.0,14.0,14.0,0
2005,2020-01-16,14.0,14.0,14.0,14.0,0
2006,2020-01-17,14.0,14.0,14.0,14.0,0
2007,2020-01-20,14.0,14.0,14.0,14.0,0
2008,2020-01-21,14.0,14.0,14.0,14.0,0
2009,2020-01-22,14.0,14.0,14.0,14.0,0
2010,2020-01-30,14.0,14.0,14.0,14.0,0
2011,2020-01-31,14.0,14.0,14.0,14.0,0
2012,2020-02-03,14.0,14.0,14.0,14.0,0
2013,2020-02-04,14.0,14.0,14.0,14.0,0
2014,2020-02-05,14.0,14.0,14.0,14.0,0
2015,2020-02-06,14.0,14.0,14.0,14.0,0
2016,2020-02-07,14.0,14.0,14.0,14.0,0
2017,2020-02-10,14.0,14.0,14.0,14.0,0
2018,2020-02-11,14.0,14.0,14.0,14.0,0
2019,2020-02-12,14.0,14.0,14.0,14.0,0
2020,2020-02-13,14.0,14.0,14.0,14.0,0
2021,2020-02-14,14.0,14.0,14.0,14.0,0
2022,2020-02-17,14.0,14.0,14.0,14.0,0
2023,2020-02-18,14.0,14.0,14.0,14.0,0
2024,2020-02-19,14.0,14.0,14.0,14.0,0
2025,2020-02-20,14.0,14.0,14.0,14.0,0
2026,2020-02-21,14.0,14.0,14.0,14.0,0
2027,2020-02-24,14.0,14.0,14.0,14.0,0
2028,2020-02-25,14.0,14.0,14.0,14.0,0
2029,2020-02-26,14.0,14.0,14.0,14.0,0
2030,2020-02-27,14.0,14.0,14.0,14.0,0
2031,2020-02-28,14.0,14.0,14.0,14.0,0
2032,2020-03-02,14.0,14.0,14.0,14.0,0
2033,2020-03-03,14.0,14.0,14.0,14.0,0
2034,2020-03-04,14.0,14.0,14.0,14.0,0
2035,2020-03-05,14.0,14.0,14.0,14.0,0
2036,2020-03-06,14.0,14.0,14.0,14.0,0
2037,2020-03-09,14.0,14.0,14.0,14.0,0
2038,2020-03-10,14.0,14.0,14.0,14.0,0
2039,2020-03-11,14.0,14.0,14.0,14.0,0
2040,2020-03-12,14.0,14.0,14.0,14.0,0
2041,2020-03-13,14.0,14.0,14.0,14.0,0
2042,2020-03-16,14.0,14.0,14.0,14.0,0
2043,2020-03-17,14.0,14.0,14.0,14.0,0
2044,2020-03-18,14.0,14.0,14.0,14.0,0
2045,2020-03-19,14.0,14.0,14.0,14.0,0
2046,2020-03-20,14.0,14.0,14.0,14.0,0
2047,2020-03-23,14.0,14.0,14.0,14.0,0
2048,2020-03-24,14.0,14.0,14.0,14.0,0
2049,2020-03-25,14.0,14.0,14.0,14.0,0
2050,2020-03-26,14.0,14.0,14.0,14.0,0
2051,2020-03-27,14.0,14.0,14.0,14.0,0
2052,2020-03-30,14.0,14.0,14.0,14.0,0
2053,2020-03-31,14.0,14.0,14.0,14.0,0
2054,2020-04-01,14.0,14.0,14.0,14.0,0
2055,2020-04-03,14.0,14.0,14.0,14.0,0
2056,2020-04-06,14.0,14.0,14.0,14.0,0
2057,2020-04-07,14.0,14.0,14.0,14.0,0
2058,2020-04-08,14.0,14.0,14.0,14.0,0
2059,2020-04-09,14.0,14.0,14.0,14.0,0
2060,2020-04-10,14.0,14.0,14.0,14.0,0
2061,2020-04-13,14.0,14.0,14.0,14.0,0
2062,2020-04-14,14.0,14.0,14.0,14.0,0
2063,2020-04-15,14.0,14.0,14.0,14.0,0
2064,2020-04-16,14.0,14.0,14.0,14.0,0
2065,2020-04-17,14.0,14.0,14.0,14.0,0
2066,2020-04-20,14.0,14.0,14.0,14.0,0
2067,2020-04-21,14.0,14.0,14.0,14.0,0
2068,2020-04-22,14.0,14.0,14.0,14.0,0
2069,2020-04-23,14.0,14.0,14.0,14.0,0
2070,2020-04-24,14.0,14.0,14.0,14.0,0
2071,2020-04-27,14.0,14.0,14.0,14.0,0
2072,2020-04-28,19.6,19.6,19.6,19.6,500
2073,2020-04-29,19.6,19.6,19.6,19.6,0
2074,2020-05-04,19.6,19.6,19.6,19.6,23
2075,2020-05-05,19.6,19.6,19.6,19.6,0
2076,2020-05-06,22.5,22.5,22.5,22.5,400
2077,2020-05-07,22.5,22.5,22.5,22.5,61
2078,2020-05-08,25.8,25.8,25.8,25.8,167
2079,2020-05-11,25.8,25.8,25.8,25.8,0
2080,2020-05-12,25.8,25.8,25.8,25.8,0
2081,2020-05-13,25.8,25.8,25.8,25.8,0
2082,2020-05-14,25.8,25.8,25.8,25.8,0
2083,2020-05-15,25.8,25.8,25.8,25.8,0
2084,2020-05-18,25.8,25.8,25.8,25.8,0
2085,2020-05-19,26.5,26.5,26.5,26.5,100
2086,2020-05-20,26.5,26.5,26.5,26.5,0
2087,2020-05-21,26.5,26.5,26.5,26.5,0
2088,2020-05-22,26.5,26.5,26.5,26.5,0
2089,2020-05-25,26.5,26.5,26.5,26.5,0
2090,2020-05-26,26.5,26.5,26.5,26.5,0
2091,2020-05-27,26.5,26.5,26.5,26.5,0
2092,2020-05-28,26.5,26.5,26.5,26.5,0
2093,2020-05-29,26.5,26.5,26.5,26.5,0
2094,2020-06-01,26.5,26.5,26.5,26.5,0
2095,2020-06-02,26.5,26.5,26.5,26.5,0
2096,2020-06-03,26.5,26.5,26.5,26.5,0
2097,2020-06-04,26.5,26.5,26.5,26.5,0
2098,2020-06-05,26.5,26.5,26.5,26.5,0
2099,2020-06-08,26.5,26.5,26.5,26.5,0
2100,2020-06-09,26.5,26.5,26.5,26.5,0
2101,2020-06-10,26.5,26.5,26.5,26.5,0
2102,2020-06-11,26.5,26.5,26.5,26.5,0
2103,2020-06-12,26.5,26.5,26.5,26.5,0
2104,2020-06-15,26.5,26.5,26.5,26.5,0
2105,2020-06-16,26.5,26.5,26.5,26.5,0
2106,2020-06-17,26.5,26.5,26.5,26.5,0
2107,2020-06-18,26.5,26.5,26.5,26.5,0
2108,2020-06-19,26.5,26.5,26.5,26.5,0
2109,2020-06-22,26.5,26.5,26.5,26.5,0
2110,2020-06-23,26.5,26.5,26.5,26.5,0
2111,2020-06-24,26.5,26.5,26.5,26.5,0
2112,2020-06-25,26.5,26.5,26.5,26.5,0
2113,2020-06-26,26.5,26.5,26.5,26.5,0
2114,2020-06-29,26.5,26.5,26.5,26.5,0
2115,2020-06-30,26.5,26.5,26.5,26.5,0
2116,2020-07-01,26.5,26.5,26.5,26.5,0
2117,2020-07-02,26.5,26.5,26.5,26.5,0
2118,2020-07-03,26.5,26.5,26.5,26.5,0
2119,2020-07-06,26.5,26.5,26.5,26.5,0
2120,2020-07-07,26.5,26.5,26.5,26.5,0
2121,2020-07-08,26.5,26.5,26.5,26.5,0
2122,2020-07-09,26.5,26.5,26.5,26.5,0
2123,2020-07-10,26.5,26.5,26.5,26.5,0
2124,2020-07-13,26.5,26.5,26.5,26.5,0
2125,2020-07-14,26.5,26.5,26.5,26.5,0
2126,2020-07-15,26.5,26.5,26.5,26.5,0
2127,2020-07-16,26.5,26.5,26.5,26.5,0
2128,2020-07-17,26.5,26.5,26.5,26.5,0
2129,2020-07-20,26.5,26.5,26.5,26.5,0
2130,2020-07-21,26.5,26.5,26.5,26.5,0
2131,2020-07-22,26.5,26.5,26.5,26.5,0
2132,2020-07-23,26.5,26.5,26.5,26.5,0
2133,2020-07-24,26.5,26.5,26.5,26.5,0
2134,2020-07-27,26.5,26.5,26.5,26.5,0
2135,2020-07-28,26.5,26.5,26.5,26.5,0
2136,2020-07-29,26.5,26.5,26.5,26.5,0
2137,2020-07-30,26.5,26.5,26.5,26.5,0
2138,2020-07-31,26.5,26.5,26.5,26.5,0
2139,2020-08-03,26.5,26.5,26.5,26.5,0
2140,2020-08-04,26.5,26.5,26.5,26.5,0
2141,2020-08-05,26.5,26.5,26.5,26.5,0
2142,2020-08-06,26.5,26.5,26.5,26.5,0
2143,2020-08-07,26.5,26.5,26.5,26.5,0
2144,2020-08-10,26.5,26.5,26.5,26.5,0
2145,2020-08-11,26.5,26.5,26.5,26.5,0
2146,2020-08-12,26.5,26.5,26.5,26.5,0
2147,2020-08-13,26.5,26.5,26.5,26.5,0
2148,2020-08-14,26.5,26.5,26.5,26.5,0
2149,2020-08-17,26.5,26.5,26.5,26.5,0
2150,2020-08-18,26.5,26.5,26.5,26.5,0
2151,2020-08-19,26.5,26.5,26.5,26.5,0
2152,2020-08-20,26.5,26.5,26.5,26.5,0
2153,2020-08-21,26.5,26.5,26.5,26.5,0
2154,2020-08-24,26.5,26.5,26.5,26.5,0
2155,2020-08-25,26.5,26.5,26.5,26.5,0
2156,2020-08-26,26.5,26.5,26.5,26.5,0
2157,2020-08-27,26.5,26.5,26.5,26.5,0
2158,2020-08-28,26.5,26.5,26.5,26.5,0
2159,2020-08-31,26.5,26.5,26.5,26.5,0
2160,2020-09-01,26.5,26.5,26.5,26.5,0
2161,2020-09-03,26.5,26.5,26.5,26.5,0
2162,2020-09-04,26.5,26.5,26.5,26.5,0
2163,2020-09-07,26.5,26.5,26.5,26.5,0
2164,2020-09-08,26.5,26.5,26.5,26.5,0
2165,2020-09-09,26.5,26.5,26.5,26.5,0
2166,2020-09-10,26.5,26.5,26.5,26.5,0
2167,2020-09-11,26.5,26.5,26.5,26.5,0
2168,2020-09-14,26.5,26.5,26.5,26.5,0
2169,2020-09-15,26.5,26.5,26.5,26.5,0
2170,2020-09-16,26.5,26.5,26.5,26.5,0
2171,2020-09-17,26.5,26.5,26.5,26.5,0
2172,2020-09-18,26.5,26.5,26.5,26.5,0
2173,2020-09-21,26.5,26.5,26.5,26.5,0
2174,2020-09-22,26.5,26.5,26.5,26.5,0
2175,2020-09-23,26.5,26.5,26.5,26.5,0
2176,2020-09-24,26.5,26.5,26.5,26.5,0
2177,2020-09-25,26.5,26.5,26.5,26.5,0
2178,2020-09-28,26.5,26.5,26.5,26.5,0
2179,2020-09-29,26.5,26.5,26.5,26.5,0
2180,2020-09-30,26.5,26.5,26.5,26.5,0
2181,2020-10-01,26.5,26.5,26.5,26.5,0
2182,2020-10-02,26.5,26.5,26.5,26.5,0
2183,2020-10-05,26.5,26.5,26.5,26.5,0
2184,2020-10-06,26.5,26.5,26.5,26.5,0
2185,2020-10-07,26.5,26.5,26.5,26.5,0
2186,2020-10-08,26.5,26.5,26.5,26.5,0
2187,2020-10-09,26.5,26.5,26.5,26.5,0
2188,2020-10-12,26.5,26.5,26.5,26.5,0
2189,2020-10-13,26.5,26.5,26.5,26.5,0
2190,2020-10-14,26.5,26.5,26.5,26.5,0
2191,2020-10-15,26.5,26.5,26.5,26.5,0
2192,2020-10-16,26.5,26.5,26.5,26.5,0
2193,2020-10-19,26.5,26.5,26.5,26.5,0
2194,2020-10-20,26.5,26.5,26.5,26.5,0
2195,2020-10-21,26.5,26.5,26.5,26.5,0
2196,2020-10-22,26.5,26.5,26.5,26.5,0
2197,2020-10-23,26.5,26.5,26.5,26.5,0
2198,2020-10-26,26.5,26.5,26.5,26.5,0
2199,2020-10-27,26.5,26.5,26.5,26.5,0
2200,2020-10-28,26.5,26.5,26.5,26.5,0
2201,2020-10-29,26.5,26.5,26.5,26.5,0
2202,2020-10-30,26.5,26.5,26.5,26.5,0
2203,2020-11-02,26.5,26.5,26.5,26.5,0
2204,2020-11-03,26.5,26.5,26.5,26.5,0
2205,2020-11-04,26.5,26.5,26.5,26.5,0
2206,2020-11-05,26.5,26.5,26.5,26.5,0
2207,2020-11-06,26.5,26.5,26.5,26.5,0
2208,2020-11-09,26.5,26.5,26.5,26.5,0
2209,2020-11-10,26.5,26.5,26.5,26.5,0
2210,2020-11-11,26.5,26.5,26.5,26.5,0
2211,2020-11-12,26.5,26.5,26.5,26.5,0
2212,2020-11-13,26.5,26.5,26.5,26.5,0
2213,2020-11-16,26.5,26.5,26.5,26.5,0
2214,2020-11-17,26.5,26.5,26.5,26.5,0
2215,2020-11-18,26.5,26.5,26.5,26.5,0
2216,2020-11-19,26.5,26.5,26.5,26.5,0
2217,2020-11-20,26.5,26.5,26.5,26.5,0
2218,2020-11-23,26.5,26.5,26.5,26.5,0
2219,2020-11-24,26.5,26.5,26.5,26.5,0
2220,2020-11-25,26.5,26.5,26.5,26.5,0
2221,2020-11-26,26.5,26.5,26.5,26.5,0
2222,2020-11-27,26.5,26.5,26.5,26.5,0
2223,2020-11-30,26.5,26.5,26.5,26.5,0
2224,2020-12-01,26.5,26.5,26.5,26.5,0
2225,2020-12-02,26.5,26.5,26.5,26.5,0
2226,2020-12-03,26.5,26.5,26.5,26.5,0
2227,2020-12-04,26.5,26.5,26.5,26.5,0
2228,2020-12-07,26.5,26.5,26.5,26.5,0
2229,2020-12-08,26.5,26.5,26.5,26.5,0
2230,2020-12-09,26.5,26.5,26.5,26.5,0
2231,2020-12-10,26.5,26.5,26.5,26.5,0
2232,2020-12-11,26.5,26.5,26.5,26.5,0
2233,2020-12-14,26.5,26.5,26.5,26.5,0
2234,2020-12-15,26.5,26.5,26.5,26.5,0
2235,2020-12-16,26.5,26.5,26.5,26.5,0
2236,2020-12-17,26.5,26.5,26.5,26.5,0
2237,2020-12-18,26.5,26.5,26.5,26.5,0
2238,2020-12-21,26.5,26.5,26.5,26.5,0
2239,2020-12-22,26.5,26.5,26.5,26.5,0
2240,2020-12-23,26.5,26.5,26.5,26.5,0
2241,2020-12-24,26.5,26.5,26.5,26.5,0
2242,2020-12-25,17.0,17.0,17.0,17.0,700
2243,2020-12-28,17.0,17.0,17.0,17.0,0
2244,2020-12-29,17.0,17.0,17.0,17.0,0
2245,2020-12-30,17.0,17.0,17.0,17.0,0
2246,2020-12-31,17.0,17.0,17.0,17.0,0
2247,2021-01-04,17.0,17.0,17.0,17.0,0
2248,2021-01-05,17.0,17.0,17.0,17.0,0
2249,2021-01-06,17.0,17.0,17.0,17.0,0
2250,2021-01-07,17.0,17.0,17.0,17.0,0
2251,2021-01-08,17.0,17.0,17.0,17.0,0
2252,2021-01-11,17.0,17.0,17.0,17.0,0
2253,2021-01-12,17.0,17.0,17.0,17.0,0
2254,2021-01-13,17.0,17.0,17.0,17.0,0
2255,2021-01-14,17.0,17.0,17.0,17.0,0
2256,2021-01-15,17.0,17.0,17.0,17.0,0
2257,2021-01-18,17.0,17.0,17.0,17.0,0
2258,2021-01-19,17.0,17.0,17.0,17.0,0
2259,2021-01-20,17.0,17.0,17.0,17.0,0
2260,2021-01-21,17.0,17.0,17.0,17.0,0
2261,2021-01-22,17.0,17.0,17.0,17.0,0
2262,2021-01-25,17.0,17.0,17.0,17.0,0
2263,2021-01-26,17.0,17.0,17.0,17.0,0
2264,2021-01-27,17.0,17.0,17.0,17.0,0
2265,2021-01-28,17.0,17.0,17.0,17.0,0
2266,2021-01-29,17.0,17.0,17.0,17.0,0
2267,2021-02-01,17.0,17.0,17.0,17.0,0
2268,2021-02-02,17.0,17.0,17.0,17.0,0
2269,2021-02-03,17.0,17.0,17.0,17.0,0
2270,2021-02-04,17.0,17.0,17.0,17.0,0
2271,2021-02-05,17.0,17.0,17.0,17.0,0
2272,2021-02-08,17.0,17.0,17.0,17.0,0
2273,2021-02-09,17.0,17.0,17.0,17.0,0
2274,2021-02-17,17.0,17.0,17.0,17.0,0
2275,2021-02-18,17.0,17.0,17.0,17.0,0
2276,2021-02-19,17.0,17.0,17.0,17.0,0
2277,2021-02-22,17.0,17.0,17.0,17.0,0
2278,2021-02-23,17.0,17.0,17.0,17.0,0
2279,2021-02-24,17.0,17.0,17.0,17.0,0
2280,2021-02-25,17.0,17.0,17.0,17.0,0
2281,2021-02-26,17.0,17.0,17.0,17.0,0
2282,2021-03-01,17.0,17.0,17.0,17.0,0
2283,2021-03-02,17.0,17.0,17.0,17.0,0
2284,2021-03-03,17.0,17.0,17.0,17.0,0
2285,2021-03-04,17.0,17.0,17.0,17.0,0
2286,2021-03-05,17.0,17.0,17.0,17.0,0
2287,2021-03-08,17.0,17.0,17.0,17.0,0
2288,2021-03-09,17.0,17.0,17.0,17.0,0
2289,2021-03-10,17.0,17.0,17.0,17.0,0
2290,2021-03-11,17.0,17.0,17.0,17.0,0
2291,2021-03-12,17.0,17.0,17.0,17.0,0
2292,2021-03-15,17.0,17.0,17.0,17.0,0
2293,2021-03-16,17.0,17.0,17.0,17.0,0
2294,2021-03-17,17.0,17.0,17.0,17.0,0
2295,2021-03-18,17.0,17.0,17.0,17.0,0
2296,2021-03-19,17.0,17.0,17.0,17.0,0
2297,2021-03-22,17.0,17.0,17.0,17.0,0
2298,2021-03-23,17.0,17.0,17.0,17.0,0
2299,2021-03-24,17.0,17.0,17.0,17.0,0
2300,2021-03-25,17.0,17.0,17.0,17.0,0
2301,2021-03-26,17.0,17.0,17.0,17.0,0
2302,2021-03-29,17.0,17.0,17.0,17.0,0
2303,2021-03-30,17.0,17.0,17.0,17.0,0
2304,2021-03-31,17.0,17.0,17.0,17.0,0
2305,2021-04-01,17.0,17.0,17.0,17.0,0
2306,2021-04-02,17.0,17.0,17.0,17.0,0
2307,2021-04-05,17.0,17.0,17.0,17.0,0
2308,2021-04-06,17.0,17.0,17.0,17.0,0
2309,2021-04-07,17.0,17.0,17.0,17.0,0
2310,2021-04-08,17.0,17.0,17.0,17.0,0
2311,2021-04-09,17.0,17.0,17.0,17.0,0
2312,2021-04-12,17.0,17.0,17.0,17.0,0
2313,2021-04-13,17.0,17.0,17.0,17.0,0
2314,2021-04-14,23.8,23.8,23.8,23.8,300
2315,2021-04-15,23.8,23.8,23.8,23.8,0
2316,2021-04-16,27.3,27.3,27.3,27.3,100
2317,2021-04-19,27.3,27.3,27.3,27.3,0
2318,2021-04-20,27.3,27.3,27.3,27.3,0
2319,2021-04-22,27.3,27.3,27.3,27.3,0
2320,2021-04-23,27.3,27.3,27.3,27.3,0
2321,2021-04-26,27.3,27.3,27.3,27.3,0
2322,2021-04-27,27.3,27.3,27.3,27.3,0
2323,2021-04-28,27.3,27.3,27.3,27.3,0
2324,2021-04-29,27.3,27.3,27.3,27.3,0
2325,2021-05-04,27.3,27.3,27.3,27.3,0
2326,2021-05-05,27.3,27.3,27.3,27.3,0
2327,2021-05-06,27.3,27.3,27.3,27.3,0
2328,2021-05-07,27.3,27.3,27.3,27.3,0
2329,2021-05-10,27.3,27.3,27.3,27.3,0
2330,2021-05-11,27.3,27.3,27.3,27.3,0
2331,2021-05-12,27.3,27.3,27.3,27.3,0
2332,2021-05-13,27.3,27.3,27.3,27.3,0
2333,2021-05-14,27.3,27.3,27.3,27.3,0
2334,2021-05-17,27.3,27.3,27.3,27.3,0
2335,2021-05-18,27.3,27.3,27.3,27.3,0
2336,2021-05-19,27.3,27.3,27.3,27.3,0
2337,2021-05-20,27.3,27.3,27.3,27.3,0
2338,2021-05-21,27.3,27.3,27.3,27.3,0
2339,2021-05-24,27.3,27.3,27.3,27.3,0
2340,2021-05-25,27.3,27.3,27.3,27.3,0
2341,2021-05-26,27.3,27.3,27.3,27.3,0
2342,2021-05-27,27.3,27.3,27.3,27.3,0
2343,2021-05-28,27.3,27.3,27.3,27.3,0
2344,2021-05-31,27.3,27.3,27.3,27.3,0
2345,2021-06-01,27.3,27.3,27.3,27.3,0
2346,2021-06-02,30.0,30.0,30.0,30.0,4000
2347,2021-06-03,30.0,30.0,30.0,30.0,201
2348,2021-06-04,30.0,30.0,30.0,30.0,11
2349,2021-06-07,34.5,34.5,34.5,34.5,200
2350,2021-06-08,34.5,34.5,34.5,34.5,0
2351,2021-06-09,34.5,34.5,34.5,34.5,33
2352,2021-06-10,34.5,34.5,34.5,34.5,0
2353,2021-06-11,34.5,34.5,34.5,34.5,0
2354,2021-06-14,34.5,34.5,34.5,34.5,0
2355,2021-06-15,34.5,34.5,34.5,34.5,0
2356,2021-06-16,34.5,34.5,34.5,34.5,0
2357,2021-06-17,34.5,34.5,34.5,34.5,0
2358,2021-06-18,34.5,34.5,34.5,34.5,0
2359,2021-06-21,34.5,34.5,34.5,34.5,0
2360,2021-06-22,34.5,34.5,34.5,34.5,0
2361,2021-06-23,34.5,34.5,34.5,34.5,0
2362,2021-06-24,34.5,34.5,34.5,34.5,0
2363,2021-06-25,34.5,34.5,34.5,34.5,0
2364,2021-06-28,34.5,34.5,34.5,34.5,0
2365,2021-06-29,34.5,34.5,34.5,34.5,0
2366,2021-06-30,34.5,34.5,34.5,34.5,64
2367,2021-07-01,34.5,34.5,34.5,34.5,0
2368,2021-07-02,34.5,34.5,34.5,34.5,0
2369,2021-07-05,34.5,34.5,34.5,34.5,0
2370,2021-07-06,34.5,34.5,34.5,34.5,0
2371,2021-07-07,34.5,34.5,34.5,34.5,45
2372,2021-07-08,34.5,34.5,34.5,34.5,0
2373,2021-07-09,34.5,34.5,34.5,34.5,0
2374,2021-07-12,34.5,34.5,34.5,34.5,0
2375,2021-07-13,34.5,34.5,34.5,34.5,0
2376,2021-07-14,34.5,34.5,34.5,34.5,0
2377,2021-07-15,34.5,34.5,34.5,34.5,0
2378,2021-07-16,34.5,34.5,34.5,34.5,0
2379,2021-07-19,34.5,34.5,34.5,34.5,0
2380,2021-07-20,34.5,34.5,34.5,34.5,0
2381,2021-07-21,34.5,34.5,34.5,34.5,0
2382,2021-07-22,34.5,34.5,34.5,34.5,0
2383,2021-07-23,34.5,34.5,34.5,34.5,0
2384,2021-07-26,34.5,34.5,34.5,34.5,0
2385,2021-07-27,34.5,34.5,34.5,34.5,0
2386,2021-07-28,34.5,34.5,34.5,34.5,0
2387,2021-07-29,34.5,34.5,34.5,34.5,0
2388,2021-07-30,34.5,34.5,34.5,34.5,0
2389,2021-08-02,34.5,34.5,34.5,34.5,0
2390,2021-08-03,34.5,34.5,34.5,34.5,0
2391,2021-08-04,34.5,34.5,34.5,34.5,0
2392,2021-08-05,34.5,34.5,34.5,34.5,0
2393,2021-08-06,34.5,34.5,34.5,34.5,0
2394,2021-08-09,34.5,34.5,34.5,34.5,0
2395,2021-08-10,34.5,34.5,34.5,34.5,0
2396,2021-08-11,34.5,34.5,34.5,34.5,0
2397,2021-08-12,34.5,34.5,34.5,34.5,0
2398,2021-08-13,34.5,34.5,34.5,34.5,0
2399,2021-08-16,34.5,34.5,34.5,34.5,0
2400,2021-08-17,34.5,34.5,34.5,34.5,0
2401,2021-08-18,34.5,34.5,34.5,34.5,0
2402,2021-08-19,34.5,34.5,34.5,34.5,0
2403,2021-08-20,34.5,34.5,34.5,34.5,0
2404,2021-08-23,34.5,34.5,34.5,34.5,0
2405,2021-08-24,34.5,34.5,34.5,34.5,0
2406,2021-08-25,34.5,34.5,34.5,34.5,0
2407,2021-08-26,34.5,34.5,34.5,34.5,0
2408,2021-08-27,34.5,34.5,34.5,34.5,0
2409,2021-08-30,34.5,34.5,34.5,34.5,0
2410,2021-08-31,34.5,34.5,34.5,34.5,0
2411,2021-09-01,34.5,34.5,34.5,34.5,0
2412,2021-09-06,34.5,34.5,34.5,34.5,0
2413,2021-09-07,34.5,34.5,34.5,34.5,0
2414,2021-09-08,34.5,34.5,34.5,34.5,0
2415,2021-09-09,34.5,34.5,34.5,34.5,0
2416,2021-09-10,34.5,34.5,34.5,34.5,0
2417,2021-09-13,34.5,34.5,34.5,34.5,0
2418,2021-09-14,34.5,34.5,34.5,34.5,0
2419,2021-09-15,34.5,34.5,34.5,34.5,0
2420,2021-09-16,34.5,34.5,34.5,34.5,0
2421,2021-09-17,34.5,34.5,34.5,34.5,0
2422,2021-09-20,34.5,34.5,34.5,34.5,0
2423,2021-09-21,34.5,34.5,34.5,34.5,0
2424,2021-09-22,34.5,34.5,34.5,34.5,0
2425,2021-09-23,34.5,34.5,34.5,34.5,0
2426,2021-09-24,48.3,48.3,48.3,48.3,200
2427,2021-09-27,48.3,48.3,48.3,48.3,0
2428,2021-09-28,48.3,48.3,48.3,48.3,0
2429,2021-09-29,48.3,48.3,48.3,48.3,0
2430,2021-09-30,48.3,48.3,48.3,48.3,6
2431,2021-10-01,48.3,48.3,48.3,48.3,0
2432,2021-10-04,48.3,48.3,48.3,48.3,0
2433,2021-10-05,48.3,48.3,48.3,48.3,0
2434,2021-10-06,48.3,48.3,48.3,48.3,0
2435,2021-10-07,41.1,41.1,41.1,41.1,100
2436,2021-10-08,41.1,41.1,41.1,41.1,0
2437,2021-10-11,41.1,41.1,41.1,41.1,0
2438,2021-10-12,41.1,41.1,41.1,41.1,0
2439,2021-10-13,41.1,41.1,41.1,41.1,0
2440,2021-10-14,41.1,41.1,41.1,41.1,0
2441,2021-10-15,41.1,41.1,41.1,41.1,0
2442,2021-10-18,41.1,41.1,41.1,41.1,0
2443,2021-10-19,41.1,41.1,41.1,41.1,0
2444,2021-10-20,41.1,41.1,41.1,41.1,0
2445,2021-10-21,41.1,41.1,41.1,41.1,0
2446,2021-10-22,35.0,35.0,35.0,35.0,100
2447,2021-10-25,35.0,35.0,35.0,35.0,0
2448,2021-10-26,35.0,35.0,35.0,35.0,0
2449,2021-10-27,35.0,35.0,35.0,35.0,0
2450,2021-10-28,35.0,35.0,35.0,35.0,0
2451,2021-10-29,35.0,35.0,35.0,35.0,0
2452,2021-11-01,35.0,35.0,35.0,35.0,0
2453,2021-11-02,35.0,35.0,35.0,35.0,0
2454,2021-11-03,35.0,35.0,35.0,35.0,0
2455,2021-11-04,35.0,35.0,35.0,35.0,0
2456,2021-11-05,35.0,35.0,35.0,35.0,0
2457,2021-11-08,35.0,35.0,35.0,35.0,0
2458,2021-11-09,35.0,35.0,35.0,35.0,0
2459,2021-11-10,35.0,35.0,35.0,35.0,0
2460,2021-11-11,35.0,35.0,35.0,35.0,100
2461,2021-11-12,35.0,35.0,35.0,35.0,0
2462,2021-11-15,35.0,35.0,35.0,35.0,0
2463,2021-11-16,35.0,35.0,35.0,35.0,0
2464,2021-11-17,35.0,35.0,35.0,35.0,0
2465,2021-11-18,35.0,35.0,35.0,35.0,0
2466,2021-11-19,35.0,35.0,35.0,35.0,0
2467,2021-11-22,35.0,35.0,35.0,35.0,0
2468,2021-11-23,35.0,35.0,35.0,35.0,1
2469,2021-11-24,35.0,35.0,35.0,35.0,65
2470,2021-11-25,35.0,35.0,35.0,35.0,0
2471,2021-11-26,35.0,35.0,35.0,35.0,0
2472,2021-11-29,35.0,35.0,35.0,35.0,0
2473,2021-11-30,35.0,35.0,35.0,35.0,70
2474,2021-12-01,35.0,35.0,35.0,35.0,0
2475,2021-12-02,35.0,35.0,35.0,35.0,0
2476,2021-12-03,35.0,35.0,35.0,35.0,0
2477,2021-12-06,35.0,35.0,35.0,35.0,0
2478,2021-12-07,35.0,35.0,35.0,35.0,0
2479,2021-12-08,35.0,35.0,35.0,35.0,0
2480,2021-12-09,35.0,35.0,35.0,35.0,0
2481,2021-12-10,35.0,35.0,35.0,35.0,0
2482,2021-12-13,35.0,35.0,35.0,35.0,0
2483,2021-12-14,35.0,35.0,35.0,35.0,0
2484,2021-12-15,35.0,35.0,35.0,35.0,0
2485,2021-12-16,35.0,35.0,35.0,35.0,0
2486,2021-12-17,35.0,35.0,35.0,35.0,0
2487,2021-12-20,35.0,35.0,35.0,35.0,0
2488,2021-12-21,35.0,35.0,35.0,35.0,0
2489,2021-12-22,35.0,35.0,35.0,35.0,0
2490,2021-12-23,35.0,35.0,35.0,35.0,0
2491,2021-12-24,35.0,35.0,35.0,35.0,0
2492,2021-12-27,35.0,35.0,35.0,35.0,0
2493,2021-12-28,35.0,35.0,35.0,35.0,0
2494,2021-12-29,35.0,35.0,35.0,35.0,0
2495,2021-12-30,35.0,35.0,35.0,35.0,0
2496,2021-12-31,35.0,35.0,35.0,35.0,0
2497,2022-01-04,35.0,35.0,35.0,35.0,0
2498,2022-01-05,35.0,35.0,35.0,35.0,0
2499,2022-01-06,35.0,35.0,35.0,35.0,0
2500,2022-01-07,35.0,35.0,35.0,35.0,0
2501,2022-01-10,35.0,35.0,35.0,35.0,0
2502,2022-01-11,35.0,35.0,35.0,35.0,0
2503,2022-01-12,35.0,35.0,35.0,35.0,0
2504,2022-01-13,35.0,35.0,35.0,35.0,0
2505,2022-01-14,35.0,35.0,35.0,35.0,0
2506,2022-01-17,35.0,35.0,35.0,35.0,0
2507,2022-01-18,35.0,35.0,35.0,35.0,0
2508,2022-01-19,35.0,35.0,35.0,35.0,0
2509,2022-01-20,35.0,35.0,35.0,35.0,0
2510,2022-01-21,35.0,35.0,35.0,35.0,0
2511,2022-01-24,35.0,35.0,35.0,35.0,0
2512,2022-01-25,35.0,35.0,35.0,35.0,0
2513,2022-01-26,35.0,35.0,35.0,35.0,0
2514,2022-01-27,35.0,35.0,35.0,35.0,0
2515,2022-01-28,35.0,35.0,35.0,35.0,0
2516,2022-02-07,35.0,35.0,35.0,35.0,0
2517,2022-02-08,35.0,35.0,35.0,35.0,0
2518,2022-02-09,35.0,35.0,35.0,35.0,0
2519,2022-02-10,35.0,35.0,35.0,35.0,0
2520,2022-02-11,35.0,35.0,35.0,35.0,0
2521,2022-02-14,35.0,35.0,35.0,35.0,0
2522,2022-02-15,35.0,35.0,35.0,35.0,0
2523,2022-02-16,35.0,35.0,35.0,35.0,0
2524,2022-02-17,35.0,35.0,35.0,35.0,0
2525,2022-02-18,35.0,35.0,35.0,35.0,0
2526,2022-02-21,35.0,35.0,35.0,35.0,0
2527,2022-02-22,35.0,35.0,35.0,35.0,0
2528,2022-02-23,35.0,35.0,35.0,35.0,0
2529,2022-02-24,35.0,35.0,35.0,35.0,0
2530,2022-02-25,35.0,35.0,35.0,35.0,0
2531,2022-02-28,35.0,35.0,35.0,35.0,0
2532,2022-03-01,35.0,35.0,35.0,35.0,0
2533,2022-03-02,35.0,35.0,35.0,35.0,0
2534,2022-03-03,35.0,35.0,35.0,35.0,0
2535,2022-03-04,35.0,35.0,35.0,35.0,0
2536,2022-03-07,35.0,35.0,35.0,35.0,0
2537,2022-03-08,35.0,35.0,35.0,35.0,0
2538,2022-03-09,35.0,35.0,35.0,35.0,0
2539,2022-03-10,35.0,35.0,35.0,35.0,0
2540,2022-03-11,35.0,35.0,35.0,35.0,0
2541,2022-03-14,35.0,35.0,35.0,35.0,0
2542,2022-03-15,35.0,35.0,35.0,35.0,0
2543,2022-03-16,35.0,35.0,35.0,35.0,0
2544,2022-03-17,35.0,35.0,35.0,35.0,0
2545,2022-03-18,35.0,35.0,35.0,35.0,0
2546,2022-03-21,35.0,35.0,35.0,35.0,0
2547,2022-03-22,35.0,35.0,35.0,35.0,0
2548,2022-03-23,35.0,35.0,35.0,35.0,0
2549,2022-03-24,35.0,35.0,35.0,35.0,0
2550,2022-03-25,35.0,35.0,35.0,35.0,0
2551,2022-03-28,35.0,35.0,35.0,35.0,0
2552,2022-03-29,35.0,35.0,35.0,35.0,0
2553,2022-03-30,35.0,35.0,35.0,35.0,0
2554,2022-03-31,35.0,35.0,35.0,35.0,0
2555,2022-04-01,35.0,35.0,35.0,35.0,0
2556,2022-04-04,35.0,35.0,35.0,35.0,0
2557,2022-04-05,35.0,35.0,35.0,35.0,0
2558,2022-04-06,35.0,35.0,35.0,35.0,0
2559,2022-04-07,35.0,35.0,35.0,35.0,0
2560,2022-04-08,35.0,35.0,35.0,35.0,0
2561,2022-04-12,35.0,35.0,35.0,35.0,0
2562,2022-04-13,35.0,35.0,35.0,35.0,0
2563,2022-04-14,35.0,35.0,35.0,35.0,0
2564,2022-04-15,35.0,35.0,35.0,35.0,0
2565,2022-04-18,35.0,35.0,35.0,35.0,0
2566,2022-04-19,35.0,35.0,35.0,35.0,0
2567,2022-04-20,35.0,35.0,35.0,35.0,0
2568,2022-04-21,35.0,35.0,35.0,35.0,0
2569,2022-04-22,35.0,35.0,35.0,35.0,0
2570,2022-04-25,35.0,35.0,35.0,35.0,0
2571,2022-04-26,35.0,35.0,35.0,35.0,0
2572,2022-04-27,35.0,35.0,35.0,35.0,0
2573,2022-04-28,35.0,35.0,35.0,35.0,0
2574,2022-04-29,35.0,35.0,35.0,35.0,0
2575,2022-05-04,35.0,35.0,35.0,35.0,0
2576,2022-05-05,35.0,35.0,35.0,35.0,0
2577,2022-05-06,35.0,35.0,35.0,35.0,0
2578,2022-05-09,35.0,35.0,35.0,35.0,0
2579,2022-05-10,35.0,35.0,35.0,35.0,0
2580,2022-05-11,35.0,35.0,35.0,35.0,0
2581,2022-05-12,35.0,35.0,35.0,35.0,0
2582,2022-05-13,35.0,35.0,35.0,35.0,0
2583,2022-05-16,35.0,35.0,35.0,35.0,0
2584,2022-05-17,35.0,35.0,35.0,35.0,0
2585,2022-05-18,35.0,35.0,35.0,35.0,0
2586,2022-05-19,35.0,35.0,35.0,35.0,0
2587,2022-05-20,35.0,35.0,35.0,35.0,0
2588,2022-05-23,35.0,35.0,35.0,35.0,0
2589,2022-05-24,35.0,35.0,35.0,35.0,0
2590,2022-05-25,35.0,35.0,35.0,35.0,0
2591,2022-05-26,35.0,35.0,35.0,35.0,0
2592,2022-05-27,35.0,35.0,35.0,35.0,0
2593,2022-05-30,35.0,35.0,35.0,35.0,0
2594,2022-05-31,35.0,35.0,35.0,35.0,0
2595,2022-06-01,35.0,35.0,35.0,35.0,0
2596,2022-06-02,35.0,35.0,35.0,35.0,0
2597,2022-06-03,35.0,35.0,35.0,35.0,0
2598,2022-06-06,35.0,35.0,35.0,35.0,0
2599,2022-06-07,35.0,35.0,35.0,35.0,0
2600,2022-06-08,35.0,35.0,35.0,35.0,0
2601,2022-06-09,35.0,35.0,35.0,35.0,0
2602,2022-06-10,35.0,35.0,35.0,35.0,0
2603,2022-06-13,35.0,35.0,35.0,35.0,0
2604,2022-06-14,35.0,35.0,35.0,35.0,0
2605,2022-06-15,35.0,35.0,35.0,35.0,0
2606,2022-06-16,35.0,35.0,35.0,35.0,0
2607,2022-06-17,35.0,35.0,35.0,35.0,0
2608,2022-06-20,35.0,35.0,35.0,35.0,0
2609,2022-06-21,35.0,35.0,35.0,35.0,0
2610,2022-06-22,35.0,35.0,35.0,35.0,0
2611,2022-06-23,35.0,35.0,35.0,35.0,0
2612,2022-06-24,35.0,35.0,35.0,35.0,0
2613,2022-06-27,35.0,35.0,35.0,35.0,0
2614,2022-06-28,35.0,35.0,35.0,35.0,0
2615,2022-06-29,35.0,35.0,35.0,35.0,0
2616,2022-06-30,35.0,35.0,35.0,35.0,0
2617,2022-07-01,35.0,35.0,35.0,35.0,0
2618,2022-07-04,35.0,35.0,35.0,35.0,0
2619,2022-07-05,35.0,35.0,35.0,35.0,0
2620,2022-07-06,35.0,35.0,35.0,35.0,0
2621,2022-07-07,35.0,35.0,35.0,35.0,0
2622,2022-07-08,35.0,35.0,35.0,35.0,0
2623,2022-07-11,35.0,35.0,35.0,35.0,0
2624,2022-07-12,35.0,35.0,35.0,35.0,0
2625,2022-07-13,35.0,35.0,35.0,35.0,0
2626,2022-07-14,35.0,35.0,35.0,35.0,0
2627,2022-07-15,35.0,35.0,35.0,35.0,0
2628,2022-07-18,35.0,35.0,35.0,35.0,0
2629,2022-07-19,35.0,35.0,35.0,35.0,0
2630,2022-07-20,35.0,35.0,35.0,35.0,0
2631,2022-07-21,35.0,35.0,35.0,35.0,0
2632,2022-07-22,35.0,35.0,35.0,35.0,0
2633,2022-07-25,35.0,35.0,35.0,35.0,0
2634,2022-07-26,35.0,35.0,35.0,35.0,0
2635,2022-07-27,35.0,35.0,35.0,35.0,0
2636,2022-07-28,35.0,35.0,35.0,35.0,0
2637,2022-07-29,35.0,35.0,35.0,35.0,0
2638,2022-08-01,35.0,35.0,35.0,35.0,0
2639,2022-08-02,35.0,35.0,35.0,35.0,0
2640,2022-08-03,35.0,35.0,35.0,35.0,0
2641,2022-08-04,35.0,35.0,35.0,35.0,0
2642,2022-08-05,35.0,35.0,35.0,35.0,0
2643,2022-08-08,35.0,35.0,35.0,35.0,0
2644,2022-08-09,35.0,35.0,35.0,35.0,0
2645,2022-08-10,35.0,35.0,35.0,35.0,0
2646,2022-08-11,35.0,35.0,35.0,35.0,0
2647,2022-08-12,35.0,35.0,35.0,35.0,0
2648,2022-08-15,35.0,35.0,35.0,35.0,0
2649,2022-08-16,35.0,35.0,35.0,35.0,0
2650,2022-08-17,35.0,35.0,35.0,35.0,0
2651,2022-08-18,35.0,35.0,35.0,35.0,0
2652,2022-08-19,35.0,35.0,35.0,35.0,0
2653,2022-08-22,35.0,35.0,35.0,35.0,0
2654,2022-08-23,35.0,35.0,35.0,35.0,0
2655,2022-08-24,35.0,35.0,35.0,35.0,0
2656,2022-08-25,35.0,35.0,35.0,35.0,0
2657,2022-08-26,35.0,35.0,35.0,35.0,0
2658,2022-08-29,35.0,35.0,35.0,35.0,0
2659,2022-08-30,35.0,35.0,35.0,35.0,0
2660,2022-08-31,35.0,35.0,35.0,35.0,0
2661,2022-09-05,35.0,35.0,35.0,35.0,0
2662,2022-09-06,35.0,35.0,35.0,35.0,0
2663,2022-09-07,35.0,35.0,35.0,35.0,0
2664,2022-09-08,35.0,35.0,35.0,35.0,0
2665,2022-09-09,35.0,35.0,35.0,35.0,0
2666,2022-09-12,35.0,35.0,35.0,35.0,0
2667,2022-09-13,35.0,35.0,35.0,35.0,0
2668,2022-09-14,35.0,35.0,35.0,35.0,0
2669,2022-09-15,35.0,35.0,35.0,35.0,0
2670,2022-09-16,35.0,35.0,35.0,35.0,0
2671,2022-09-19,35.0,35.0,35.0,35.0,0
2672,2022-09-20,35.0,35.0,35.0,35.0,0
2673,2022-09-21,35.0,35.0,35.0,35.0,0
2674,2022-09-22,35.0,35.0,35.0,35.0,0
2675,2022-09-23,35.0,35.0,35.0,35.0,0
2676,2022-09-26,35.0,35.0,35.0,35.0,0
2677,2022-09-27,35.0,35.0,35.0,35.0,0
2678,2022-09-28,35.0,35.0,35.0,35.0,0
2679,2022-09-29,35.0,35.0,35.0,35.0,0
2680,2022-09-30,35.0,35.0,35.0,35.0,0
2681,2022-10-03,35.0,35.0,35.0,35.0,0
2682,2022-10-04,35.0,35.0,35.0,35.0,0
2683,2022-10-05,35.0,35.0,35.0,35.0,0
2684,2022-10-06,35.0,35.0,35.0,35.0,0
2685,2022-10-07,35.0,35.0,35.0,35.0,0
2686,2022-10-10,35.0,35.0,35.0,35.0,0
2687,2022-10-11,35.0,35.0,35.0,35.0,0
2688,2022-10-12,35.0,35.0,35.0,35.0,0
2689,2022-10-13,35.0,35.0,35.0,35.0,0
2690,2022-10-14,35.0,35.0,35.0,35.0,0
2691,2022-10-17,35.0,35.0,35.0,35.0,0
2692,2022-10-18,35.0,35.0,35.0,35.0,0
2693,2022-10-19,35.0,35.0,35.0,35.0,0
2694,2022-10-20,35.0,35.0,35.0,35.0,0
2695,2022-10-21,35.0,35.0,35.0,35.0,0
2696,2022-10-24,35.0,35.0,35.0,35.0,0
2697,2022-10-25,35.0,35.0,35.0,35.0,0
2698,2022-10-26,35.0,35.0,35.0,35.0,0
2699,2022-10-27,35.0,35.0,35.0,35.0,0
2700,2022-10-28,35.0,35.0,35.0,35.0,0
2701,2022-10-31,35.0,35.0,35.0,35.0,0
2702,2022-11-01,35.0,35.0,35.0,35.0,0
2703,2022-11-02,35.0,35.0,35.0,35.0,0
2704,2022-11-03,35.0,35.0,35.0,35.0,0
2705,2022-11-04,35.0,35.0,35.0,35.0,0
2706,2022-11-07,35.0,35.0,35.0,35.0,0
2707,2022-11-08,35.0,35.0,35.0,35.0,0
2708,2022-11-09,35.0,35.0,35.0,35.0,0
2709,2022-11-10,35.0,35.0,35.0,35.0,0
2710,2022-11-11,35.0,35.0,35.0,35.0,0
2711,2022-11-14,35.0,35.0,35.0,35.0,0
2712,2022-11-15,35.0,35.0,35.0,35.0,0
2713,2022-11-16,35.0,35.0,35.0,35.0,0
2714,2022-11-17,35.0,35.0,35.0,35.0,0
2715,2022-11-18,35.0,35.0,35.0,35.0,0
2716,2022-11-21,35.0,35.0,35.0,35.0,0
2717,2022-11-22,35.0,35.0,35.0,35.0,0
2718,2022-11-23,35.0,35.0,35.0,35.0,0
2719,2022-11-24,35.0,35.0,35.0,35.0,0
2720,2022-11-25,35.0,35.0,35.0,35.0,0
2721,2022-11-28,35.0,35.0,35.0,35.0,0
2722,2022-11-29,35.0,35.0,35.0,35.0,0
2723,2022-11-30,35.0,35.0,35.0,35.0,0
2724,2022-12-01,35.0,35.0,35.0,35.0,0
2725,2022-12-02,35.0,35.0,35.0,35.0,0
2726,2022-12-05,35.0,35.0,35.0,35.0,0
2727,2022-12-06,35.0,35.0,35.0,35.0,0
2728,2022-12-07,21.0,21.0,21.0,21.0,1000
2729,2022-12-08,21.0,21.0,21.0,21.0,80
2730,2022-12-09,24.1,24.1,24.1,24.1,100
2731,2022-12-12,24.1,24.1,24.1,24.1,37
2732,2022-12-13,24.1,24.1,24.1,24.1,47
2733,2022-12-14,24.1,24.1,24.1,24.1,0
2734,2022-12-15,24.1,24.1,24.1,24.1,0
2735,2022-12-16,24.1,24.1,24.1,24.1,0
2736,2022-12-19,24.1,24.1,24.1,24.1,0
2737,2022-12-20,24.1,24.1,24.1,24.1,0
2738,2022-12-21,24.1,24.1,24.1,24.1,36
2739,2022-12-22,24.1,24.1,24.1,24.1,0
2740,2022-12-23,24.1,24.1,24.1,24.1,0
2741,2022-12-26,24.1,24.1,24.1,24.1,0
2742,2022-12-27,24.1,24.1,24.1,24.1,0
2743,2022-12-28,24.1,24.1,24.1,24.1,0
2744,2022-12-29,24.1,24.1,24.1,24.1,0
2745,2022-12-30,24.1,24.1,24.1,24.1,0
2746,2023-01-03,24.1,24.1,24.1,24.1,0
2747,2023-01-04,24.1,24.1,24.1,24.1,0
2748,2023-01-05,24.1,24.1,24.1,24.1,0
2749,2023-01-06,24.1,24.1,24.1,24.1,0
2750,2023-01-09,24.1,24.1,24.1,24.1,0
2751,2023-01-10,24.1,24.1,24.1,24.1,0
2752,2023-01-11,24.1,24.1,24.1,24.1,0
2753,2023-01-12,24.1,24.1,24.1,24.1,0
2754,2023-01-13,24.1,24.1,24.1,24.1,0
2755,2023-01-16,24.1,24.1,24.1,24.1,0
2756,2023-01-17,24.1,24.1,24.1,24.1,0
2757,2023-01-18,24.1,24.1,24.1,24.1,0
2758,2023-01-19,24.1,24.1,24.1,24.1,0
2759,2023-01-27,24.1,24.1,24.1,24.1,0
2760,2023-01-30,24.1,24.1,24.1,24.1,0
2761,2023-01-31,24.1,24.1,24.1,24.1,0
2762,2023-02-01,24.1,24.1,24.1,24.1,0
2763,2023-02-02,24.1,24.1,24.1,24.1,0
2764,2023-02-03,24.1,24.1,24.1,24.1,0
2765,2023-02-06,24.1,24.1,24.1,24.1,0
2766,2023-02-07,24.1,24.1,24.1,24.1,0
2767,2023-02-08,24.1,24.1,24.1,24.1,0
2768,2023-02-09,24.1,24.1,24.1,24.1,0
2769,2023-02-10,24.1,24.1,24.1,24.1,0
2770,2023-02-13,24.1,24.1,24.1,24.1,0
2771,2023-02-14,24.1,24.1,24.1,24.1,0
2772,2023-02-15,24.1,24.1,24.1,24.1,0
2773,2023-02-16,24.1,24.1,24.1,24.1,0
2774,2023-02-17,24.1,24.1,24.1,24.1,0
2775,2023-02-20,24.1,24.1,24.1,24.1,0
2776,2023-02-21,24.1,24.1,24.1,24.1,0
2777,2023-02-22,24.1,24.1,24.1,24.1,0
2778,2023-02-23,24.1,24.1,24.1,24.1,0
2779,2023-02-24,33.7,33.7,33.7,33.7,100
2780,2023-02-27,33.7,33.7,33.7,33.7,0
2781,2023-02-28,33.7,33.7,33.7,33.7,0
2782,2023-03-01,33.7,33.7,33.7,33.7,0
2783,2023-03-02,33.7,33.7,33.7,33.7,0
2784,2023-03-03,37.0,37.0,37.0,37.0,100
2785,2023-03-06,37.0,37.0,37.0,37.0,0
2786,2023-03-07,37.0,37.0,37.0,37.0,0
2787,2023-03-08,37.0,37.0,37.0,37.0,0
2788,2023-03-09,37.0,37.0,37.0,37.0,0
2789,2023-03-10,37.0,37.0,37.0,37.0,0
2790,2023-03-13,37.0,37.0,37.0,37.0,0
2791,2023-03-14,37.0,37.0,37.0,37.0,0
2792,2023-03-15,37.0,37.0,37.0,37.0,0
2793,2023-03-16,37.0,37.0,37.0,37.0,0
2794,2023-03-17,37.0,37.0,37.0,37.0,0
2795,2023-03-20,37.0,37.0,37.0,37.0,0
2796,2023-03-21,37.0,37.0,37.0,37.0,0
2797,2023-03-22,37.0,37.0,37.0,37.0,0
2798,2023-03-23,37.0,37.0,37.0,37.0,0
2799,2023-03-24,37.0,37.0,37.0,37.0,0
2800,2023-03-27,37.0,37.0,37.0,37.0,0
2801,2023-03-28,37.0,37.0,37.0,37.0,0
2802,2023-03-29,37.0,37.0,37.0,37.0,0
2803,2023-03-30,37.0,37.0,37.0,37.0,0
2804,2023-03-31,37.0,37.0,37.0,37.0,0
2805,2023-04-03,37.0,37.0,37.0,37.0,0
2806,2023-04-04,37.0,37.0,37.0,37.0,0
2807,2023-04-05,37.0,37.0,37.0,37.0,0
2808,2023-04-06,37.0,37.0,37.0,37.0,0
2809,2023-04-07,37.0,37.0,37.0,37.0,0
2810,2023-04-10,37.0,37.0,37.0,37.0,0
2811,2023-04-11,37.0,37.0,37.0,37.0,0
2812,2023-04-12,37.0,37.0,37.0,37.0,0
2813,2023-04-13,37.0,37.0,37.0,37.0,0
2814,2023-04-14,37.0,37.0,37.0,37.0,0
2815,2023-04-17,37.0,37.0,37.0,37.0,0
2816,2023-04-18,37.0,37.0,37.0,37.0,0
2817,2023-04-19,37.0,37.0,37.0,37.0,0
2818,2023-04-20,37.0,37.0,37.0,37.0,0
2819,2023-04-21,37.0,37.0,37.0,37.0,0
2820,2023-04-24,37.0,37.0,37.0,37.0,0
2821,2023-04-25,37.0,37.0,37.0,37.0,0
2822,2023-04-26,37.0,37.0,37.0,37.0,0
2823,2023-04-27,37.0,37.0,37.0,37.0,0
2824,2023-04-28,37.0,37.0,37.0,37.0,0
2825,2023-05-04,37.0,37.0,37.0,37.0,0
2826,2023-05-05,37.0,37.0,37.0,37.0,0
2827,2023-05-08,37.0,37.0,37.0,37.0,0
2828,2023-05-09,37.0,37.0,37.0,37.0,0
2829,2023-05-10,37.0,37.0,37.0,37.0,0
2830,2023-05-11,37.0,37.0,37.0,37.0,0
2831,2023-05-12,37.0,37.0,37.0,37.0,0
2832,2023-05-15,37.0,37.0,37.0,37.0,100
2833,2023-05-16,37.0,37.0,37.0,37.0,0
2834,2023-05-17,37.0,37.0,37.0,37.0,0
2835,2023-05-18,37.0,37.0,37.0,37.0,0
2836,2023-05-19,37.0,37.0,37.0,37.0,0
2837,2023-05-22,37.0,37.0,37.0,37.0,0
2838,2023-05-23,37.0,37.0,37.0,37.0,0
2839,2023-05-24,37.0,37.0,37.0,37.0,0
2840,2023-05-25,37.0,37.0,37.0,37.0,0
2841,2023-05-26,37.0,37.0,37.0,37.0,0
2842,2023-05-29,37.0,37.0,37.0,37.0,0
2843,2023-05-30,37.0,37.0,37.0,37.0,0
2844,2023-05-31,37.0,37.0,37.0,37.0,0
2845,2023-06-01,37.0,37.0,37.0,37.0,0
2846,2023-06-02,37.0,37.0,37.0,37.0,0
2847,2023-06-05,37.0,37.0,37.0,37.0,0
2848,2023-06-06,37.0,37.0,37.0,37.0,0
2849,2023-06-07,37.0,37.0,37.0,37.0,0
2850,2023-06-08,37.0,37.0,37.0,37.0,0
2851,2023-06-09,37.0,37.0,37.0,37.0,0
2852,2023-06-12,37.0,37.0,37.0,37.0,0
2853,2023-06-13,37.0,37.0,37.0,37.0,0
2854,2023-06-14,37.0,37.0,37.0,37.0,0
2855,2023-06-15,37.0,37.0,37.0,37.0,0
2856,2023-06-16,37.0,37.0,37.0,37.0,0
2857,2023-06-19,37.0,37.0,37.0,37.0,0
2858,2023-06-20,37.0,37.0,37.0,37.0,0
2859,2023-06-21,37.0,37.0,37.0,37.0,0
2860,2023-06-22,37.0,37.0,37.0,37.0,0
2861,2023-06-23,37.0,37.0,37.0,37.0,0
2862,2023-06-26,37.0,37.0,37.0,37.0,0
2863,2023-06-27,37.0,37.0,37.0,37.0,0
2864,2023-06-28,37.0,37.0,37.0,37.0,0
2865,2023-06-29,37.0,37.0,37.0,37.0,0
2866,2023-06-30,37.0,37.0,37.0,37.0,0
2867,2023-07-03,37.0,37.0,37.0,37.0,0
2868,2023-07-04,37.0,37.0,37.0,37.0,0
2869,2023-07-05,37.0,37.0,37.0,37.0,0
2870,2023-07-06,37.0,37.0,37.0,37.0,0
2871,2023-07-07,37.0,37.0,37.0,37.0,0
2872,2023-07-10,37.0,37.0,37.0,37.0,0
2873,2023-07-11,37.0,37.0,37.0,37.0,0
2874,2023-07-12,37.0,37.0,37.0,37.0,0
2875,2023-07-13,37.0,37.0,37.0,37.0,0
2876,2023-07-14,37.0,37.0,37.0,37.0,0
2877,2023-07-17,37.0,37.0,37.0,37.0,0
2878,2023-07-18,37.0,37.0,37.0,37.0,0
2879,2023-07-19,37.0,37.0,37.0,37.0,0
2880,2023-07-20,37.0,37.0,37.0,37.0,0
2881,2023-07-21,37.0,37.0,37.0,37.0,0
2882,2023-07-24,37.0,37.0,37.0,37.0,0
2883,2023-07-25,37.0,37.0,37.0,37.0,0
2884,2023-07-26,37.0,37.0,37.0,37.0,0
2885,2023-07-27,37.0,37.0,37.0,37.0,0
2886,2023-07-28,37.0,37.0,37.0,37.0,0
2887,2023-07-31,37.0,37.0,37.0,37.0,0
2888,2023-08-01,37.0,37.0,37.0,37.0,0
2889,2023-08-02,37.0,37.0,37.0,37.0,0
2890,2023-08-03,37.0,37.0,37.0,37.0,0
2891,2023-08-04,37.0,37.0,37.0,37.0,0
2892,2023-08-07,37.0,37.0,37.0,37.0,0
2893,2023-08-08,37.0,37.0,37.0,37.0,0
2894,2023-08-09,37.0,37.0,37.0,37.0,0
2895,2023-08-10,37.0,37.0,37.0,37.0,0
2896,2023-08-11,37.0,37.0,37.0,37.0,0
2897,2023-08-14,37.0,37.0,37.0,37.0,0
2898,2023-08-15,37.0,37.0,37.0,37.0,0
2899,2023-08-16,37.0,37.0,37.0,37.0,0
2900,2023-08-17,37.0,37.0,37.0,37.0,0
2901,2023-08-18,37.0,37.0,37.0,37.0,0
2902,2023-08-21,37.0,37.0,37.0,37.0,0
2903,2023-08-22,37.0,37.0,37.0,37.0,0
2904,2023-08-23,37.0,37.0,37.0,37.0,0
2905,2023-08-24,37.0,37.0,37.0,37.0,0
2906,2023-08-25,37.0,37.0,37.0,37.0,0
2907,2023-08-28,37.0,37.0,37.0,37.0,0
2908,2023-08-29,37.0,37.0,37.0,37.0,0
2909,2023-08-30,37.0,37.0,37.0,37.0,0
2910,2023-08-31,37.0,37.0,37.0,37.0,0
2911,2023-09-05,37.0,37.0,37.0,37.0,0
2912,2023-09-06,37.0,37.0,37.0,37.0,0
2913,2023-09-07,37.0,37.0,37.0,37.0,0
2914,2023-09-08,37.0,37.0,37.0,37.0,0
2915,2023-09-11,37.0,37.0,37.0,37.0,0
2916,2023-09-12,37.0,37.0,37.0,37.0,0
2917,2023-09-13,37.0,37.0,37.0,37.0,0
2918,2023-09-14,37.0,37.0,37.0,37.0,0
2919,2023-09-15,37.0,37.0,37.0,37.0,0
2920,2023-09-18,37.0,37.0,37.0,37.0,0
2921,2023-09-19,37.0,37.0,37.0,37.0,0
2922,2023-09-20,37.0,37.0,37.0,37.0,0
2923,2023-09-21,37.0,37.0,37.0,37.0,0
2924,2023-09-22,37.0,37.0,37.0,37.0,0
2925,2023-09-25,37.0,37.0,37.0,37.0,0
2926,2023-09-26,37.0,37.0,37.0,37.0,0
2927,2023-09-27,37.0,37.0,37.0,37.0,0
2928,2023-09-28,37.0,37.0,37.0,37.0,0
2929,2023-09-29,37.0,37.0,37.0,37.0,0
2930,2023-10-02,37.0,37.0,37.0,37.0,0
2931,2023-10-03,37.0,37.0,37.0,37.0,0
2932,2023-10-04,37.0,37.0,37.0,37.0,0
2933,2023-10-05,37.0,37.0,37.0,37.0,0
2934,2023-10-06,37.0,37.0,37.0,37.0,0
2935,2023-10-09,37.0,37.0,37.0,37.0,0
2936,2023-10-10,37.0,37.0,37.0,37.0,0
2937,2023-10-11,37.0,37.0,37.0,37.0,0
2938,2023-10-12,37.0,37.0,37.0,37.0,0
2939,2023-10-13,37.0,37.0,37.0,37.0,0
2940,2023-10-16,37.0,37.0,37.0,37.0,0
2941,2023-10-17,37.0,37.0,37.0,37.0,0
2942,2023-10-18,37.0,37.0,37.0,37.0,0
2943,2023-10-19,37.0,37.0,37.0,37.0,0
2944,2023-10-20,37.0,37.0,37.0,37.0,0
2945,2023-10-23,37.0,37.0,37.0,37.0,0
2946,2023-10-24,37.0,37.0,37.0,37.0,0
2947,2023-10-25,37.0,37.0,37.0,37.0,0
2948,2023-10-26,37.0,37.0,37.0,37.0,0
2949,2023-10-27,37.0,37.0,37.0,37.0,0
2950,2023-10-30,37.0,37.0,37.0,37.0,0
2951,2023-10-31,37.0,37.0,37.0,37.0,0
2952,2023-11-01,37.0,37.0,37.0,37.0,0
2953,2023-11-02,37.0,37.0,37.0,37.0,0
2954,2023-11-03,37.0,37.0,37.0,37.0,0
2955,2023-11-06,37.0,37.0,37.0,37.0,0
2956,2023-11-07,37.0,37.0,37.0,37.0,0
2957,2023-11-08,37.0,37.0,37.0,37.0,0
2958,2023-11-09,37.0,37.0,37.0,37.0,0
2959,2023-11-10,37.0,37.0,37.0,37.0,0
2960,2023-11-13,37.0,37.0,37.0,37.0,0
2961,2023-11-14,37.0,37.0,37.0,37.0,0
2962,2023-11-15,37.0,37.0,37.0,37.0,0
2963,2023-11-16,37.0,37.0,37.0,37.0,0
2964,2023-11-17,37.0,37.0,37.0,37.0,0
2965,2023-11-20,37.0,37.0,37.0,37.0,0
2966,2023-11-21,37.0,37.0,37.0,37.0,0
2967,2023-11-22,37.0,37.0,37.0,37.0,0
2968,2023-11-23,37.0,37.0,37.0,37.0,0
2969,2023-11-24,37.0,37.0,37.0,37.0,0
2970,2023-11-27,37.0,37.0,37.0,37.0,0
2971,2023-11-28,37.0,37.0,37.0,37.0,0
2972,2023-11-29,37.0,37.0,37.0,37.0,0
2973,2023-11-30,37.0,37.0,37.0,37.0,0
2974,2023-12-01,37.0,37.0,37.0,37.0,0
2975,2023-12-04,37.0,37.0,37.0,37.0,0
2976,2023-12-05,37.0,37.0,37.0,37.0,0
2977,2023-12-06,37.0,37.0,37.0,37.0,0
2978,2023-12-07,37.0,37.0,37.0,37.0,0
2979,2023-12-08,37.0,37.0,37.0,37.0,0
2980,2023-12-11,37.0,37.0,37.0,37.0,0
2981,2023-12-12,37.0,37.0,37.0,37.0,0
2982,2023-12-13,37.0,37.0,37.0,37.0,0
2983,2023-12-14,37.0,37.0,37.0,37.0,0
2984,2023-12-15,37.0,37.0,37.0,37.0,0
2985,2023-12-18,37.0,37.0,37.0,37.0,0
2986,2023-12-19,37.0,37.0,37.0,37.0,0
2987,2023-12-20,37.0,37.0,37.0,37.0,0
2988,2023-12-21,37.0,37.0,37.0,37.0,0
2989,2023-12-22,37.0,37.0,37.0,37.0,0
2990,2023-12-25,37.0,37.0,37.0,37.0,0
2991,2023-12-26,37.0,37.0,37.0,37.0,0
2992,2023-12-27,37.0,37.0,37.0,37.0,0
2993,2023-12-28,37.0,37.0,37.0,37.0,0
2994,2023-12-29,37.0,37.0,37.0,37.0,0
2995,2024-01-02,37.0,37.0,37.0,37.0,0
2996,2024-01-03,37.0,37.0,37.0,37.0,0
2997,2024-01-04,37.0,37.0,37.0,37.0,0
2998,2024-01-05,37.0,37.0,37.0,37.0,0
2999,2024-01-08,37.0,37.0,37.0,37.0,0
3000,2024-01-09,37.0,37.0,37.0,37.0,0
3001,2024-01-10,37.0,37.0,37.0,37.0,0
3002,2024-01-11,37.0,37.0,37.0,37.0,0
3003,2024-01-12,37.0,37.0,37.0,37.0,0
3004,2024-01-15,37.0,37.0,37.0,37.0,0
3005,2024-01-16,37.0,37.0,37.0,37.0,0
3006,2024-01-17,37.0,37.0,37.0,37.0,0
3007,2024-01-18,37.0,37.0,37.0,37.0,0
3008,2024-01-19,37.0,37.0,37.0,37.0,0
3009,2024-01-22,37.0,37.0,37.0,37.0,0
3010,2024-01-23,37.0,37.0,37.0,37.0,0
3011,2024-01-24,37.0,37.0,37.0,37.0,0
3012,2024-01-25,37.0,37.0,37.0,37.0,0
3013,2024-01-26,37.0,37.0,37.0,37.0,0
3014,2024-01-29,37.0,37.0,37.0,37.0,0
3015,2024-01-30,37.0,37.0,37.0,37.0,0
3016,2024-01-31,37.0,37.0,37.0,37.0,0
3017,2024-02-01,37.0,37.0,37.0,37.0,0
3018,2024-02-02,37.0,37.0,37.0,37.0,0
3019,2024-02-05,37.0,37.0,37.0,37.0,0
3020,2024-02-06,37.0,37.0,37.0,37.0,0
3021,2024-02-07,37.0,37.0,37.0,37.0,0
3022,2024-02-15,37.0,37.0,37.0,37.0,0
3023,2024-02-16,37.0,37.0,37.0,37.0,0
3024,2024-02-19,37.0,37.0,37.0,37.0,0
3025,2024-02-20,37.0,37.0,37.0,37.0,0
3026,2024-02-21,37.0,37.0,37.0,37.0,0
3027,2024-02-22,37.0,37.0,37.0,37.0,0
3028,2024-02-23,37.0,37.0,37.0,37.0,0
3029,2024-02-26,37.0,37.0,37.0,37.0,0
3030,2024-02-27,37.0,37.0,37.0,37.0,0
3031,2024-02-28,37.0,37.0,37.0,37.0,0
3032,2024-02-29,37.0,37.0,37.0,37.0,0
3033,2024-03-01,37.0,37.0,37.0,37.0,0
3034,2024-03-04,37.0,37.0,37.0,37.0,0
3035,2024-03-05,37.0,37.0,37.0,37.0,0
3036,2024-03-06,37.0,37.0,37.0,37.0,0
3037,2024-03-07,37.0,37.0,37.0,37.0,0
3038,2024-03-08,37.0,37.0,37.0,37.0,0
3039,2024-03-11,37.0,37.0,37.0,37.0,0
3040,2024-03-12,37.0,37.0,37.0,37.0,0
3041,2024-03-13,37.0,37.0,37.0,37.0,0
3042,2024-03-14,37.0,37.0,37.0,37.0,0
3043,2024-03-15,37.0,37.0,37.0,37.0,0
3044,2024-03-18,37.0,37.0,37.0,37.0,0
3045,2024-03-19,37.0,37.0,37.0,37.0,0
3046,2024-03-20,37.0,37.0,37.0,37.0,0
3047,2024-03-21,37.0,37.0,37.0,37.0,0
3048,2024-03-22,37.0,37.0,37.0,37.0,0
3049,2024-03-25,37.0,37.0,37.0,37.0,0
3050,2024-03-26,37.0,37.0,37.0,37.0,0
3051,2024-03-27,37.0,37.0,37.0,37.0,0
3052,2024-03-28,37.0,37.0,37.0,37.0,0
3053,2024-03-29,37.0,37.0,37.0,37.0,0
3054,2024-04-01,37.0,37.0,37.0,37.0,0
3055,2024-04-02,37.0,37.0,37.0,37.0,0
3056,2024-04-03,37.0,37.0,37.0,37.0,0
3057,2024-04-04,37.0,37.0,37.0,37.0,0
3058,2024-04-05,37.0,37.0,37.0,37.0,0
3059,2024-04-08,37.0,37.0,37.0,37.0,0
3060,2024-04-09,37.0,37.0,37.0,37.0,0
3061,2024-04-10,37.0,37.0,37.0,37.0,0
3062,2024-04-11,37.0,37.0,37.0,37.0,0
3063,2024-04-12,37.0,37.0,37.0,37.0,0
3064,2024-04-15,37.0,37.0,37.0,37.0,0
3065,2024-04-16,37.0,37.0,37.0,37.0,0
3066,2024-04-17,37.0,37.0,37.0,37.0,0
3067,2024-04-19,37.0,37.0,37.0,37.0,0
3068,2024-04-22,37.0,37.0,37.0,37.0,0
3069,2024-04-23,37.0,37.0,37.0,37.0,0
3070,2024-04-24,37.0,37.0,37.0,37.0,0
3071,2024-04-25,37.0,37.0,37.0,37.0,0
3072,2024-04-26,37.0,37.0,37.0,37.0,0
3073,2024-05-02,37.0,37.0,37.0,37.0,0
3074,2024-05-03,37.0,37.0,37.0,37.0,0
3075,2024-05-06,37.0,37.0,37.0,37.0,0
3076,2024-05-07,37.0,37.0,37.0,37.0,0
3077,2024-05-08,37.0,37.0,37.0,37.0,0
3078,2024-05-09,37.0,37.0,37.0,37.0,0
3079,2024-05-10,37.0,37.0,37.0,37.0,0
3080,2024-05-13,37.0,37.0,37.0,37.0,0
3081,2024-05-14,37.0,37.0,37.0,37.0,0
3082,2024-05-15,37.0,37.0,37.0,37.0,0
3083,2024-05-16,37.0,37.0,37.0,37.0,0
3084,2024-05-17,37.0,37.0,37.0,37.0,0
3085,2024-05-20,37.0,37.0,37.0,37.0,0
3086,2024-05-21,37.0,37.0,37.0,37.0,0
3087,2024-05-22,37.0,37.0,37.0,37.0,0
3088,2024-05-23,37.0,37.0,37.0,37.0,0
3089,2024-05-24,37.0,37.0,37.0,37.0,0
3090,2024-05-27,37.0,37.0,37.0,37.0,0
3091,2024-05-28,37.0,37.0,37.0,37.0,0
3092,2024-05-29,37.0,37.0,37.0,37.0,0
3093,2024-05-30,37.0,37.0,37.0,37.0,0
3094,2024-05-31,37.0,37.0,37.0,37.0,0
3095,2024-06-03,37.0,37.0,37.0,37.0,0
3096,2024-06-04,37.0,37.0,37.0,37.0,0
3097,2024-06-05,37.0,37.0,37.0,37.0,0
3098,2024-06-06,37.0,37.0,37.0,37.0,0
3099,2024-06-07,37.0,37.0,37.0,37.0,0
3100,2024-06-10,37.0,37.0,37.0,37.0,0
3101,2024-06-11,37.0,37.0,37.0,37.0,0
3102,2024-06-12,37.0,37.0,37.0,37.0,0
3103,2024-06-13,37.0,37.0,37.0,37.0,0
3104,2024-06-14,37.0,37.0,37.0,37.0,0
3105,2024-06-17,37.0,37.0,37.0,37.0,0
3106,2024-06-18,37.0,37.0,37.0,37.0,0
3107,2024-06-19,37.0,37.0,37.0,37.0,0
3108,2024-06-20,37.0,37.0,37.0,37.0,0
3109,2024-06-21,37.0,37.0,37.0,37.0,0
3110,2024-06-24,37.0,37.0,37.0,37.0,0
3111,2024-06-25,37.0,37.0,37.0,37.0,0
3112,2024-06-26,37.0,37.0,37.0,37.0,0
3113,2024-06-27,37.0,37.0,37.0,37.0,0
3114,2024-06-28,37.0,37.0,37.0,37.0,0
3115,2024-07-01,37.0,37.0,37.0,37.0,0
3116,2024-07-02,37.0,37.0,37.0,37.0,0
3117,2024-07-03,37.0,37.0,37.0,37.0,0
3118,2024-07-04,37.0,37.0,37.0,37.0,0
3119,2024-07-05,37.0,37.0,37.0,37.0,0
3120,2024-07-08,37.0,37.0,37.0,37.0,0
3121,2024-07-09,37.0,37.0,37.0,37.0,0
3122,2024-07-10,37.0,37.0,37.0,37.0,0
3123,2024-07-11,37.0,37.0,37.0,37.0,0
3124,2024-07-12,37.0,37.0,37.0,37.0,0
3125,2024-07-15,37.0,37.0,37.0,37.0,0
3126,2024-07-16,37.0,37.0,37.0,37.0,0
3127,2024-07-17,37.0,37.0,37.0,37.0,0
3128,2024-07-18,37.0,37.0,37.0,37.0,0
3129,2024-07-19,37.0,37.0,37.0,37.0,0
3130,2024-07-22,37.0,37.0,37.0,37.0,0
3131,2024-07-23,37.0,37.0,37.0,37.0,0
3132,2024-07-24,37.0,37.0,37.0,37.0,0
3133,2024-07-25,37.0,37.0,37.0,37.0,0
3134,2024-12-02,51.8,51.8,51.8,51.8,100
3135,2025-06-24,72.5,72.5,72.5,72.5,100
